13:35:13.248,472872,11.96,11.76,11.55,11.34,-5.65,11.02,-1.33
13:35:13.350,472974,11.96,11.85,11.48,11.28,-7.06,13.77,-0.86
13:35:13.452,473076,11.94,11.87,11.47,11.31,-3.30,6.75,0.94
13:35:13.555,473179,11.94,11.87,11.47,11.31,-1.26,6.86,-2.08
13:35:13.657,473281,11.89,11.71,11.54,11.25,0.55,5.37,-4.35
13:35:13.759,473383,12.10,11.72,11.54,11.25,-1.65,8.28,-3.06
13:35:13.862,473486,12.10,11.72,11.58,11.35,-0.35,10.79,-0.63
13:35:13.964,473588,12.02,11.76,11.60,11.35,-0.86,10.43,0.12
13:35:14.066,473690,12.02,11.76,11.60,11.35,-0.43,9.65,-0.75
13:35:14.169,473792,12.02,11.76,11.60,11.35,-0.86,10.16,-0.55
13:35:14.271,473895,12.07,11.75,11.68,11.35,-0.35,9.65,-1.14
13:35:14.374,473997,12.07,11.75,11.68,11.35,-0.43,10.04,-0.90
13:35:14.475,474099,12.06,11.71,11.66,11.37,-0.43,9.96,-1.29
13:35:14.578,474202,12.10,11.74,11.66,11.37,-0.47,10.08,-1.06
13:35:14.680,474304,12.10,11.74,11.67,11.38,-0.82,9.77,-1.29
13:35:14.783,474406,12.07,11.74,11.66,11.35,-0.43,10.00,-1.06
13:35:14.885,474509,12.07,11.74,11.66,11.35,-0.59,9.96,-0.94
13:35:14.987,474611,12.06,11.78,11.65,11.37,-0.59,9.92,-0.94
13:35:15.090,474713,12.07,11.77,11.64,11.37,-0.51,9.89,-1.18
13:35:15.193,474816,12.07,11.77,11.64,11.42,-0.39,9.85,-1.22
13:35:15.294,474918,12.04,11.73,11.63,11.35,-0.16,9.92,-0.90
13:35:15.397,475020,11.98,11.73,11.63,11.35,-0.55,9.85,-0.98
13:35:15.499,475123,11.98,11.72,11.61,11.37,-0.04,10.32,-0.94
13:35:15.601,475225,12.03,11.71,11.63,11.43,-0.31,9.96,-0.98
13:35:15.704,475327,12.03,11.71,11.63,11.43,-0.47,9.81,-1.18
13:35:15.805,475429,12.01,11.69,11.64,11.35,-0.31,9.85,-1.06
13:35:15.908,475532,12.01,11.73,11.64,11.35,-0.35,10.32,-0.82
13:35:16.010,475634,12.01,11.73,11.65,11.40,-0.51,9.81,-1.14
13:35:16.113,475736,12.05,11.73,11.72,11.38,-0.39,9.96,-0.94
13:35:16.215,475839,12.03,11.73,11.72,11.38,-0.51,9.96,-1.02
13:35:16.317,475941,12.03,11.73,11.65,11.36,-0.47,9.77,-0.98
13:35:16.420,476043,12.03,11.72,11.68,11.36,-0.35,10.00,-0.94
13:35:16.522,476146,12.03,11.72,11.68,11.36,-0.59,10.08,-0.94
13:35:16.624,476248,12.06,11.76,11.64,11.38,-0.43,9.92,-0.86
13:35:16.727,476351,12.02,11.71,11.64,11.38,-0.27,10.08,-0.78
13:35:16.829,476452,12.02,11.71,11.62,11.37,-0.39,9.92,-0.86
13:35:16.931,476555,12.05,11.76,11.65,11.37,-0.35,10.04,-0.75
13:35:17.034,476657,12.05,11.76,11.65,11.37,-0.27,9.92,-1.14
13:35:17.136,476759,12.05,11.73,11.69,11.37,-0.47,9.92,-0.63
13:35:17.238,476862,12.08,11.76,11.66,11.37,-0.35,10.08,-0.75
13:35:17.340,476964,12.08,11.76,11.66,11.37,-0.04,9.92,-0.86
13:35:17.443,477066,12.04,11.70,11.67,11.40,-0.43,10.04,-0.75
13:35:17.545,477168,12.04,11.70,11.67,11.40,-0.31,9.96,-0.59
13:35:17.647,477271,12.04,11.70,11.67,11.40,-0.24,10.04,-0.90
13:35:17.750,477374,11.99,11.73,11.67,11.41,-0.59,9.89,-1.10
13:35:17.852,477476,11.99,11.73,11.67,11.41,-0.35,10.00,-0.63
13:35:17.954,477578,12.00,11.68,11.64,11.38,-0.20,10.04,-0.75
13:35:18.057,477681,12.02,11.76,11.64,11.38,-0.35,9.92,-1.02
13:35:18.159,477783,12.02,11.76,11.64,11.36,-0.20,10.00,-0.71
13:35:18.261,477885,11.99,11.78,11.63,11.37,-0.24,10.08,-0.67
13:35:18.364,477987,11.99,11.78,11.63,11.37,-0.24,10.12,-0.71
13:35:18.466,478089,12.00,11.76,11.66,11.43,-0.43,10.00,-0.75
13:35:18.568,478192,11.93,11.76,11.64,11.43,-0.43,9.89,-0.75
13:35:18.671,478295,11.93,11.76,11.64,11.43,-0.51,9.81,-0.94
13:35:18.773,478396,11.93,11.62,11.64,11.40,-0.12,9.34,-0.16
13:35:18.875,478499,11.96,11.67,11.64,11.40,0.31,10.94,-0.43
13:35:18.977,478601,11.96,11.67,11.67,11.46,0.20,10.94,0.16
13:35:19.080,478703,11.91,11.73,11.64,11.40,0.75,9.53,-0.39
13:35:19.182,478806,11.91,11.73,11.64,11.40,0.31,10.12,-0.20
13:35:19.284,478908,11.87,11.78,11.60,11.40,0.08,10.04,-0.51
13:35:19.387,479011,11.83,11.84,11.58,11.40,-0.86,11.89,-0.98
13:35:19.489,479113,11.83,11.84,11.58,11.49,0.35,11.18,1.06
13:35:19.591,479215,11.75,11.94,11.49,11.60,-0.63,8.98,1.33
13:35:19.694,479317,11.64,11.94,11.49,11.60,-2.71,10.59,-1.02
13:35:19.796,479420,11.64,11.99,11.42,11.64,-1.29,8.51,-0.59
13:35:19.898,479522,11.60,12.06,11.39,11.73,-1.29,8.28,-0.55
13:35:20.001,479625,11.60,12.06,11.39,11.73,-2.35,9.77,-0.67
13:35:20.103,479726,11.57,12.10,11.31,11.84,-0.55,13.18,-0.98
13:35:20.205,479829,11.49,12.21,11.31,11.84,-0.04,10.28,2.51
13:35:20.308,479931,11.49,12.21,11.22,11.94,1.10,10.90,0.24
13:35:20.409,480033,11.38,12.25,11.18,12.05,0.39,8.90,0.04
13:35:20.513,480136,11.16,12.25,11.18,12.05,0.20,8.28,-0.47
13:35:20.614,480238,11.16,12.29,11.09,12.19,-0.75,8.79,-0.39
13:35:20.717,480340,11.21,12.42,11.09,12.19,-0.47,13.53,-1.26
13:35:20.820,480443,11.21,12.42,11.09,12.29,-2.82,11.77,-1.77
13:35:20.921,480545,11.16,12.45,10.90,12.34,0.24,5.69,0.39
13:35:21.023,480647,11.16,12.45,10.90,12.34,-1.29,11.49,-0.31
13:35:21.124,480748,11.16,12.45,10.90,12.34,-0.27,9.57,0.24
13:35:21.226,480850,11.03,12.76,10.89,12.60,-2.00,7.14,0.20
13:35:21.329,480953,11.03,12.76,10.89,12.60,-2.94,11.10,-0.94
13:35:21.431,481055,11.00,15.83,10.73,12.69,-2.47,10.71,-0.31
13:35:21.532,481156,10.94,13.01,10.83,12.69,-4.04,12.71,1.80
13:35:21.634,481257,10.94,13.01,10.83,12.79,-3.22,7.26,0.08
13:35:21.736,481359,10.81,13.13,10.65,12.86,-2.39,9.57,0.16
13:35:21.838,481462,10.79,13.13,10.65,12.86,-1.37,8.90,0.47
13:35:21.940,481564,10.79,13.14,10.62,12.86,-1.73,9.96,0.86
13:35:22.043,481667,10.74,13.24,10.63,12.89,-1.41,10.71,0.51
13:35:22.146,481769,10.74,13.24,10.63,12.89,-2.59,10.36,-0.31
13:35:22.247,481871,10.71,13.26,10.64,13.03,-2.55,9.61,0.43
13:35:22.350,481974,10.71,13.42,10.64,13.03,-2.71,8.83,0.24
13:35:22.452,482076,10.71,13.42,10.55,13.10,-3.30,10.75,-0.31
13:35:22.554,482178,10.67,13.46,10.54,13.12,-2.43,8.59,0.12
13:35:22.657,482280,10.67,13.46,10.54,13.12,-2.86,10.16,0.55
13:35:22.759,482382,10.65,13.45,10.53,13.19,-1.77,10.90,-0.94
13:35:22.860,482484,10.65,13.45,10.53,13.19,-1.53,7.69,-0.27
13:35:22.963,482586,10.65,13.45,10.53,13.19,-2.28,11.02,-0.08
13:35:23.064,482688,10.62,13.50,10.50,13.21,-1.49,9.34,-0.39
13:35:23.167,482790,10.68,13.50,10.50,13.21,-1.69,10.00,-0.35
13:35:23.269,482893,10.68,13.50,10.47,13.27,-1.77,9.41,-0.78
13:35:23.371,482995,10.70,13.53,10.49,13.24,-1.65,9.73,-0.82
13:35:23.474,483097,10.70,13.53,10.49,13.24,-2.94,9.89,-0.67
13:35:23.576,483199,10.69,23.40,10.50,13.17,-0.63,9.41,-0.27
13:35:23.678,483302,10.73,23.40,10.50,13.17,-1.49,11.34,-0.55
13:35:23.780,483403,10.73,23.40,10.47,13.19,-1.88,9.81,-0.94
13:35:23.882,483505,10.73,23.40,10.42,13.11,-1.57,9.53,-0.94
13:35:23.984,483608,10.73,23.40,10.42,13.11,-1.41,9.45,-0.59
13:35:24.086,483710,10.60,18.63,10.40,13.03,-2.67,8.98,-1.26
13:35:24.189,483812,10.68,21.98,10.32,13.03,-2.39,8.90,-1.26
13:35:24.291,483915,10.68,21.98,10.32,12.81,-1.29,10.83,-2.43
13:35:24.393,484017,10.81,25.34,10.13,12.82,-3.45,12.32,-0.27
13:35:24.495,484119,10.81,25.34,10.13,12.82,-4.04,7.73,-0.67
13:35:24.596,484220,10.81,25.34,10.13,12.82,-2.51,9.81,-0.86
13:35:24.699,484322,11.33,23.78,10.02,12.65,-2.82,7.92,-1.22
13:35:24.801,484425,11.33,23.78,10.02,12.65,-2.51,8.32,-1.41
13:35:24.903,484527,11.43,13.82,9.94,12.63,-3.06,8.98,-1.65
13:35:25.004,484628,11.46,16.64,9.81,12.63,-3.06,11.06,-1.84
13:35:25.106,484730,11.46,16.64,9.81,12.60,-4.98,12.24,-1.65
13:35:25.208,484832,13.21,19.76,9.69,12.59,-2.63,5.96,-0.39
13:35:25.311,484934,11.71,19.76,9.69,12.59,-2.55,9.45,-0.51
13:35:25.413,485037,11.71,18.42,9.62,12.59,-1.84,9.49,-0.04
13:35:25.515,485139,11.90,14.31,9.42,12.52,-2.00,8.32,-0.47
13:35:25.618,485241,11.90,14.31,9.42,12.52,-3.10,10.67,-1.53
13:35:25.720,485343,12.00,14.42,9.28,12.44,-0.90,11.14,-2.82
13:35:25.822,485446,19.08,14.47,9.28,12.44,-2.63,11.85,1.26
13:35:25.924,485548,19.08,14.47,9.18,12.40,-3.80,9.34,-1.22
13:35:26.027,485650,27.59,16.29,9.10,12.28,-2.31,7.77,-1.37
13:35:26.129,485753,27.59,16.29,9.10,12.28,-2.28,7.88,-0.86
13:35:26.231,485855,25.24,14.86,8.91,12.17,-3.80,9.34,-0.63
13:35:26.334,485957,26.22,20.13,8.80,12.17,-2.35,11.45,-1.18
13:35:26.436,486060,26.22,20.13,8.80,12.07,-2.55,12.40,2.86
13:35:26.538,486162,24.66,16.61,8.68,12.06,-1.65,10.63,-0.78
13:35:26.641,486265,26.31,20.32,8.68,12.06,-2.39,7.77,-1.49
13:35:26.743,486366,26.31,20.32,8.47,12.02,-2.39,8.67,0.31
13:35:26.845,486469,12.99,15.20,8.39,11.97,-2.00,8.59,-0.94
13:35:26.948,486571,12.99,15.20,8.39,11.97,-1.49,13.26,-0.16
13:35:27.050,486673,13.16,17.85,8.25,11.85,-4.39,10.79,-0.24
13:35:27.152,486776,24.65,20.49,8.21,11.85,-2.24,8.04,-0.59
13:35:27.254,486878,24.65,20.49,8.21,11.84,-4.28,8.32,-0.78
13:35:27.357,486980,24.87,17.98,8.15,11.51,-2.71,10.40,0.08
13:35:27.459,487083,14.47,17.98,8.15,11.51,-4.00,8.43,0.00
13:35:27.562,487186,14.47,25.02,8.11,11.34,-3.02,9.85,-0.39
13:35:27.664,487288,14.47,25.02,8.11,11.34,-3.10,9.10,-0.63
13:35:27.766,487390,14.47,25.02,8.11,11.34,-2.51,10.08,-0.51
13:35:27.868,487492,20.31,20.63,8.05,11.23,-3.06,9.49,-0.63
13:35:27.970,487593,20.31,20.63,8.05,11.23,-1.84,9.73,-0.67
13:35:28.071,487695,20.31,20.63,8.05,11.23,-2.59,9.34,-0.67
13:35:28.173,487797,20.34,23.14,8.00,11.47,-2.16,9.96,-0.86
13:35:28.276,487900,20.34,23.14,8.00,11.47,-2.55,9.65,-0.59
13:35:28.378,488002,24.73,20.64,7.92,11.56,-2.24,9.65,-1.06
13:35:28.481,488104,24.66,20.68,7.90,11.56,-2.55,9.61,-1.06
13:35:28.583,488207,24.66,20.68,7.90,11.55,-2.20,9.61,-0.98
13:35:28.685,488309,24.69,20.65,7.90,11.69,-2.55,9.61,-0.94
13:35:28.788,488411,24.94,20.65,7.90,11.69,-2.55,9.49,-0.86
13:35:28.890,488513,24.94,20.64,7.91,11.63,-2.43,9.30,-1.26
13:35:28.992,488616,24.65,20.64,7.89,11.57,-2.59,9.30,-1.14
13:35:29.095,488718,24.65,20.64,7.89,11.57,-2.20,9.81,-0.63
13:35:29.196,488820,25.10,20.66,7.95,11.66,-2.63,9.49,-1.02
13:35:29.299,488923,24.65,17.13,7.95,11.66,-2.39,9.45,-1.02
13:35:29.401,489025,24.65,17.13,7.92,11.63,-2.63,9.77,-0.94
13:35:29.503,489127,18.91,20.68,7.92,11.65,-2.35,9.38,-1.22
13:35:29.606,489230,13.35,20.68,7.92,11.65,-2.12,9.61,-0.98
13:35:29.708,489332,13.35,19.66,7.90,11.64,-1.92,9.49,-0.78
13:35:29.811,489434,24.32,15.67,7.97,11.58,-1.65,9.85,-0.20
13:35:29.913,489537,24.32,15.67,7.97,11.58,-0.94,10.08,-1.29
13:35:30.015,489639,18.87,15.45,8.01,11.63,-1.53,9.53,-0.47
13:35:30.116,489740,13.39,15.45,8.01,11.63,-1.65,9.57,-0.82
13:35:30.218,489841,13.39,15.45,8.01,11.57,-1.18,9.85,-1.22
13:35:30.320,489944,13.31,15.35,8.03,11.51,-1.96,9.45,0.08
13:35:30.423,490046,13.31,15.35,8.03,11.51,-2.90,10.04,1.22
13:35:30.525,490148,13.27,15.33,8.10,11.43,-3.06,10.98,0.67
13:35:30.627,490251,13.37,15.16,8.20,11.43,-3.18,9.10,0.35
13:35:30.729,490353,13.37,15.16,8.20,11.26,-3.30,9.77,-0.71
13:35:30.832,490455,13.36,15.16,8.18,11.25,-2.71,7.88,-1.61
13:35:30.934,490558,13.36,15.16,8.18,11.25,-3.69,9.06,-1.33
13:35:31.036,490660,13.36,15.13,8.08,11.24,-4.63,12.47,-0.94
13:35:31.139,490762,13.37,15.09,8.17,11.14,-3.65,12.04,0.75
13:35:31.241,490865,13.37,15.09,8.17,11.14,-1.96,9.10,-1.92
13:35:31.343,490967,13.49,14.98,8.19,10.93,-2.63,6.55,-1.33
13:35:31.444,491068,13.49,14.98,8.19,10.93,-2.24,7.26,-1.18
13:35:31.546,491170,13.49,14.98,8.19,10.93,-2.94,8.67,-1.29
13:35:31.648,491272,13.73,14.85,8.34,10.67,-2.71,13.18,-1.65
13:35:31.751,491374,13.73,14.85,8.34,10.67,-5.92,12.51,3.53
13:35:31.853,491476,13.69,14.74,8.44,10.50,-5.37,7.92,-0.27
13:35:31.956,491579,13.85,14.64,8.56,10.50,-1.96,7.22,-0.04
13:35:32.058,491682,13.85,14.64,8.56,10.30,-2.63,7.34,-0.78
13:35:32.160,491784,13.96,14.69,8.61,10.23,-4.20,9.85,-1.41
13:35:32.261,491885,14.03,14.58,8.61,10.23,-1.69,11.61,-0.51
13:35:32.363,491986,14.03,14.58,8.66,10.14,-2.67,6.51,-0.35
13:35:32.465,492089,14.13,14.53,8.80,9.98,-1.61,9.38,1.57
13:35:32.567,492191,14.13,14.53,8.80,9.98,-3.10,8.75,1.29
13:35:32.669,492293,14.16,14.47,13.48,9.86,-2.04,8.04,-0.78
13:35:32.772,492396,14.23,14.48,18.28,9.86,-3.45,11.73,-0.59
13:35:32.874,492498,14.23,14.48,18.28,9.75,-3.57,10.36,-2.16
13:35:32.976,492600,14.30,14.45,11.38,9.66,-2.71,9.22,1.10
13:35:33.079,492703,14.35,14.45,11.38,9.66,-4.31,8.00,1.18
13:35:33.181,492805,14.35,14.37,16.66,9.59,-2.79,11.22,0.63
13:35:33.284,492907,14.41,14.34,12.16,9.47,-4.63,7.65,-0.08
13:35:33.386,493010,14.41,14.34,12.16,9.47,-4.24,10.00,0.08
13:35:33.488,493112,14.41,14.30,18.43,9.42,-4.39,9.30,-0.43
13:35:33.589,493213,14.45,14.29,18.43,9.42,-2.67,7.92,-0.75
13:35:33.691,493315,14.45,14.29,9.69,9.32,-3.49,9.57,-0.90
13:35:33.793,493417,14.45,14.28,9.12,9.34,-3.06,9.89,-0.75
13:35:33.896,493519,14.45,14.28,9.12,9.34,-3.22,9.14,-0.82
13:35:33.998,493621,14.54,14.28,9.17,9.36,-3.30,9.18,-1.26
13:35:34.100,493724,14.54,14.24,9.19,9.36,-3.22,9.22,-0.98
13:35:34.203,493827,14.54,14.24,9.19,9.59,-2.94,9.18,-1.10
13:35:34.307,493930,14.57,14.27,9.22,9.26,-3.10,9.30,-1.06
13:35:34.409,494033,14.54,14.25,9.22,9.26,-3.02,9.34,-1.10
13:35:34.511,494135,14.54,14.25,9.23,8.95,-3.10,9.18,-1.37
13:35:34.613,494237,14.54,14.22,9.23,9.59,-3.41,9.38,-1.29
13:35:34.715,494339,14.54,14.22,9.23,9.59,-2.94,9.14,-1.14
13:35:34.818,494442,14.54,14.26,9.23,9.12,-3.26,9.10,-1.33
13:35:34.920,494544,14.54,14.26,9.23,9.12,-3.02,9.30,-1.22
13:35:35.023,494647,14.54,14.26,9.23,9.12,-3.18,9.65,-0.94
13:35:35.126,494749,14.58,14.30,9.25,9.56,-3.30,9.18,-1.06
13:35:35.228,494852,14.60,14.30,9.25,9.56,-2.94,9.18,-1.06
13:35:35.331,494954,14.60,14.29,9.21,9.55,-2.90,9.06,-0.94
13:35:35.433,495057,14.62,14.24,9.28,9.33,-2.55,9.65,-0.90
13:35:35.535,495159,14.62,14.24,9.28,9.33,-2.63,10.32,-1.14
13:35:35.637,495261,14.62,14.23,9.28,9.37,-2.71,8.75,-1.33
13:35:35.740,495364,14.68,14.26,9.28,9.37,-2.59,9.10,-1.18
13:35:35.842,495466,14.68,14.26,9.27,9.23,-2.75,9.14,-1.41
13:35:35.944,495568,14.70,14.21,9.31,9.17,-3.37,10.24,-2.24
13:35:36.047,495670,14.70,14.21,9.31,9.17,-3.22,10.16,-2.39
13:35:36.149,495772,14.74,14.23,9.40,9.13,-0.39,10.94,0.55
13:35:36.251,495875,14.76,14.12,9.48,9.13,-4.20,7.96,-0.08
13:35:36.354,495978,14.76,14.12,9.48,9.01,-2.04,9.92,-1.29
13:35:36.456,496079,14.77,14.08,9.59,8.95,-1.96,7.22,-0.71
13:35:36.558,496182,14.79,14.08,9.59,8.95,-3.22,8.90,-1.14
13:35:36.660,496284,14.79,14.08,9.70,8.95,-3.41,13.10,-2.39
13:35:36.763,496387,14.88,13.93,9.83,8.79,-2.51,11.85,-0.12
13:35:36.866,496489,14.88,13.93,9.83,8.79,-0.75,9.69,-2.35
13:35:36.967,496591,15.05,13.92,9.87,8.58,-1.84,7.65,-0.75
13:35:37.068,496692,15.09,13.87,9.87,8.58,-1.88,8.00,-0.94
13:35:37.170,496794,15.09,13.87,10.08,8.46,-2.67,9.69,-1.77
13:35:37.272,496896,15.20,13.75,10.24,8.31,-1.73,11.85,-3.06
13:35:37.375,496999,15.33,13.75,10.24,8.31,-3.30,11.57,3.06
13:35:37.477,497101,15.33,13.65,10.46,8.05,-6.24,9.41,-1.61
13:35:37.580,497203,15.45,13.61,10.59,7.86,-0.78,6.67,-2.28
13:35:37.682,497306,15.45,13.61,10.59,7.86,-2.51,6.71,-1.02
13:35:37.784,497408,15.44,13.52,10.63,7.92,-3.65,10.08,-1.77
13:35:37.885,497509,15.62,13.49,10.63,7.92,-2.59,12.40,-3.26
13:35:37.987,497610,15.62,13.49,10.81,7.78,-2.98,6.24,0.86
13:35:38.089,497713,15.69,13.46,10.94,7.62,0.27,11.10,0.59
13:35:38.192,497815,15.69,13.46,10.94,7.62,-2.43,8.12,0.00
13:35:38.293,497917,15.78,13.37,11.49,7.75,-1.45,8.39,-1.10
13:35:38.395,498019,15.78,13.37,11.49,7.75,-3.77,10.24,-1.22
13:35:38.497,498120,15.78,13.37,11.49,7.75,-3.49,10.08,-2.67
13:35:38.599,498222,15.84,13.28,20.33,7.63,-3.22,11.81,1.29
13:35:38.702,498325,15.90,13.28,20.33,7.63,-4.16,7.57,-0.51
13:35:38.803,498427,15.90,13.29,19.12,7.56,-3.02,10.59,0.71
13:35:38.906,498529,16.06,13.22,11.94,7.56,-3.65,8.79,0.90
13:35:39.009,498632,16.06,13.22,11.94,7.43,-2.79,10.08,-0.39
13:35:39.110,498734,16.12,13.18,17.07,7.51,-3.88,10.20,-0.24
13:35:39.213,498837,16.15,13.16,17.07,7.51,-2.55,7.92,-0.51
13:35:39.315,498939,16.15,13.16,17.00,7.49,-3.26,10.43,-0.86
13:35:39.417,499041,16.20,13.07,11.83,7.53,-3.41,9.22,-0.90
13:35:39.520,499143,16.20,13.07,11.83,7.53,-2.67,9.73,-0.51
13:35:39.622,499246,16.19,13.12,11.82,7.50,-3.14,9.38,-0.98
13:35:39.724,499348,16.23,13.09,11.87,7.50,-2.24,8.71,-1.53
13:35:39.826,499450,16.23,13.09,11.87,7.52,-2.94,9.10,-1.92
13:35:39.929,499552,16.27,13.07,11.85,7.53,-2.82,9.10,-1.45
13:35:40.031,499655,16.25,13.07,11.85,7.53,-2.79,9.41,-1.22
13:35:40.133,499757,16.25,13.08,11.87,7.52,-2.90,9.18,-1.53
13:35:40.236,499860,16.26,13.05,11.89,7.53,-2.71,9.30,-1.33
13:35:40.338,499962,16.26,13.05,11.89,7.53,-2.86,9.26,-1.45
13:35:40.440,500064,16.23,13.12,11.77,7.49,-2.86,9.41,-1.41
13:35:40.541,500165,16.24,13.04,11.77,7.49,-2.86,9.34,-1.41
13:35:40.643,500267,16.24,13.04,11.84,7.52,-2.67,9.38,-1.37
13:35:40.746,500369,16.24,13.03,11.81,7.53,-2.79,9.26,-1.49
13:35:40.848,500472,16.24,13.03,11.81,7.53,-2.63,9.38,-1.33
13:35:40.950,500574,16.25,13.06,11.83,7.49,-2.75,9.26,-1.26
13:35:41.053,500676,16.21,13.06,11.77,7.49,-2.55,9.45,-1.10
13:35:41.155,500779,16.21,13.06,11.77,7.49,-2.67,9.69,-0.94
13:35:41.257,500881,16.21,13.06,15.63,7.46,-2.75,9.41,-0.98
13:35:41.358,500982,16.24,13.09,15.63,7.46,-2.51,9.53,-1.14
13:35:41.460,501083,16.24,13.09,11.80,7.51,-2.71,9.57,-0.98
13:35:41.562,501186,16.26,13.11,18.40,7.54,-2.59,9.45,-1.06
13:35:41.665,501288,16.26,13.11,18.40,7.54,-2.55,9.65,-0.94
13:35:41.767,501390,16.26,13.10,17.81,7.51,-2.39,9.61,-0.63
13:35:41.868,501492,16.26,13.10,17.81,7.51,-1.41,9.65,-0.39
13:35:41.970,501593,16.26,13.10,17.81,7.51,-2.24,9.38,-1.22
13:35:42.072,501695,16.26,13.11,24.36,7.23,-2.12,10.75,-0.12
13:35:42.175,501798,16.19,13.11,24.36,7.23,-1.14,9.69,-0.31
13:35:42.277,501900,16.19,13.09,21.85,7.22,-1.37,9.41,-0.67
13:35:42.379,502003,16.11,13.05,15.74,7.32,-1.06,9.61,-1.22
13:35:42.482,502105,16.11,13.05,15.74,7.32,-2.51,9.89,-1.41
13:35:42.584,502207,15.99,12.96,18.38,7.43,-1.65,10.90,-1.18
13:35:42.686,502310,15.82,12.89,18.38,7.43,-2.79,12.04,1.22
13:35:42.789,502412,15.82,12.89,12.14,7.64,-3.96,9.02,1.02
13:35:42.890,502514,15.63,12.75,12.06,7.62,-2.20,9.85,-0.59
13:35:42.993,502617,15.63,12.75,12.06,7.62,-2.16,7.61,-0.94
13:35:43.095,502719,15.54,12.64,12.16,7.76,-3.02,8.39,-0.63
13:35:43.198,502821,15.43,12.53,12.19,7.76,-3.77,10.47,-1.02
13:35:43.301,502924,15.43,12.53,12.19,7.85,-3.06,11.30,-1.65
13:35:43.402,503026,15.40,12.36,12.32,7.99,-0.16,9.73,3.14
13:35:43.504,503128,15.30,12.36,12.32,7.99,-0.75,11.38,1.14
13:35:43.607,503230,15.30,12.19,16.55,8.22,-1.41,8.47,0.51
13:35:43.709,503333,15.04,12.01,12.56,8.37,-1.96,7.61,0.27
13:35:43.812,503435,15.04,12.01,12.56,8.37,-2.35,10.98,-0.82
13:35:43.913,503537,15.03,11.91,12.70,8.50,-2.86,11.69,-2.31
13:35:44.015,503639,15.03,11.91,12.70,8.50,-2.98,12.63,6.00
13:35:44.117,503740,15.03,11.91,12.70,8.50,-3.22,6.71,-1.49
13:35:44.219,503842,14.91,11.63,12.82,9.18,-1.73,10.75,0.59
13:35:44.321,503945,14.63,11.63,12.82,9.18,-2.75,7.34,0.00
13:35:44.423,504047,14.63,11.46,13.02,9.16,-3.92,8.51,-2.20
13:35:44.526,504149,14.56,11.29,15.63,9.16,-3.33,12.04,-2.00
13:35:44.629,504252,14.56,11.29,15.63,9.48,-1.73,9.10,4.04
13:35:44.730,504354,14.56,11.07,22.53,16.30,0.16,11.34,0.75
13:35:44.833,504456,14.41,10.96,22.53,16.30,-2.35,6.83,-0.08
13:35:44.935,504558,14.41,10.96,15.14,9.42,-1.88,9.45,0.04
13:35:45.037,504661,14.02,10.75,13.40,9.66,-4.24,10.24,-0.98
13:35:45.140,504763,14.02,10.75,13.40,9.66,-4.20,10.51,-1.26
13:35:45.242,504865,14.62,10.59,13.47,18.04,-2.63,13.06,4.00
13:35:45.343,504967,14.62,10.59,13.47,18.04,-4.67,9.81,1.41
13:35:45.445,505068,14.62,10.59,13.47,18.04,-3.92,7.37,-0.35
13:35:45.547,505170,13.76,10.34,13.69,10.08,-4.86,10.12,1.69
13:35:45.649,505273,13.69,10.34,13.69,10.08,-3.80,8.94,0.12
13:35:45.751,505375,13.69,10.24,13.78,10.18,-3.61,9.41,-0.63
13:35:45.854,505477,13.69,10.19,13.87,10.18,-3.80,9.34,0.39
13:35:45.957,505580,13.69,10.19,13.87,10.44,-4.12,8.47,-0.08
13:35:46.058,505682,13.71,10.15,24.98,23.44,-3.41,9.81,-0.04
13:35:46.161,505785,13.64,10.07,24.98,23.44,-3.33,9.02,-0.08
13:35:46.263,505886,13.64,10.07,21.42,10.45,-3.26,9.69,-0.24
13:35:46.365,505989,13.62,10.11,13.80,10.43,-3.69,9.14,-0.16
13:35:46.468,506091,13.62,10.11,13.80,10.43,-3.49,9.34,-0.20
13:35:46.570,506193,13.62,10.09,13.78,10.35,-3.37,9.41,-0.20
13:35:46.673,506296,13.60,10.10,13.74,10.35,-3.53,9.53,0.04
13:35:46.774,506398,13.60,10.10,13.74,10.41,-3.30,9.38,0.00
13:35:46.877,506500,13.63,10.10,13.71,10.40,-3.14,9.41,-0.12
13:35:46.979,506603,13.63,10.10,13.71,10.40,-3.33,9.26,-0.20
13:35:47.081,506704,13.63,10.10,17.89,10.40,-3.26,9.38,-0.16
13:35:47.183,506807,13.63,10.05,16.22,10.43,-3.18,9.49,-0.43
13:35:47.286,506909,13.63,10.05,16.22,10.43,-3.37,9.57,0.04
13:35:47.387,507011,13.67,10.08,16.23,10.38,-3.22,9.57,-0.12
13:35:47.490,507114,13.66,10.10,16.23,10.38,-3.02,9.69,-0.04
13:35:47.592,507216,13.66,10.10,20.34,10.31,-3.14,9.45,-0.04
13:35:47.694,507318,13.67,10.10,22.18,10.37,-3.10,9.61,-0.16
13:35:47.797,507421,13.67,10.10,22.18,10.37,-3.22,9.61,0.00
13:35:47.899,507522,13.70,10.06,15.56,10.37,-3.10,9.53,0.24
13:35:48.001,507625,13.70,10.06,15.56,10.37,-3.06,9.96,0.16
13:35:48.104,507727,13.70,10.06,15.56,10.37,-2.79,9.45,-0.08
13:35:48.205,507829,13.70,10.05,20.41,17.04,-2.98,9.53,-0.12
13:35:48.308,507932,13.67,10.03,20.41,17.04,-2.98,9.73,-0.04
13:35:48.410,508033,13.67,10.03,23.80,10.42,-3.06,9.38,0.00
13:35:48.513,508136,13.69,10.09,30.51,10.55,-3.10,9.73,0.12
13:35:48.615,508238,13.69,10.09,30.51,10.55,-3.10,9.45,0.04
13:35:48.717,508340,13.69,10.06,29.71,10.57,-2.82,9.45,0.08
13:35:48.818,508442,13.69,10.06,29.71,10.57,-2.82,10.12,0.20
13:35:48.920,508543,13.69,10.06,29.71,10.57,-3.06,9.18,-0.08
13:35:49.022,508645,13.57,10.00,14.07,10.57,-2.55,9.61,-0.04
13:35:49.125,508748,13.53,10.00,14.07,10.57,-2.59,11.02,-0.04
13:35:49.226,508850,13.53,9.99,13.93,10.59,-2.39,8.75,0.08
13:35:49.329,508953,13.40,9.97,13.96,23.72,-2.67,9.73,-0.04
13:35:49.432,509055,13.40,9.97,13.96,23.72,-2.75,9.85,-0.31
13:35:49.534,509157,13.92,9.92,14.03,12.38,-3.92,12.40,-0.67
13:35:49.636,509260,13.76,9.84,14.03,12.38,-4.24,10.32,0.12
13:35:49.738,509362,13.76,9.84,14.15,10.85,-2.63,6.32,0.16
13:35:49.841,509464,13.19,9.61,18.34,15.94,-4.67,10.40,0.08
13:35:49.943,509566,13.19,9.61,18.34,15.94,-1.41,8.04,-0.35
13:35:50.045,509668,13.17,9.46,15.98,12.35,-3.33,7.45,0.12
13:35:50.148,509771,13.24,9.30,20.20,12.35,-5.84,11.53,-0.71
13:35:50.250,509874,13.24,9.30,20.20,11.01,-3.37,10.98,-2.08
13:35:50.354,509977,12.91,9.17,14.58,11.18,-2.28,6.75,2.04
13:35:50.456,510080,12.94,9.03,14.58,11.18,-0.04,9.06,1.69
13:35:50.558,510182,12.94,9.03,14.71,23.97,-2.20,8.04,1.69
13:35:50.661,510284,12.92,8.81,18.79,12.84,-1.96,9.65,0.63
13:35:50.763,510387,12.92,8.81,18.79,12.84,-4.90,12.51,1.61
13:35:50.865,510489,13.21,8.73,15.02,24.03,-6.12,12.36,1.57
13:35:50.968,510591,12.71,8.49,15.15,24.03,-5.61,4.59,-2.28
13:35:51.070,510693,12.71,8.49,15.15,18.02,-0.86,10.12,1.53
13:35:51.172,510796,12.63,8.39,15.23,19.53,-2.75,7.81,1.88
13:35:51.275,510898,12.53,8.39,15.23,19.53,-4.47,9.65,-0.08
13:35:51.377,511000,12.53,8.18,15.41,24.37,-1.96,10.79,-0.24
13:35:51.479,511103,12.32,8.05,15.50,24.47,0.20,10.71,4.75
13:35:51.582,511205,12.32,8.05,15.50,24.47,-0.08,12.98,2.98
13:35:51.683,511307,12.29,7.99,15.68,12.46,-2.43,8.55,1.33
13:35:51.786,511410,12.73,7.84,15.68,12.46,-2.12,8.63,0.98
13:35:51.889,511512,12.73,7.84,15.77,18.85,-3.61,12.36,1.49
13:35:51.990,511614,12.49,7.74,15.94,25.32,-4.47,9.14,-1.49
13:35:52.093,511717,12.49,7.74,15.94,25.32,-0.55,10.12,1.77
13:35:52.195,511818,12.50,7.59,15.96,24.95,-4.28,8.32,2.28
13:35:52.296,511920,12.50,7.59,15.96,24.95,-3.53,11.49,1.84
13:35:52.399,512022,12.50,7.59,15.96,24.95,-2.79,7.92,1.29
13:35:52.500,512124,12.20,7.39,16.16,25.14,-3.80,10.24,0.43
13:35:52.603,512227,12.47,7.41,16.16,25.14,-3.22,9.30,1.10
13:35:52.705,512329,12.47,7.41,16.14,25.40,-3.49,10.00,0.90
13:35:52.807,512431,12.27,7.34,16.20,25.40,-2.67,8.75,1.02
13:35:52.909,512532,12.27,7.34,16.20,25.40,-3.69,11.02,1.33
13:35:53.011,512635,12.27,7.34,16.20,25.40,-2.43,8.55,-0.16
13:35:53.114,512737,12.22,7.22,16.28,25.40,-3.10,10.12,0.51
13:35:53.216,512839,12.22,7.22,16.28,13.24,-2.86,9.61,0.39
13:35:53.318,512942,12.18,7.20,16.25,23.66,-3.02,9.77,0.55
13:35:53.421,513044,12.18,7.20,16.25,23.66,-2.71,9.73,0.63
13:35:53.523,513146,12.18,7.27,16.23,24.88,-2.75,9.89,0.55
13:35:53.625,513249,12.14,7.24,16.22,24.92,-2.82,9.57,0.31
13:35:53.728,513351,12.14,7.24,16.22,24.92,-2.90,9.77,0.47
13:35:53.830,513453,12.10,7.29,16.19,24.93,-2.55,9.81,0.67
13:35:53.932,513556,12.04,7.25,16.19,24.93,-2.43,9.49,0.67
13:35:54.034,513658,12.04,7.25,16.25,24.95,-1.69,9.30,-0.08
13:35:54.137,513760,12.01,7.32,16.22,24.96,-2.55,11.38,0.67
13:35:54.239,513863,12.01,7.32,16.22,24.96,-1.92,9.85,0.67
13:35:54.341,513965,11.85,7.36,16.23,13.26,-1.33,9.30,0.59
13:35:54.444,514067,11.72,7.18,16.27,13.26,-2.00,10.20,1.02
13:35:54.546,514170,11.72,7.18,16.27,13.14,-3.65,9.85,0.59
13:35:54.650,514273,11.61,7.23,16.20,13.17,-2.63,11.38,-0.86
13:35:54.752,514376,11.51,7.25,16.20,13.17,-1.14,9.49,3.96
13:35:54.854,514478,11.51,7.25,16.10,13.21,-4.28,9.89,3.33
13:35:54.957,514580,11.44,7.36,15.92,13.24,-1.88,10.28,1.49
13:35:55.059,514683,11.44,7.36,15.92,13.24,-2.79,8.63,0.94
13:35:55.161,514785,11.40,7.41,15.77,13.25,-2.94,7.81,0.78
13:35:55.264,514887,11.30,7.42,15.69,13.25,-3.88,10.59,0.51
13:35:55.367,514990,11.30,7.42,15.69,13.26,-3.57,12.71,0.08
13:35:55.468,515092,11.21,7.50,15.63,13.35,-0.90,9.92,4.35
13:35:55.571,515194,11.10,7.50,15.63,13.35,0.16,11.81,1.33
13:35:55.674,515297,11.10,7.62,15.56,13.45,-1.02,8.36,1.14
13:35:55.775,515399,11.10,7.62,15.56,13.45,-1.49,8.75,0.90
13:35:55.878,515501,11.10,7.62,15.56,13.45,-3.41,10.47,0.00
13:35:55.980,515603,10.75,7.86,15.57,13.53,-1.73,11.45,-0.78
13:35:56.082,515706,10.66,8.02,15.57,13.53,-2.79,11.85,5.30
13:35:56.184,515808,10.66,8.02,15.43,13.53,-4.04,8.08,0.35
13:35:56.287,515910,10.53,8.05,15.22,13.55,-2.31,9.06,1.84
13:35:56.390,516013,10.37,8.05,15.22,13.55,-2.35,8.04,0.94
13:35:56.491,516115,10.37,8.20,15.20,13.68,-4.28,10.24,0.39
13:35:56.594,516217,10.17,8.34,15.07,13.68,-1.73,11.65,-0.51
13:35:56.696,516320,10.17,8.34,15.07,13.71,-0.71,6.47,2.55
13:35:56.798,516422,9.98,8.36,14.88,13.87,1.96,11.34,2.12
13:35:56.899,516523,9.92,8.50,14.88,13.87,-2.12,8.36,1.77
13:35:57.001,516624,9.92,8.50,14.83,13.95,-2.08,8.39,-0.04
13:35:57.103,516727,9.85,8.47,14.78,13.97,-3.45,11.73,0.59
13:35:57.206,516829,9.85,8.47,14.78,13.97,-3.14,11.53,-1.06
13:35:57.308,516931,9.75,8.60,14.70,14.06,-0.86,8.51,0.90
13:35:57.411,517034,10.21,8.77,14.71,14.06,-4.43,10.55,1.69
13:35:57.512,517136,10.21,8.77,14.71,14.19,-1.61,8.67,0.12
13:35:57.615,517238,9.79,8.86,14.72,14.21,-4.16,8.47,2.12
13:35:57.717,517341,9.39,8.86,14.72,14.21,-2.12,10.75,0.55
13:35:57.820,517443,9.39,9.03,14.68,14.28,-3.80,10.47,0.63
13:35:57.922,517545,9.36,8.89,14.59,14.38,-2.75,8.47,0.59
13:35:58.024,517648,9.36,8.89,14.59,14.38,-2.43,9.38,-0.31
13:35:58.126,517750,9.53,8.98,14.53,14.49,-1.96,10.43,0.47
13:35:58.227,517851,9.36,9.06,14.53,14.49,-2.20,9.85,1.45
13:35:58.329,517953,9.36,9.06,14.54,14.45,-2.67,11.30,0.51
13:35:58.431,518055,9.25,9.11,14.47,14.47,-2.51,9.22,1.06
13:35:58.534,518157,9.25,9.11,14.47,14.47,-2.71,10.08,0.67
13:35:58.636,518259,9.22,9.13,14.45,14.49,-2.43,9.65,0.51
13:35:58.739,518362,9.25,9.19,14.43,14.49,-2.67,10.16,0.63
13:35:58.841,518465,9.25,9.19,14.43,14.56,-2.51,9.96,0.67
13:35:58.943,518566,9.27,9.09,14.42,14.55,-2.67,9.73,0.47
13:35:59.045,518669,9.28,9.12,14.42,14.55,-2.86,9.57,0.31
13:35:59.148,518772,9.28,9.12,14.42,14.56,-2.55,9.85,0.43
13:35:59.252,518875,9.28,9.12,14.42,14.56,-2.55,9.96,0.63
13:35:59.354,518978,9.28,9.12,14.42,14.56,-2.43,9.85,0.51
13:35:59.456,519080,9.23,9.20,14.43,14.51,-2.67,9.85,0.59
13:35:59.557,519181,9.19,9.13,14.46,14.51,-2.43,10.04,0.55
13:35:59.659,519282,9.19,9.13,14.46,14.51,-2.39,9.45,0.59
13:35:59.761,519385,9.20,9.17,14.46,14.56,-1.61,10.28,0.51
13:35:59.864,519487,9.21,9.17,14.46,14.56,-2.35,10.55,1.53
13:35:59.966,519590,9.21,9.14,14.49,14.61,-0.71,9.49,0.94
13:36:00.068,519692,9.17,9.20,14.51,14.62,-0.86,11.10,0.71
13:36:00.171,519794,9.17,9.20,14.51,14.62,-2.35,10.40,-0.27
13:36:00.273,519896,9.01,9.27,14.42,14.64,-2.00,11.30,-0.20
13:36:00.376,519999,9.00,9.35,14.42,14.64,-2.51,11.02,3.80
13:36:00.478,520101,9.00,9.35,14.43,14.61,-3.02,10.63,1.80
13:36:00.580,520203,8.85,9.45,14.44,14.73,-1.88,8.59,0.71
13:36:00.682,520306,8.85,9.45,14.44,14.73,-1.96,7.30,0.20
13:36:00.784,520408,8.85,9.48,14.37,14.71,-3.02,9.41,1.10
13:36:00.885,520509,8.74,9.68,14.36,14.71,-2.71,13.49,1.02
13:36:00.986,520610,8.74,9.68,14.36,14.74,-3.26,11.18,2.16
13:36:01.088,520711,8.64,9.81,14.29,14.80,-3.65,8.20,1.77
13:36:01.191,520814,8.49,9.90,14.29,14.80,-1.73,7.92,0.27
13:36:01.292,520916,8.49,9.90,14.13,14.97,-2.51,8.90,1.26
13:36:01.395,521018,8.38,10.02,14.08,15.04,-3.06,9.30,0.63
13:36:01.497,521121,8.38,10.02,14.08,15.04,-1.18,12.00,0.12
13:36:01.600,521223,8.25,10.11,14.02,15.11,-4.63,12.91,6.16
13:36:01.702,521325,8.20,10.27,13.96,15.11,-4.79,10.59,2.28
13:36:01.804,521427,8.20,10.27,13.96,15.18,-2.20,7.81,0.59
13:36:01.906,521530,8.17,10.44,13.79,15.22,-2.20,8.55,1.49
13:36:02.009,521632,8.18,10.44,13.79,15.22,-4.20,10.24,1.02
13:36:02.111,521734,8.18,10.57,13.77,15.32,-2.39,10.51,0.20
13:36:02.213,521837,8.03,10.62,13.77,15.40,-1.84,11.53,5.73
13:36:02.316,521939,8.03,10.62,13.77,15.40,0.12,12.12,2.31
13:36:02.418,522041,7.83,10.70,13.76,15.46,-2.51,8.08,0.82
13:36:02.520,522144,7.73,10.85,13.76,15.46,-1.69,9.06,1.26
13:36:02.621,522245,7.73,10.85,13.80,15.58,-2.98,10.40,1.33
13:36:02.723,522346,7.73,10.85,13.80,15.58,-2.39,9.89,0.12
13:36:02.826,522449,7.73,10.85,13.80,15.58,-4.79,11.53,1.61
13:36:02.928,522551,7.69,11.02,13.70,15.68,-1.69,7.61,0.20
13:36:03.030,522653,7.67,11.17,13.64,15.68,-4.39,9.14,1.26
13:36:03.133,522756,7.67,11.17,13.64,15.72,-4.47,11.22,1.69
13:36:03.234,522858,7.61,11.23,13.61,15.84,-2.71,7.57,1.02
13:36:03.337,522961,7.55,11.22,13.61,15.84,-3.49,9.38,1.61
13:36:03.439,523062,7.55,11.22,13.55,15.81,-2.59,11.38,1.57
13:36:03.541,523165,7.57,11.30,13.61,15.83,-2.55,8.47,1.41
13:36:03.644,523267,7.57,11.30,13.61,15.83,-2.71,10.24,1.26
13:36:03.745,523369,7.57,11.38,13.61,15.89,-2.86,9.53,1.06
13:36:03.848,523471,7.57,11.33,13.61,15.89,-2.24,9.92,0.82
13:36:03.950,523573,7.57,11.33,13.62,15.90,-2.43,9.81,0.78
13:36:04.052,523675,7.48,20.60,13.64,15.88,-2.75,10.20,0.86
13:36:04.155,523778,7.50,20.60,13.64,15.88,-2.51,9.22,0.67
13:36:04.256,523880,7.50,20.63,13.62,15.93,-2.47,9.89,0.51
13:36:04.359,523983,7.48,20.60,13.61,15.84,-2.43,9.69,0.55
13:36:04.462,524085,7.48,20.60,13.61,15.84,-2.55,10.08,0.98
13:36:04.563,524187,7.49,20.65,13.54,15.98,-2.67,9.89,0.90
13:36:04.666,524290,7.49,20.70,13.54,15.98,-2.47,10.00,0.90
13:36:04.768,524392,7.49,20.70,13.55,15.92,-2.51,9.89,1.06
13:36:04.870,524494,7.49,20.62,13.58,15.96,-2.59,9.96,0.98
13:36:04.973,524596,7.49,20.62,13.58,15.96,-2.51,9.92,0.82
13:36:05.075,524698,7.48,21.10,13.61,15.97,-2.47,10.00,0.86
13:36:05.177,524801,7.46,20.67,13.61,15.97,-2.51,9.81,0.90
13:36:05.280,524903,7.46,20.67,13.61,15.94,-2.43,9.92,1.02
13:36:05.382,525006,7.46,20.63,13.61,15.98,-2.63,9.85,1.02
13:36:05.485,525108,7.50,20.63,13.61,15.98,-2.51,9.96,0.90
13:36:05.587,525211,7.50,20.60,13.59,15.97,-2.35,9.92,0.98
13:36:05.690,525313,7.46,20.64,13.57,15.96,-2.43,10.04,1.10
13:36:05.792,525416,7.46,20.64,13.57,15.96,-2.39,10.08,1.02
13:36:05.894,525517,7.47,20.62,13.60,15.92,-2.43,10.08,1.02
13:36:05.997,525620,7.50,17.89,13.60,15.92,-2.35,9.73,0.75
13:36:06.099,525723,7.50,17.89,13.59,15.95,-2.51,9.73,0.82
13:36:06.201,525824,7.50,17.89,13.59,15.95,-2.31,10.04,0.94
13:36:06.304,525927,7.45,17.89,13.59,15.95,-2.43,9.73,0.98
13:36:06.405,526029,7.45,20.61,13.54,15.96,-2.31,9.85,1.14
13:36:06.508,526132,7.44,20.59,13.54,15.97,-2.35,9.92,1.06
13:36:06.611,526234,7.44,20.59,13.54,15.97,-2.47,9.92,1.06
13:36:06.713,526336,7.46,17.85,13.55,15.94,-2.39,9.96,0.98
13:36:06.815,526439,7.47,16.02,13.55,15.94,-2.43,9.89,0.67
13:36:06.918,526541,7.47,16.02,13.51,15.98,-2.31,9.81,0.59
13:36:07.020,526643,7.43,14.11,13.51,15.96,-2.20,9.65,0.55
13:36:07.122,526746,7.43,14.11,13.51,15.96,-2.51,9.89,0.86
13:36:07.224,526848,7.46,16.06,13.54,15.86,-2.00,9.85,1.29
13:36:07.327,526950,7.43,17.92,13.54,15.86,-1.65,9.45,0.86
13:36:07.429,527053,7.43,17.92,13.54,15.91,-1.22,10.87,0.94
13:36:07.533,527156,7.40,21.59,13.56,15.92,-1.45,10.55,1.10
13:36:07.636,527259,7.41,21.16,13.56,15.92,-1.49,9.73,0.82
13:36:07.738,527361,7.41,21.16,13.52,15.85,-2.39,10.12,0.59
13:36:07.840,527463,7.53,16.48,13.57,15.79,-1.80,10.00,0.24
13:36:07.942,527566,7.53,16.48,13.57,15.79,-2.35,10.75,0.39
13:36:08.044,527668,7.59,21.62,13.44,15.76,-2.31,11.85,0.78
13:36:08.147,527770,7.74,13.62,13.39,15.76,-1.33,9.81,1.57
13:36:08.249,527872,7.74,13.62,13.39,15.68,-2.90,8.90,2.75
13:36:08.352,527975,7.63,11.76,13.28,15.54,-0.47,11.26,0.90
13:36:08.454,528077,7.70,11.76,13.28,15.54,-2.51,9.49,2.04
13:36:08.556,528179,7.70,11.82,13.15,15.55,-2.28,9.26,1.18
13:36:08.658,528282,7.91,11.87,13.13,15.42,-3.37,9.38,1.10
13:36:08.761,528384,7.91,11.87,13.13,15.42,-0.59,13.45,0.04
13:36:08.863,528486,7.99,11.96,12.95,15.34,1.14,10.08,2.63
13:36:08.965,528589,8.25,12.16,12.95,15.34,0.35,12.00,2.00
13:36:09.067,528691,8.25,12.16,12.69,15.22,-0.63,8.32,0.75
13:36:09.169,528793,8.54,12.26,12.51,15.16,-1.37,9.30,0.35
13:36:09.272,528895,8.54,12.26,12.51,15.16,-3.10,10.59,-0.31
13:36:09.374,528997,8.64,12.34,12.37,15.08,-1.65,9.77,-2.28
13:36:09.477,529100,8.60,12.45,12.26,15.08,-2.51,13.10,3.80
13:36:09.579,529202,8.60,12.45,12.26,14.93,-4.63,11.45,3.69
13:36:09.681,529304,8.60,12.45,12.26,14.93,-0.82,8.04,0.31
13:36:09.783,529407,9.22,12.45,12.26,14.93,-2.16,8.36,1.06
13:36:09.886,529509,9.22,12.60,11.92,14.68,-3.73,10.67,0.78
13:36:09.988,529611,9.33,12.64,11.73,14.51,-1.84,10.51,-1.06
13:36:10.091,529714,9.33,12.64,11.73,14.51,-0.59,14.12,4.86
13:36:10.193,529816,10.11,12.82,11.58,14.44,-1.53,11.73,1.80
13:36:10.293,529917,9.34,12.90,11.58,14.44,-2.86,7.18,1.06
13:36:10.395,530019,9.34,12.90,11.43,14.36,-1.88,9.57,1.73
13:36:10.498,530121,10.11,12.99,11.28,14.21,-2.79,10.40,1.33
13:36:10.600,530224,10.51,12.99,11.28,14.21,-1.88,11.02,-0.35
13:36:10.702,530325,10.51,12.99,11.11,14.08,-4.55,13.73,4.16
13:36:10.804,530427,10.51,12.99,11.00,14.08,-5.22,7.92,0.27
13:36:10.907,530530,10.51,12.99,11.00,13.93,-1.57,10.12,0.27
13:36:11.008,530631,9.83,13.18,10.93,13.71,-2.79,8.67,1.92
13:36:11.111,530734,9.97,13.39,10.93,13.71,-3.53,9.85,1.18
13:36:11.213,530836,9.97,13.39,10.81,13.73,-2.82,9.53,-0.12
13:36:11.315,530938,10.34,13.39,10.71,13.66,-2.59,10.63,0.27
13:36:11.418,531041,10.34,13.39,10.71,13.66,-2.82,10.24,1.14
13:36:11.520,531143,10.17,13.45,10.66,13.59,-2.94,9.57,1.80
13:36:11.622,531245,10.29,-119.13,10.60,13.59,-2.24,10.12,0.59
13:36:11.724,531347,10.29,-119.13,10.60,13.56,-1.26,9.49,0.55
13:36:11.826,531450,10.33,13.56,10.54,13.58,-2.24,10.43,1.80
13:36:11.929,531552,22.59,13.56,10.54,13.58,-1.61,10.28,0.75
13:36:12.031,531654,22.59,13.54,10.53,13.58,-1.84,9.41,0.20
13:36:12.134,531757,10.40,13.59,10.62,13.59,-1.33,10.24,0.51
13:36:12.236,531859,10.40,13.59,10.62,13.59,-2.04,9.96,0.98
13:36:12.338,531961,10.40,13.66,10.62,13.59,-2.00,9.81,0.47
13:36:12.440,532064,10.45,13.65,10.62,13.59,-2.43,10.20,1.06
13:36:12.543,532166,10.45,13.65,10.70,13.47,-2.08,10.08,0.82
13:36:12.645,532268,10.38,13.61,10.69,13.47,-2.24,9.77,0.51
13:36:12.747,532370,10.38,13.61,10.69,13.47,-2.20,9.96,0.55
13:36:12.849,532472,10.44,13.55,10.65,13.45,-2.20,10.04,0.59
13:36:12.952,532575,10.42,13.62,10.68,13.45,-2.28,9.65,0.47
13:36:13.054,532677,10.42,13.62,10.68,13.44,-1.96,9.96,0.47
13:36:13.156,532779,10.42,13.62,10.68,13.44,-2.31,10.08,0.71
13:36:13.259,532882,10.43,13.60,10.68,13.44,-2.28,10.00,0.82
13:36:13.361,532984,10.43,13.60,10.62,13.45,-1.96,10.04,0.59
13:36:13.463,533086,10.41,13.55,10.65,13.52,-2.20,10.04,0.67
13:36:13.566,533189,10.41,13.55,10.65,13.52,-2.04,9.96,0.55
13:36:13.668,533291,10.41,13.60,10.64,13.46,-1.80,10.08,0.71
13:36:13.771,533394,10.36,13.62,10.67,13.46,-1.96,10.24,0.82
13:36:13.872,533495,10.36,13.62,10.67,13.48,-1.77,10.04,0.90
13:36:13.975,533598,10.35,13.61,10.63,13.47,-1.92,10.16,0.71
13:36:14.077,533700,10.38,13.61,10.63,13.47,-1.77,9.96,0.90
13:36:14.179,533802,10.38,13.62,10.62,13.47,-1.80,10.12,0.86
13:36:14.282,533905,10.45,13.67,10.58,13.45,-1.92,10.08,0.94
13:36:14.384,534007,10.45,13.67,10.58,13.45,-1.88,10.32,1.10
13:36:14.486,534109,10.52,13.59,10.61,13.48,-1.84,10.08,0.86
13:36:14.589,534212,10.39,13.68,10.61,13.48,-1.92,10.04,0.71
13:36:14.691,534314,10.39,13.68,10.59,13.46,-1.73,9.96,0.75
13:36:14.793,534416,10.47,13.62,10.65,13.46,-1.80,10.20,0.82
13:36:14.896,534519,10.45,13.62,10.65,13.46,-2.00,9.92,0.59
13:36:14.998,534621,10.45,13.60,10.60,13.48,-1.73,10.04,0.71
13:36:15.100,534723,10.41,13.62,10.61,13.48,-1.61,10.28,0.90
13:36:15.203,534826,10.41,13.62,10.61,13.46,-1.73,10.08,0.82
13:36:15.305,534928,10.43,13.66,10.62,13.49,-1.69,10.00,0.75
13:36:15.406,535029,10.46,13.62,10.62,13.49,-2.12,10.00,0.43
13:36:15.507,535131,10.46,13.62,10.60,13.51,-1.80,10.20,0.63
13:36:15.610,535233,10.51,13.60,10.55,13.47,-1.37,10.32,0.59
13:36:15.712,535336,10.51,13.60,10.55,13.47,-1.14,10.04,0.71
13:36:15.814,535438,10.47,13.55,10.57,13.51,-0.98,10.12,0.43
13:36:15.917,535540,10.40,13.61,10.59,13.51,-0.98,10.16,0.47
13:36:16.019,535642,10.40,13.61,10.59,13.55,-0.94,10.12,0.31
13:36:16.122,535745,10.51,13.59,10.56,13.60,-0.94,10.00,0.20
13:36:16.224,535847,10.51,13.59,10.56,13.60,-1.02,10.16,0.35
13:36:16.326,535949,10.51,13.59,10.58,13.52,-0.94,10.20,0.51
13:36:16.428,536052,10.49,13.68,10.56,13.56,-0.94,10.16,0.31
13:36:16.531,536154,10.49,13.68,10.56,13.56,-0.86,10.36,0.47
13:36:16.633,536256,10.49,13.68,10.56,13.56,-1.02,10.20,0.75
13:36:16.735,536359,10.45,13.66,10.56,13.56,-0.27,10.12,0.16
13:36:16.838,536461,10.45,13.66,10.57,13.55,-0.43,10.20,-0.63
13:36:16.940,536563,10.57,13.76,10.47,13.53,-0.78,9.06,-0.71
13:36:17.042,536665,10.57,13.76,10.47,13.53,-1.02,9.81,0.16
13:36:17.144,536767,10.97,13.80,10.33,13.52,-0.59,10.16,0.20
13:36:17.247,536870,11.17,13.80,10.24,13.52,-1.22,11.41,-0.98
13:36:17.350,536973,11.17,13.80,10.24,13.45,-2.51,11.69,0.71
13:36:17.451,537074,12.28,13.85,10.14,13.33,-0.47,10.08,0.67
13:36:17.554,537177,10.91,13.93,10.14,13.33,-2.04,9.22,0.71
13:36:17.656,537279,10.91,13.93,9.97,13.13,0.04,8.83,0.39
13:36:17.758,537381,10.81,13.98,9.92,13.13,-0.67,9.18,0.86
13:36:17.861,537484,10.81,13.98,9.92,13.13,-2.20,10.40,0.78
13:36:17.963,537586,11.24,15.15,9.83,12.95,0.59,13.18,0.16
13:36:18.065,537689,11.56,14.22,9.69,12.95,0.51,11.38,6.47
13:36:18.167,537790,11.56,14.22,9.69,12.84,3.06,11.26,0.86
13:36:18.269,537893,11.46,14.34,9.41,12.79,-1.84,7.81,2.12
13:36:18.372,537995,11.61,14.34,9.41,12.79,0.20,9.06,1.14
13:36:18.474,538098,11.61,16.11,9.10,12.73,-2.47,12.59,1.45
13:36:18.577,538200,11.79,19.98,8.90,12.60,-1.88,11.77,-0.82
13:36:18.679,538302,11.79,19.98,8.90,12.60,-0.51,7.14,0.55
13:36:18.781,538404,15.29,14.67,8.98,12.48,-0.08,11.69,2.67
13:36:18.884,538507,12.17,14.84,8.98,12.48,-0.94,7.06,0.78
13:36:18.986,538609,12.17,14.84,8.98,12.39,-1.37,9.41,1.22
13:36:19.088,538711,16.87,14.96,8.74,12.33,-2.20,13.06,1.06
13:36:19.191,538814,12.41,14.96,8.74,12.33,-1.77,12.00,0.31
13:36:19.292,538916,12.41,15.00,8.63,12.17,-2.55,8.79,0.16
13:36:19.395,539018,18.24,17.85,8.47,12.17,-1.69,8.98,0.75
13:36:19.498,539121,18.24,17.85,8.47,12.18,-1.14,9.26,1.06
13:36:19.600,539223,12.77,15.30,8.33,12.06,-1.02,9.77,0.55
13:36:19.700,539324,12.86,15.38,8.33,12.06,-1.65,10.71,1.29
13:36:19.802,539425,12.86,15.38,8.19,11.91,-3.14,12.55,1.06
13:36:19.905,539528,12.97,18.06,8.22,11.86,-0.98,6.35,0.20
13:36:20.007,539630,12.97,18.06,8.22,11.86,-1.80,13.49,3.61
13:36:20.109,539732,12.97,18.06,8.22,11.86,-0.71,9.65,0.98
13:36:20.212,539835,24.76,15.64,7.94,11.86,-2.28,9.89,2.08
13:36:20.314,539937,24.76,15.64,7.94,11.76,-1.61,10.63,0.75
13:36:20.416,540039,13.23,15.74,7.86,11.71,-0.27,10.36,1.41
13:36:20.518,540142,13.47,15.74,7.86,11.71,-2.08,8.43,1.61
13:36:20.620,540244,13.47,15.71,7.81,11.67,0.67,12.04,1.37
13:36:20.723,540346,13.24,15.73,7.87,11.66,-0.94,9.92,1.84
13:36:20.825,540449,13.24,15.73,7.87,11.66,-0.12,10.40,0.39
13:36:20.927,540550,17.96,15.75,7.94,11.70,-0.75,9.81,0.59
13:36:21.030,540653,19.12,15.70,7.94,11.70,-1.14,10.67,0.71
13:36:21.132,540755,19.12,15.70,7.92,11.71,-0.16,9.77,0.71
13:36:21.235,540858,23.35,18.32,7.94,11.71,-0.98,10.55,0.86
13:36:21.337,540960,23.35,18.32,7.94,11.71,-0.78,10.12,0.78
13:36:21.439,541062,14.02,19.33,7.91,11.74,-0.47,10.43,1.18
13:36:21.541,541165,14.07,20.89,7.92,11.74,-0.94,10.24,1.02
13:36:21.642,541266,14.07,20.89,7.92,11.72,-0.59,10.55,1.41
13:36:21.744,541367,14.07,19.86,7.95,11.73,-0.86,10.08,0.75
13:36:21.846,541470,14.09,19.86,7.95,11.73,-0.67,10.28,0.86
13:36:21.949,541572,14.09,19.85,7.91,11.74,-0.98,10.24,0.86
13:36:22.051,541674,19.31,19.33,7.89,11.76,-0.71,10.20,1.10
13:36:22.154,541777,19.31,19.33,7.89,11.76,-0.47,10.16,0.94
13:36:22.257,541880,19.34,20.87,7.88,11.75,-0.47,10.16,1.06
13:36:22.360,541983,18.82,20.89,7.81,11.75,-0.71,9.77,1.26
13:36:22.462,542085,18.82,20.89,7.81,11.72,0.00,9.65,1.02
13:36:22.564,542187,17.72,20.91,7.82,11.67,0.51,10.16,0.82
13:36:22.667,542290,13.44,20.91,7.82,11.67,0.86,11.89,1.88
13:36:22.769,542392,13.44,20.86,7.71,11.67,0.47,9.45,1.45
13:36:22.869,542493,13.32,15.75,7.92,11.67,1.26,10.90,1.02
13:36:22.972,542595,13.32,15.75,7.92,11.65,-0.94,10.16,1.33
13:36:23.074,542697,13.33,15.45,7.80,11.64,-1.65,11.81,1.26
13:36:23.177,542800,13.40,15.51,7.80,11.64,-0.20,11.34,-0.04
13:36:23.278,542902,13.40,15.51,7.83,11.61,-1.18,8.83,3.33
13:36:23.381,543004,13.63,15.49,7.86,11.51,-2.51,10.51,3.53
13:36:23.483,543106,13.63,15.49,7.86,11.51,2.08,8.55,-1.14
13:36:23.585,543209,13.63,15.49,7.86,11.51,-1.22,9.18,1.96
13:36:23.688,543311,13.62,15.40,7.95,11.51,-1.69,9.96,1.10
13:36:23.790,543413,13.62,15.40,7.95,11.19,-2.12,13.10,0.75
13:36:23.892,543515,13.70,15.40,7.98,10.98,-2.31,12.51,0.82
13:36:23.995,543618,13.78,15.40,7.98,10.98,-2.82,8.24,1.22
13:36:24.097,543720,13.78,15.30,7.95,10.81,-0.27,8.79,1.14
13:36:24.199,543823,13.90,15.22,8.01,10.60,-0.12,8.08,0.78
13:36:24.302,543925,13.90,15.22,8.01,10.60,-0.39,8.90,0.12
13:36:24.404,544027,13.90,15.19,8.13,10.59,-2.08,14.40,2.79
13:36:24.504,544128,13.88,15.07,8.13,10.59,-5.69,11.38,3.88
13:36:24.607,544230,13.88,15.07,8.19,10.50,-1.88,7.06,-2.51
13:36:24.709,544332,13.98,14.92,8.12,10.16,-0.24,9.53,2.43
13:36:24.811,544435,13.98,14.92,8.12,10.16,-1.57,7.41,1.37
13:36:24.914,544537,14.04,14.91,8.42,10.24,-3.37,10.36,0.39
13:36:25.016,544639,14.12,14.76,8.52,10.24,-1.06,12.71,0.00
13:36:25.119,544742,14.12,14.76,8.52,10.10,0.27,13.02,4.82
13:36:25.222,544845,14.22,14.76,8.57,9.95,1.26,14.04,1.22
13:36:25.324,544947,14.22,14.76,8.57,9.95,-2.08,7.26,-0.31
13:36:25.425,545049,14.22,14.76,8.81,9.80,-1.22,8.63,0.39
13:36:25.528,545151,14.24,14.56,8.77,9.74,-2.35,10.63,0.67
13:36:25.631,545254,14.24,14.56,8.77,9.74,-1.06,11.41,-1.53
13:36:25.732,545356,14.27,14.47,8.87,9.58,0.94,10.00,3.06
13:36:25.835,545458,14.31,14.44,9.03,9.58,-3.69,11.57,3.61
13:36:25.937,545560,14.31,14.44,9.03,9.56,0.04,9.18,0.71
13:36:26.039,545662,14.35,14.38,10.00,9.56,-1.92,9.26,1.92
13:36:26.142,545765,14.40,14.38,10.00,9.56,-1.18,10.47,0.94
13:36:26.244,545867,14.40,14.36,9.60,9.49,-2.08,10.04,0.75
13:36:26.346,545970,14.41,14.29,9.18,9.40,-1.53,9.73,0.75
13:36:26.449,546072,14.41,14.29,9.18,9.40,-1.96,9.77,1.49
13:36:26.551,546174,14.42,14.25,9.25,9.36,-0.04,10.43,0.12
13:36:26.652,546275,14.47,14.25,9.25,9.36,-0.98,10.98,0.31
13:36:26.754,546377,14.47,14.25,9.33,9.33,-0.63,9.26,0.12
13:36:26.856,546479,14.46,14.22,9.38,9.29,-0.39,11.53,1.53
13:36:26.958,546581,14.46,14.22,9.38,9.29,-0.86,8.63,-0.20
13:36:27.060,546684,14.46,14.22,9.38,9.29,-0.94,10.90,0.20
13:36:27.163,546786,14.51,14.22,9.36,9.29,-1.41,10.55,1.02
13:36:27.266,546889,14.51,14.22,9.36,9.29,-1.37,10.20,0.47
13:36:27.369,546992,14.48,14.24,9.34,9.31,-1.26,10.12,0.12
13:36:27.472,547095,14.50,14.24,9.34,9.31,-0.90,10.08,0.82
13:36:27.574,547197,14.50,14.19,9.38,9.28,-1.33,10.32,0.43
13:36:27.676,547299,14.49,14.18,9.42,9.24,-0.75,10.12,0.55
13:36:27.779,547402,14.49,14.18,9.42,9.24,-0.75,10.24,0.71
13:36:27.882,547505,14.50,14.18,9.43,9.31,-0.86,10.12,0.59
13:36:27.984,547607,14.50,14.18,9.43,9.31,-0.78,10.00,0.55
13:36:28.086,547709,14.50,14.18,9.47,9.27,-0.75,10.16,0.75
13:36:28.188,547811,14.52,14.22,9.48,9.26,-0.20,10.40,0.63
13:36:28.291,547914,14.53,14.22,9.48,9.26,-0.47,10.04,0.86
13:36:28.392,548016,14.53,14.23,9.47,9.24,-0.90,10.43,0.86
13:36:28.494,548117,14.47,14.17,9.45,9.24,-0.82,10.40,0.82
13:36:28.596,548219,14.47,14.17,9.45,9.22,-0.94,10.04,0.86
13:36:28.698,548321,14.51,14.17,9.42,9.29,-0.59,9.77,0.43
13:36:28.800,548424,14.51,14.19,9.42,9.29,-0.27,10.20,0.94
13:36:28.902,548526,14.51,14.19,9.42,9.28,0.08,10.28,2.04
13:36:29.005,548628,14.53,14.19,9.41,9.33,0.08,10.79,0.63
13:36:29.107,548730,14.53,14.19,9.41,9.33,0.90,10.75,0.04
13:36:29.209,548833,14.44,14.17,9.60,9.24,-0.59,8.32,0.39
13:36:29.313,548935,14.35,14.12,9.62,9.24,-0.39,10.04,1.53
13:36:29.414,549037,14.35,14.12,9.62,9.25,-0.67,9.89,1.37
13:36:29.516,549139,14.31,14.09,16.44,9.25,-1.02,10.36,1.18
13:36:29.619,549242,14.16,14.09,16.44,9.25,-1.49,12.04,2.82
13:36:29.721,549344,14.16,14.00,9.67,9.24,-2.59,11.65,5.53
13:36:29.823,549447,14.23,13.85,9.68,9.32,-2.16,9.57,1.49
13:36:29.926,549549,14.23,13.85,9.68,9.32,-1.57,8.83,1.10
13:36:30.027,549651,14.06,13.74,9.72,9.48,-1.29,8.87,0.98
13:36:30.128,549752,13.96,13.72,9.72,9.48,-2.63,8.98,0.43
13:36:30.231,549854,13.96,13.72,10.15,9.50,-4.47,12.83,-0.12
13:36:30.333,549956,13.86,13.64,10.05,9.67,-1.45,13.26,1.57
13:36:30.435,550058,13.86,13.64,10.05,9.67,-2.20,8.36,0.55
13:36:30.538,550161,13.86,13.64,10.05,9.67,-1.41,7.69,0.20
13:36:30.640,550263,13.62,13.24,10.30,9.67,-2.31,7.57,1.10
13:36:30.743,550366,13.62,13.24,10.30,9.96,-1.37,9.10,-0.59
13:36:30.845,550468,13.44,13.10,10.38,10.05,-0.51,14.16,-0.78
13:36:30.946,550569,13.28,12.94,10.38,10.05,-3.65,12.20,4.59
13:36:31.047,550670,13.28,12.94,10.50,10.19,-5.22,11.53,1.65
13:36:31.150,550773,13.07,12.79,10.78,10.37,-0.39,6.98,-0.24
13:36:31.252,550875,13.07,12.79,10.78,10.37,-1.80,6.98,0.08
13:36:31.354,550977,12.96,12.63,10.89,10.41,-3.49,10.75,-0.71
13:36:31.457,551080,12.78,12.48,11.02,10.41,-0.31,12.36,-0.08
13:36:31.559,551182,12.78,12.48,11.02,10.49,-0.27,10.12,6.47
13:36:31.661,551284,12.66,12.30,11.23,10.69,1.02,12.32,4.55
13:36:31.764,551387,12.57,12.30,11.23,10.69,-1.69,8.67,0.94
13:36:31.867,551490,12.57,12.30,11.27,10.81,-0.47,9.26,0.94
13:36:31.969,551592,12.57,12.30,11.47,10.84,-3.10,11.69,1.26
13:36:32.072,551695,12.57,12.30,11.47,10.84,-1.14,11.14,-0.82
13:36:32.173,551796,12.34,11.92,11.56,11.47,-0.78,10.12,3.02
13:36:32.276,551899,12.25,11.77,11.56,11.47,-3.30,10.83,2.63
13:36:32.378,552001,12.25,11.77,11.67,11.00,-0.12,8.32,0.51
13:36:32.480,552103,12.10,11.64,11.76,11.29,-2.90,9.85,2.94
13:36:32.583,552206,12.10,11.64,11.76,11.29,-1.84,10.12,-0.24
13:36:32.685,552308,12.08,11.57,11.85,11.43,-0.08,10.16,1.96
13:36:32.788,552411,12.00,11.59,11.92,11.43,-0.86,10.71,2.04
13:36:32.890,552513,12.00,11.59,11.92,23.34,-1.41,10.90,1.96
13:36:32.992,552615,11.93,11.55,11.97,11.48,-0.78,9.53,1.10
13:36:33.095,552718,11.92,11.50,11.97,11.48,-1.02,11.49,2.04
13:36:33.196,552820,11.92,11.50,12.05,11.55,-1.69,9.89,1.49
13:36:33.299,552922,11.92,11.51,12.10,16.89,-1.02,9.85,0.08
13:36:33.402,553025,11.92,11.51,12.10,16.89,-2.51,10.90,2.75
13:36:33.503,553127,11.87,11.48,12.09,23.34,-2.04,10.16,0.20
13:36:33.606,553229,11.86,11.53,12.03,23.34,-1.77,9.57,0.55
13:36:33.708,553331,11.86,11.53,12.03,24.85,-1.18,9.96,1.49
13:36:33.811,553433,11.79,11.49,12.01,19.84,-1.10,10.51,0.16
13:36:33.912,553535,11.79,11.49,12.01,19.84,-2.08,9.92,-0.16
13:36:34.015,553638,11.79,11.49,12.01,19.84,-1.80,10.43,0.35
13:36:34.118,553741,11.76,11.27,12.02,23.40,-1.41,9.89,-0.04
13:36:34.220,553843,11.76,11.27,12.02,23.40,-1.49,10.28,0.71
13:36:34.322,553945,11.74,11.27,12.00,24.73,-1.61,10.32,0.55
13:36:34.423,554046,11.78,11.34,12.00,24.73,-1.80,9.85,-0.12
13:36:34.525,554148,11.78,11.34,12.04,23.43,-1.33,10.28,0.67
13:36:34.627,554250,11.81,11.47,12.03,24.78,-1.73,9.53,-0.12
13:36:34.730,554353,11.81,11.47,12.03,24.78,-1.14,10.28,-0.16
13:36:34.832,554455,11.81,11.46,12.05,11.73,-1.33,10.51,0.00
13:36:34.934,554557,11.80,11.42,12.09,11.73,-3.02,9.18,-1.22
13:36:35.037,554660,11.80,11.42,12.09,18.20,0.24,9.45,-0.51
13:36:35.139,554762,11.79,11.40,12.01,11.57,-1.18,9.30,-1.49
13:36:35.241,554864,11.78,11.40,12.01,11.57,-0.78,9.61,-1.61
13:36:35.343,554966,11.78,11.31,12.06,11.62,-0.71,9.89,-1.37
13:36:35.446,555069,11.79,11.34,12.02,11.62,-0.51,9.49,-1.37
13:36:35.548,555171,11.79,11.34,12.02,11.62,-0.82,9.77,-1.33
13:36:35.650,555273,11.79,11.34,12.03,11.61,-1.18,9.41,-1.29
13:36:35.753,555376,11.79,11.40,12.03,11.61,-1.18,9.53,-1.22
13:36:35.855,555478,11.79,11.40,11.98,11.64,-0.78,9.85,-1.77
13:36:35.957,555580,11.77,11.33,11.96,11.65,-0.51,9.41,-2.04
13:36:36.060,555683,11.73,11.33,11.96,11.65,-0.71,9.77,-1.53
13:36:36.162,555785,11.73,11.28,12.00,11.53,-0.78,9.77,-1.41
13:36:36.264,555887,11.78,11.36,12.01,11.57,-1.02,9.65,-1.73
13:36:36.367,555990,11.78,11.36,12.01,11.57,-0.86,9.69,-1.53
13:36:36.469,556092,11.77,11.34,11.99,11.56,-0.86,9.73,-1.45
13:36:36.569,556193,11.77,11.35,11.99,11.56,-0.78,9.41,-1.77
13:36:36.672,556294,11.77,11.35,11.98,16.92,-0.90,9.89,-1.96
13:36:36.774,556397,11.78,11.36,12.03,11.54,-2.39,9.85,-2.51
13:36:36.876,556499,11.78,11.36,12.03,11.54,-4.31,9.14,-2.39
13:36:36.978,556601,11.84,11.34,11.98,11.76,10.28,3.88,-4.04
13:36:37.081,556704,11.84,11.18,12.07,11.76,5.65,6.04,1.02
13:36:37.183,556806,11.84,11.18,12.07,23.41,9.30,3.88,0.98
13:36:37.285,556908,13.09,11.20,12.20,11.48,11.38,6.59,9.65
13:36:37.387,557010,13.09,11.20,12.20,11.48,12.20,4.71,5.73
13:36:37.490,557113,13.09,11.20,12.20,11.48,8.59,5.45,5.53
13:36:37.592,557215,12.02,11.21,12.20,11.36,5.02,5.96,5.33
13:36:37.695,557318,12.02,11.21,12.20,11.36,9.10,7.06,8.47
13:36:37.796,557419,12.09,11.21,12.19,11.43,6.24,5.81,7.14
13:36:37.899,557522,12.16,11.18,12.19,11.43,6.47,6.12,8.00
13:36:38.001,557624,12.16,11.18,12.25,11.27,6.79,4.90,8.04
13:36:38.103,557726,12.10,11.12,16.42,11.38,5.61,5.06,8.28
13:36:38.206,557829,12.10,11.12,16.42,11.38,5.88,4.31,8.32
13:36:38.308,557931,12.20,11.14,25.07,11.29,6.71,4.04,8.32
13:36:38.410,558033,12.08,11.12,16.27,11.29,6.28,5.06,8.67
13:36:38.513,558136,12.08,11.12,16.27,11.31,8.24,5.02,11.45
13:36:38.615,558238,12.15,11.15,16.28,11.26,6.47,4.47,5.30
13:36:38.716,558339,13.26,11.21,16.28,11.26,6.39,6.75,9.18
13:36:38.817,558440,13.26,11.21,12.26,11.38,6.79,4.94,7.26
13:36:38.920,558543,12.42,11.19,12.21,11.32,6.86,6.20,8.16
13:36:39.022,558645,12.42,11.19,12.21,11.32,6.08,6.67,9.57
13:36:39.124,558747,12.08,11.19,12.23,11.30,6.86,4.55,6.86
