13:28:58.312,97940,11.36,11.61,12.03,11.73,-0.47,10.16,1.02
13:28:58.413,98041,11.34,11.52,12.03,11.73,-0.67,10.36,1.02
13:28:58.515,98143,11.34,11.52,12.07,11.73,-0.98,10.36,0.71
13:28:58.617,98245,11.33,11.57,12.03,11.77,-0.47,9.89,0.75
13:28:58.720,98348,11.35,11.57,12.03,11.77,-0.55,9.92,1.88
13:28:58.822,98449,11.35,11.57,12.00,11.76,-0.51,10.47,2.12
13:28:58.925,98552,11.35,11.56,11.98,11.83,-0.55,10.12,1.92
13:28:59.027,98654,11.35,11.56,11.98,11.83,-0.67,10.12,1.84
13:28:59.129,98756,11.35,11.56,11.98,11.83,-0.55,10.32,2.31
13:28:59.231,98859,11.38,11.54,11.98,11.83,-0.67,10.28,1.80
13:28:59.334,98961,11.38,11.54,12.02,11.79,-0.71,10.16,1.80
13:28:59.436,99063,11.32,11.54,11.99,11.81,-0.94,10.36,2.12
13:28:59.538,99166,11.32,11.54,11.99,11.81,-0.90,10.55,2.00
13:28:59.640,99268,11.37,11.55,12.02,11.78,-0.90,10.28,1.88
13:28:59.743,99370,11.35,11.52,12.04,11.78,-0.86,10.24,2.04
13:28:59.846,99473,11.35,11.52,12.04,11.87,-1.02,10.40,2.00
13:28:59.947,99575,11.34,11.52,12.05,11.80,-0.67,10.16,1.96
13:29:00.050,99677,11.35,11.52,12.05,11.80,-0.75,10.12,2.24
13:29:00.152,99779,11.35,11.64,12.04,11.78,-0.78,10.32,2.16
13:29:00.254,99882,11.36,11.56,12.06,11.78,-0.67,10.20,1.96
13:29:00.357,99984,11.36,11.56,12.06,11.78,-0.71,10.24,1.88
13:29:00.459,100086,11.36,11.53,12.05,11.82,-0.55,10.04,1.92
13:29:00.562,100189,11.34,11.61,12.05,11.82,-0.67,10.36,2.00
13:29:00.663,100291,11.34,11.61,12.05,11.80,-0.75,10.24,2.16
13:29:00.766,100393,11.35,11.49,12.03,11.80,-0.86,10.43,1.61
13:29:00.868,100496,11.33,11.49,12.03,11.80,-0.71,10.16,1.69
13:29:00.970,100598,11.33,11.48,12.03,11.80,-0.78,10.47,1.61
13:29:01.073,100700,11.33,11.43,12.04,11.82,-0.78,10.16,1.96
13:29:01.176,100803,11.33,11.43,12.04,11.82,-1.02,10.24,1.77
13:29:01.277,100905,11.34,11.48,12.03,11.82,-0.47,10.16,1.06
13:29:01.379,101006,11.34,11.45,12.03,11.82,-0.71,10.20,1.73
13:29:01.480,101108,11.34,11.45,12.04,11.79,-0.75,10.20,1.37
13:29:01.582,101210,11.33,11.42,12.04,11.78,-0.90,10.20,1.73
13:29:01.685,101312,11.33,11.42,12.04,11.78,-0.98,10.43,1.73
13:29:01.787,101414,11.32,11.34,12.04,11.84,-1.10,10.32,1.77
13:29:01.890,101517,11.32,11.35,12.04,11.84,-0.82,10.16,1.96
13:29:01.992,101620,11.32,11.35,12.04,11.78,-0.98,10.12,1.92
13:29:02.094,101721,11.33,16.87,12.06,11.77,-1.02,10.28,1.73
13:29:02.196,101824,11.34,16.87,12.06,11.77,-1.10,10.16,1.88
13:29:02.299,101926,11.34,17.04,12.04,11.77,-1.06,10.16,1.80
13:29:02.401,102028,11.32,16.95,12.05,11.81,-0.98,10.24,1.84
13:29:02.503,102131,11.32,16.95,12.05,11.81,-0.94,10.12,1.88
13:29:02.605,102233,11.32,16.95,12.05,11.81,-1.10,10.28,2.24
13:29:02.706,102334,11.34,22.49,12.05,11.81,-1.14,10.40,1.53
13:29:02.808,102436,11.34,22.49,12.04,11.76,-1.06,10.28,2.04
13:29:02.911,102538,11.33,22.52,12.06,11.85,-1.10,10.36,2.04
13:29:03.013,102641,11.33,22.52,12.06,11.85,-0.94,10.08,1.65
13:29:03.115,102742,11.33,20.38,12.06,11.78,-1.14,10.32,1.73
13:29:03.218,102845,11.35,23.01,12.03,11.85,-1.14,10.12,1.96
13:29:03.320,102948,11.35,23.01,12.03,11.85,-1.06,10.12,2.00
13:29:03.422,103049,11.32,19.66,12.02,11.82,-1.14,10.04,1.92
13:29:03.525,103152,11.32,22.99,12.02,11.82,-1.26,10.24,1.80
13:29:03.627,103254,11.32,22.99,12.04,11.81,-1.14,10.28,1.73
13:29:03.729,103356,11.32,22.51,12.04,11.78,-1.29,10.28,2.08
13:29:03.831,103459,11.32,22.51,12.04,11.78,-1.10,10.20,1.80
13:29:03.934,103561,11.34,23.26,12.05,11.79,-1.18,10.20,1.80
13:29:04.036,103663,11.34,19.73,12.07,11.79,-1.14,10.28,1.77
13:29:04.139,103766,11.34,19.73,12.07,11.75,-0.94,10.16,1.65
13:29:04.240,103868,11.31,19.73,12.05,11.76,-1.41,10.43,1.69
13:29:04.341,103969,11.34,19.73,12.05,11.76,-1.10,10.36,1.57
13:29:04.443,104071,11.34,22.58,12.02,11.76,-1.02,10.24,1.84
13:29:04.546,104173,11.35,23.26,12.04,11.76,-1.10,10.20,1.73
13:29:04.648,104276,11.35,23.26,12.04,11.76,-1.14,10.36,1.53
13:29:04.750,104377,11.32,22.54,12.08,11.76,-0.82,10.12,1.14
13:29:04.852,104480,11.35,22.51,12.08,11.76,-0.90,10.00,0.90
13:29:04.955,104582,11.35,22.51,12.05,11.76,-0.86,10.59,2.04
13:29:05.057,104684,11.33,22.76,12.02,11.80,-0.75,10.40,2.08
13:29:05.160,104787,11.34,22.76,12.02,11.80,-0.82,10.59,1.96
13:29:05.262,104889,11.34,21.15,11.99,11.79,-0.90,10.08,2.16
13:29:05.364,104991,11.35,23.27,11.95,11.79,-1.02,10.24,1.73
13:29:05.467,105094,11.35,23.27,11.95,11.80,-1.45,10.04,1.96
13:29:05.569,105196,11.34,21.28,12.01,11.82,-2.24,10.59,1.88
13:29:05.671,105299,11.36,23.05,12.01,11.82,-1.69,10.40,1.77
13:29:05.773,105400,11.36,23.05,11.91,11.72,-1.45,9.96,1.22
13:29:05.876,105503,11.37,22.47,11.90,11.84,-1.06,10.00,1.10
13:29:05.977,105605,11.37,22.47,11.90,11.84,-0.94,10.04,1.33
13:29:06.080,105707,11.37,22.47,11.90,11.84,-0.16,10.20,0.90
13:29:06.182,105810,11.41,22.51,11.84,11.84,0.00,10.04,1.73
13:29:06.285,105912,11.41,22.51,11.84,11.78,-0.71,10.24,1.41
13:29:06.387,106014,11.40,11.44,11.85,11.76,-0.24,10.55,0.63
13:29:06.489,106117,11.45,11.44,11.85,11.76,-0.31,10.71,1.41
13:29:06.592,106219,11.45,11.44,11.84,11.84,-1.22,10.20,0.71
13:29:06.694,106321,11.40,11.46,11.82,11.89,-1.22,10.12,1.61
13:29:06.797,106424,11.40,11.46,11.82,11.89,-2.12,11.18,1.06
13:29:06.898,106526,11.41,12.64,11.95,11.91,-1.26,9.30,2.71
13:29:06.999,106627,11.37,14.25,11.95,11.91,-1.37,10.16,1.65
13:29:07.102,106729,11.37,14.25,11.95,11.91,-1.06,9.30,2.31
13:29:07.203,106831,11.24,17.13,11.89,11.92,-0.94,9.92,2.20
13:29:07.306,106933,11.24,17.13,11.89,11.92,-0.94,9.10,2.51
13:29:07.408,107035,11.21,18.80,11.86,11.89,-0.90,12.00,2.82
13:29:07.511,107138,11.17,11.79,11.77,11.89,-5.41,13.96,-0.27
13:29:07.613,107241,11.17,11.79,11.77,12.03,-2.35,8.90,2.51
13:29:07.715,107342,11.14,17.57,11.62,12.07,2.12,9.69,-0.04
13:29:07.817,107445,11.14,15.26,11.62,12.07,0.12,9.77,-0.16
13:29:07.921,107548,11.14,15.26,11.61,12.15,-0.08,8.79,0.71
13:29:08.023,107651,11.14,13.11,11.52,12.19,-0.04,9.77,1.41
13:29:08.126,107753,11.14,13.11,11.52,12.19,-0.78,10.47,1.29
13:29:08.228,107855,10.99,14.99,11.49,12.14,-0.82,11.34,2.24
13:29:08.330,107958,10.96,21.13,11.34,12.14,0.00,15.18,3.30
13:29:08.432,108060,10.96,21.13,11.34,12.26,2.59,5.45,0.94
13:29:08.535,108162,10.89,22.43,11.29,12.37,-0.78,11.30,-0.35
13:29:08.638,108264,10.86,22.43,11.29,12.37,-0.63,9.89,2.08
13:29:08.739,108367,10.86,22.37,11.24,12.51,-0.47,9.10,1.41
13:29:08.842,108469,10.76,19.23,11.22,12.58,-0.71,9.77,0.90
13:29:08.944,108572,10.76,19.23,11.22,12.58,-0.55,9.45,2.20
13:29:09.046,108673,10.71,22.69,11.13,12.62,0.04,9.89,2.24
13:29:09.148,108776,10.65,19.59,11.13,12.62,1.84,9.73,-0.55
13:29:09.251,108878,10.65,19.59,11.01,12.70,-0.04,13.22,-0.78
13:29:09.353,108980,10.55,12.55,11.02,12.81,-0.98,8.39,2.00
13:29:09.455,109082,10.55,12.55,11.02,12.81,1.10,9.14,-0.39
13:29:09.558,109185,10.55,12.55,11.02,12.81,0.20,10.79,0.47
13:29:09.660,109287,10.43,12.83,10.92,12.81,0.55,10.08,0.59
13:29:09.762,109390,10.43,12.83,10.92,12.95,0.00,10.28,0.16
13:29:09.864,109492,10.41,12.84,10.91,12.99,0.08,11.10,0.67
13:29:09.967,109594,10.36,12.84,10.91,12.99,-0.16,10.16,1.53
13:29:10.069,109696,10.36,12.84,10.89,13.06,0.20,10.63,1.10
13:29:10.171,109799,10.29,13.00,10.82,13.15,0.86,12.83,-1.02
13:29:10.274,109901,10.29,13.00,10.82,13.15,0.63,8.51,-1.77
13:29:10.376,110003,10.25,16.06,10.88,13.28,0.20,8.63,0.20
13:29:10.478,110106,10.19,25.60,10.86,13.28,0.59,8.98,-0.82
13:29:10.580,110208,10.19,25.60,10.86,13.32,-0.86,9.65,-0.12
13:29:10.683,110310,10.18,25.12,10.81,13.40,-0.63,10.59,1.26
13:29:10.785,110413,10.18,25.12,10.81,13.40,-0.08,10.16,-1.29
13:29:10.887,110515,10.18,24.01,10.81,13.45,-0.55,9.92,0.12
13:29:10.990,110617,10.26,24.18,10.81,13.40,-1.02,10.08,-0.59
13:29:11.092,110720,10.26,24.18,10.81,13.40,-0.47,10.16,-0.24
13:29:11.194,110821,10.31,24.44,10.75,13.29,0.00,9.41,-0.27
13:29:11.296,110924,10.37,16.62,10.75,13.29,0.00,9.45,-1.73
13:29:11.399,111026,10.37,16.62,10.71,13.26,1.96,9.81,-1.37
13:29:11.501,111128,10.35,13.15,10.67,13.25,0.35,10.98,3.69
13:29:11.603,111231,10.35,13.15,10.67,13.25,1.33,9.18,-0.59
13:29:11.706,111333,10.54,13.26,10.63,13.16,0.27,10.51,-1.84
13:29:11.808,111435,11.03,13.29,10.66,13.16,1.06,9.49,-0.47
13:29:11.911,111538,11.03,13.29,10.66,13.17,0.47,9.89,0.67
13:29:12.012,111640,15.69,13.29,10.48,13.16,0.86,9.34,0.35
13:29:12.115,111743,10.70,13.34,10.48,13.16,0.90,9.92,-0.04
13:29:12.217,111844,10.70,13.34,10.44,13.16,1.10,10.90,-0.24
13:29:12.319,111947,22.10,13.38,10.43,13.06,0.24,14.20,0.39
13:29:12.422,112049,22.10,13.38,10.43,13.06,2.35,6.94,-2.28
13:29:12.524,112151,16.04,13.50,10.26,13.00,0.00,9.69,-2.24
13:29:12.626,112254,12.44,13.59,10.12,13.00,-0.90,9.92,0.20
13:29:12.729,112356,12.44,13.59,10.12,12.96,0.24,9.49,0.82
13:29:12.831,112458,16.02,13.68,10.11,12.90,0.08,10.28,0.86
13:29:12.933,112560,16.02,13.68,10.11,12.90,0.75,9.45,1.92
13:29:13.036,112663,16.02,13.68,10.11,12.90,-0.67,11.18,1.65
13:29:13.138,112765,23.55,13.88,9.82,12.75,1.10,12.32,1.29
13:29:13.240,112868,23.55,13.88,9.82,12.75,-4.00,15.30,-2.39
13:29:13.342,112969,16.36,13.91,9.63,12.64,2.94,5.73,-1.22
13:29:13.445,113072,23.79,13.97,9.63,12.64,0.82,10.00,-0.98
13:29:13.547,113174,23.79,13.97,9.61,12.52,1.53,9.10,0.90
13:29:13.649,113276,12.02,14.17,9.42,12.44,1.18,9.92,0.94
13:29:13.751,113379,12.02,14.17,9.42,12.44,0.51,9.10,1.73
13:29:13.854,113481,23.95,14.21,9.31,12.38,1.41,10.40,1.02
13:29:13.956,113584,24.07,14.36,9.22,12.38,1.69,13.14,-0.08
13:29:14.057,113685,24.07,14.36,9.22,12.27,-0.98,9.38,-1.10
13:29:14.159,113786,24.18,14.43,9.10,12.19,-1.80,12.12,1.45
13:29:14.262,113889,24.45,14.43,9.10,12.19,0.00,10.08,-1.33
13:29:14.363,113991,24.45,14.62,9.01,12.10,0.08,9.38,0.55
13:29:14.466,114093,24.50,14.68,8.86,12.05,0.04,9.77,1.10
13:29:14.568,114196,24.50,14.68,8.86,12.05,0.35,9.89,1.22
13:29:14.672,114299,24.60,14.79,8.79,11.99,0.27,10.98,1.49
13:29:14.774,114402,24.57,14.82,8.79,11.99,2.04,12.36,0.67
13:29:14.877,114504,24.57,14.82,8.68,11.87,-1.29,11.38,-1.33
13:29:14.979,114606,24.65,14.98,8.53,11.76,1.29,8.28,-0.04
13:29:15.082,114709,24.64,14.98,8.53,11.76,0.24,11.26,-0.43
13:29:15.183,114811,24.64,14.96,8.44,11.69,0.82,8.83,0.35
13:29:15.286,114913,24.71,15.04,8.31,11.69,0.86,9.85,0.47
13:29:15.389,115016,24.71,15.04,8.31,11.62,0.86,9.81,0.08
13:29:15.490,115118,24.77,15.25,8.21,11.50,1.06,10.59,0.43
13:29:15.591,115219,25.09,15.29,8.21,11.50,-2.20,14.87,0.00
13:29:15.693,115320,25.09,15.29,8.12,11.45,3.02,6.16,-2.20
13:29:15.796,115423,23.43,15.31,8.14,11.40,-0.16,10.94,-0.08
13:29:15.899,115525,23.43,15.31,8.14,11.40,-0.67,10.43,0.31
13:29:16.000,115627,13.29,15.38,7.96,11.31,0.24,9.73,-1.10
13:29:16.102,115730,13.28,15.43,8.18,11.31,0.59,9.81,-0.86
13:29:16.204,115832,13.28,15.43,8.18,11.30,-0.31,10.55,-0.12
13:29:16.307,115934,14.70,15.35,8.05,11.32,0.75,9.85,0.98
13:29:16.409,116036,14.70,15.35,8.05,11.32,0.39,11.06,-0.78
13:29:16.511,116139,14.70,15.35,8.05,11.32,1.14,9.89,0.43
13:29:16.614,116241,13.23,15.35,8.07,11.25,0.82,10.16,-0.59
13:29:16.716,116344,13.23,15.35,8.07,11.25,-0.20,11.02,0.59
13:29:16.818,116445,13.19,15.30,8.08,11.27,0.00,10.67,0.35
13:29:16.921,116548,13.20,15.25,8.08,11.27,0.35,10.36,0.67
13:29:17.023,116650,13.20,15.25,8.12,11.31,0.55,9.73,1.14
13:29:17.125,116752,13.32,15.24,8.11,11.33,0.35,9.89,1.37
13:29:17.227,116855,13.32,15.24,8.11,11.33,-0.31,10.67,1.29
13:29:17.329,116957,13.28,15.16,8.19,11.29,4.90,13.18,2.75
13:29:17.432,117059,13.34,15.08,8.28,11.29,0.75,8.63,2.47
13:29:17.535,117162,13.34,15.08,8.28,11.05,2.94,8.59,-0.20
13:29:17.636,117264,13.26,14.99,8.27,11.07,-0.59,12.20,0.27
13:29:17.739,117367,13.28,14.89,8.27,11.07,1.02,9.45,0.78
13:29:17.841,117468,13.28,14.89,8.38,11.02,0.75,10.36,0.43
13:29:17.944,117571,13.33,14.83,8.47,11.00,1.37,9.45,0.82
13:29:18.044,117672,13.33,14.83,8.47,11.00,2.08,9.73,0.59
13:29:18.146,117773,13.34,14.76,8.55,10.85,1.22,10.79,0.51
13:29:18.249,117876,13.35,14.69,8.53,10.85,-0.39,14.20,-0.27
13:29:18.351,117978,13.35,14.69,8.53,10.56,4.51,5.18,-0.71
13:29:18.453,118080,13.40,14.63,8.64,10.38,-1.80,12.71,0.39
13:29:18.555,118183,13.52,14.63,8.64,10.38,1.26,9.73,1.96
13:29:18.657,118285,13.52,14.59,8.71,10.46,1.26,9.14,1.26
13:29:18.760,118387,13.56,14.56,8.72,10.37,0.47,10.12,0.67
13:29:18.862,118490,13.56,14.56,8.72,10.37,1.22,9.34,0.94
13:29:18.966,118593,13.52,14.47,8.76,10.19,0.98,10.98,2.51
13:29:19.068,118696,13.55,14.42,8.76,10.19,1.88,13.57,0.82
13:29:19.171,118798,13.55,14.42,8.88,10.14,0.39,8.63,1.77
13:29:19.273,118900,13.54,14.31,9.02,10.12,1.26,10.63,0.12
13:29:19.375,119003,13.54,14.31,9.02,10.12,-0.20,10.90,0.90
13:29:19.477,119105,13.67,14.28,8.93,10.05,0.98,9.53,1.53
13:29:19.580,119207,13.74,14.25,8.96,10.05,2.28,9.45,1.53
13:29:19.682,119310,13.74,14.25,8.96,10.05,1.77,9.49,1.33
13:29:19.786,119413,13.75,14.16,9.19,10.03,0.82,10.55,0.43
13:29:19.887,119515,13.75,14.16,9.19,10.03,1.80,14.51,0.04
13:29:19.990,119618,13.75,14.16,9.19,10.03,3.22,4.86,-1.14
13:29:20.093,119720,13.76,14.08,9.32,9.91,-1.45,13.14,-0.94
13:29:20.195,119823,13.76,14.08,9.32,9.91,1.33,8.00,-0.71
13:29:20.297,119925,13.84,14.06,9.39,9.90,0.71,10.08,-1.18
13:29:20.398,120026,13.78,13.97,9.39,9.90,1.14,9.77,-0.71
13:29:20.500,120128,13.78,13.97,9.44,9.83,0.59,9.53,-0.63
13:29:20.602,120230,13.83,13.95,9.48,9.77,0.43,11.18,1.14
13:29:20.705,120333,13.90,13.95,9.48,9.77,0.31,10.75,-0.08
13:29:20.807,120434,13.90,13.90,9.50,9.79,1.22,10.16,-0.16
13:29:20.909,120537,13.95,13.92,9.55,9.79,1.45,9.85,0.90
13:29:21.012,120640,13.95,13.92,9.55,9.80,0.86,10.24,0.31
13:29:21.114,120741,13.94,13.86,9.46,9.73,0.24,11.18,1.02
13:29:21.217,120844,13.95,13.93,9.46,9.73,1.61,10.04,1.18
13:29:21.318,120946,13.95,13.93,9.51,9.63,1.96,9.77,0.47
13:29:21.421,121048,13.95,13.75,9.64,9.65,0.71,10.59,0.90
13:29:21.523,121151,13.95,13.75,9.64,9.65,2.55,10.83,0.98
13:29:21.625,121253,13.97,13.79,9.61,9.68,2.28,8.87,0.94
13:29:21.728,121355,14.03,13.76,9.73,9.68,2.31,9.81,1.22
13:29:21.830,121458,14.03,13.76,9.73,9.65,2.04,9.65,0.27
13:29:21.932,121560,14.05,13.70,9.78,9.55,3.02,9.57,0.16
13:29:22.035,121662,14.07,13.70,9.78,9.55,3.10,11.34,1.53
13:29:22.137,121764,14.07,13.65,9.87,9.48,-1.69,12.24,-1.02
13:29:22.240,121867,14.08,13.57,9.76,9.33,0.51,9.92,1.57
13:29:22.342,121969,14.08,13.57,9.76,9.33,0.94,9.77,0.75
13:29:22.443,122071,14.18,13.55,16.74,9.14,1.69,9.53,1.26
13:29:22.544,122172,14.32,13.52,16.74,9.14,1.02,9.26,1.53
13:29:22.646,122274,14.32,13.52,10.05,8.90,0.82,9.53,3.22
13:29:22.748,122376,14.34,13.42,10.14,9.04,1.41,10.79,1.96
13:29:22.851,122478,14.34,13.42,10.14,9.04,2.47,12.94,3.69
13:29:22.953,122580,14.35,13.47,10.27,8.91,-1.41,9.73,3.41
13:29:23.056,122683,14.36,13.36,19.15,8.91,1.45,10.67,-0.71
13:29:23.158,122786,14.36,13.36,19.15,8.88,0.08,10.36,0.51
13:29:23.260,122887,14.40,13.30,14.69,8.78,0.63,9.06,1.06
13:29:23.362,122989,14.40,13.30,14.69,8.78,1.53,10.16,0.20
13:29:23.464,123092,14.40,13.30,14.69,8.78,1.06,9.89,2.51
13:29:23.567,123194,14.57,13.22,23.60,8.52,1.29,11.34,1.61
13:29:23.669,123297,14.57,13.22,23.60,8.52,0.04,16.04,3.33
13:29:23.771,123399,14.66,13.11,11.63,8.21,2.98,5.10,1.33
13:29:23.874,123501,14.74,13.07,11.63,8.21,-1.92,13.06,1.37
13:29:23.976,123603,14.74,13.07,10.83,8.76,-0.67,10.12,1.18
13:29:24.078,123705,14.83,13.06,11.00,8.42,0.63,9.61,1.22
13:29:24.179,123807,14.88,13.06,11.00,8.42,0.90,9.69,1.57
13:29:24.281,123908,14.88,13.00,11.10,8.30,1.45,9.34,2.51
13:29:24.383,124011,14.99,12.99,11.19,8.30,0.27,11.30,2.31
13:29:24.486,124113,14.99,12.99,11.19,8.14,0.00,15.77,-0.51
13:29:24.588,124215,15.00,12.89,11.34,7.94,0.16,7.45,-0.08
13:29:24.690,124318,15.08,12.86,11.34,7.94,1.77,9.22,0.12
13:29:24.792,124420,15.08,12.86,11.43,7.88,0.04,10.79,0.43
13:29:24.895,124522,15.15,12.87,11.52,8.09,1.33,9.45,0.43
13:29:24.997,124625,15.15,12.87,11.52,8.09,1.49,10.00,0.51
13:29:25.099,124727,15.16,12.79,11.56,8.16,1.80,9.26,1.57
13:29:25.200,124828,15.22,12.78,11.62,8.16,1.33,11.26,1.22
13:29:25.302,124929,15.22,12.78,11.62,8.11,1.80,11.34,1.10
13:29:25.404,125032,15.23,12.78,24.59,8.00,1.02,11.14,-0.04
13:29:25.507,125134,15.30,12.78,24.59,8.00,0.63,9.73,-0.51
13:29:25.610,125236,15.30,12.71,15.68,7.92,-0.39,10.28,-0.75
13:29:25.712,125339,15.40,12.74,12.32,7.88,0.43,10.20,-0.39
13:29:25.814,125441,15.40,12.74,12.32,7.88,0.63,9.45,-0.16
13:29:25.916,125543,15.41,12.72,15.06,7.86,-0.55,10.47,-0.78
13:29:26.018,125646,15.46,12.71,15.06,7.86,0.12,10.98,-1.02
13:29:26.121,125748,15.46,12.71,21.39,7.84,0.59,10.12,1.06
13:29:26.223,125850,15.51,12.70,18.58,7.88,0.59,10.40,1.02
13:29:26.326,125953,15.39,12.70,18.58,7.88,0.00,10.08,0.39
13:29:26.427,126055,15.39,12.74,14.78,7.91,0.16,10.90,-0.43
13:29:26.530,126157,15.42,12.72,11.95,7.91,-0.47,11.34,-0.08
13:29:26.632,126260,15.42,12.72,11.95,7.72,0.04,9.77,0.67
13:29:26.734,126362,15.33,12.68,12.09,7.82,-0.27,10.24,0.39
13:29:26.836,126463,15.33,12.68,12.09,7.82,-0.71,10.90,1.84
13:29:26.937,126565,15.33,12.68,12.09,7.82,0.04,9.34,-0.86
13:29:27.039,126667,15.33,12.61,12.13,7.92,1.61,9.06,1.18
13:29:27.141,126769,15.33,12.61,12.13,7.92,-0.55,10.94,0.78
13:29:27.244,126871,15.33,12.57,12.12,8.01,-2.90,15.18,-6.16
13:29:27.346,126973,15.31,12.35,12.20,8.01,0.71,7.02,-0.43
13:29:27.448,127075,15.31,12.35,12.20,8.17,2.12,10.04,-1.53
13:29:27.550,127178,15.19,12.31,12.21,8.67,0.20,9.85,-0.20
13:29:27.653,127280,15.10,12.31,12.21,8.67,0.86,9.85,0.12
13:29:27.755,127382,15.10,12.20,12.29,8.37,0.86,9.53,0.35
13:29:27.857,127485,15.06,12.12,12.41,8.48,0.86,9.85,0.04
13:29:27.960,127587,15.06,12.12,12.41,8.48,2.04,10.63,-1.26
13:29:28.062,127689,14.99,12.01,13.02,8.60,-0.75,15.97,-1.10
13:29:28.164,127792,14.93,11.87,13.02,8.60,5.06,3.37,-0.67
13:29:28.266,127894,14.93,11.87,12.61,8.84,-2.04,12.43,0.47
13:29:28.369,127996,14.90,11.78,12.68,9.26,-1.22,10.43,0.94
13:29:28.471,128098,14.90,11.78,12.68,9.26,1.06,7.88,-0.16
13:29:28.573,128200,14.77,11.71,12.89,8.92,0.94,9.10,0.39
13:29:28.676,128303,14.76,11.80,12.96,8.92,-0.20,11.02,1.29
13:29:28.778,128406,14.76,11.80,12.96,9.01,-0.04,11.49,0.35
13:29:28.880,128507,14.60,12.07,12.94,9.16,-3.41,13.81,-2.79
13:29:28.983,128610,14.46,11.13,12.94,9.16,1.14,6.67,0.47
13:29:29.085,128712,14.46,11.13,12.99,9.36,0.94,12.55,-0.27
13:29:29.187,128814,14.38,11.26,13.07,9.68,0.98,8.51,0.86
13:29:29.290,128917,14.38,11.26,13.07,9.68,1.49,8.83,0.59
13:29:29.391,129019,14.25,11.06,13.18,9.69,1.37,9.65,0.31
13:29:29.494,129121,14.18,10.91,13.14,9.69,0.16,10.90,-0.63
13:29:29.596,129223,14.18,10.91,13.14,9.97,0.43,15.18,0.08
13:29:29.698,129326,14.12,10.73,13.18,9.80,1.37,6.75,-1.65
13:29:29.801,129428,14.09,10.73,13.18,9.80,-1.77,10.98,-0.75
13:29:29.903,129530,14.09,10.65,22.16,9.66,-0.16,9.41,0.20
13:29:30.006,129633,14.02,10.59,13.41,10.02,-0.47,9.53,0.24
13:29:30.108,129735,14.02,10.59,13.41,10.02,-0.75,9.73,0.08
13:29:30.210,129837,13.99,10.51,13.49,10.04,-0.98,10.20,-0.20
13:29:30.311,129939,13.99,10.51,13.49,10.04,-0.20,10.98,-0.31
13:29:30.413,130040,13.99,10.51,13.49,10.04,-1.80,11.30,-1.18
13:29:30.515,130142,13.79,10.35,13.51,10.02,-0.27,10.20,-0.04
13:29:30.618,130245,13.79,10.35,13.51,10.02,1.45,8.83,-0.08
13:29:30.720,130347,13.72,10.30,13.52,10.36,0.51,10.08,-0.67
13:29:30.822,130449,13.68,10.19,13.61,10.36,0.27,9.92,-0.75
13:29:30.925,130552,13.68,10.19,13.61,10.74,0.86,9.34,-1.65
13:29:31.027,130654,13.62,10.12,13.65,10.50,-0.04,10.63,-0.75
13:29:31.129,130756,13.55,10.13,13.65,10.50,0.59,10.04,0.78
13:29:31.231,130858,13.55,10.13,13.56,10.50,0.12,9.69,0.00
13:29:31.334,130961,13.61,10.14,13.59,10.65,-0.08,10.51,-0.20
13:29:31.434,131062,13.61,10.14,13.59,10.65,-0.24,10.28,-0.35
13:29:31.536,131163,13.46,10.12,13.60,10.79,-0.31,9.89,0.04
13:29:31.639,131266,13.49,10.11,13.64,10.79,2.16,10.08,0.55
13:29:31.741,131368,13.49,10.11,13.64,10.85,1.10,11.34,0.63
13:29:31.843,131470,13.49,10.03,13.80,10.47,0.78,8.63,0.71
13:29:31.945,131573,13.34,10.03,13.80,10.47,0.47,10.32,0.04
13:29:32.048,131675,13.34,9.97,13.73,10.66,0.67,10.16,0.16
13:29:32.150,131777,13.31,9.99,13.82,10.73,0.31,10.87,0.20
13:29:32.252,131880,13.31,9.99,13.82,10.73,1.06,11.53,-0.04
13:29:32.355,131982,13.39,9.82,14.02,10.88,-0.08,9.53,-1.69
13:29:32.455,132083,13.24,9.74,14.02,10.88,-0.94,9.34,-0.24
13:29:32.558,132185,13.24,9.74,14.01,11.34,-2.12,10.08,-1.14
13:29:32.659,132287,13.31,9.74,14.10,10.88,-0.35,9.41,0.04
13:29:32.762,132389,13.31,9.74,14.10,10.88,-0.31,9.38,0.27
13:29:32.864,132491,13.25,9.65,14.20,23.66,-0.31,9.53,0.75
13:29:32.967,132594,13.18,9.53,14.33,23.66,-0.55,11.73,-0.39
13:29:33.070,132697,13.18,9.53,14.33,17.68,-1.37,14.79,-3.69
13:29:33.173,132800,13.09,9.40,14.33,11.73,0.67,6.12,-1.14
13:29:33.276,132903,12.94,9.25,14.33,11.73,-0.08,11.65,-1.29
13:29:33.377,133005,12.94,9.25,14.62,11.39,-0.04,9.22,0.55
13:29:33.480,133107,12.83,9.14,14.78,11.53,0.31,8.83,-0.24
13:29:33.582,133210,12.83,9.14,14.78,11.53,0.71,9.96,-0.35
13:29:33.686,133313,12.72,8.96,17.31,11.66,-0.16,10.36,-0.51
13:29:33.788,133415,12.72,8.96,17.31,11.66,-2.24,17.81,-3.41
13:29:33.891,133518,12.72,8.96,17.31,11.66,1.57,3.18,-2.20
13:29:33.993,133621,12.57,8.69,15.09,16.67,-2.71,12.67,-1.49
13:29:34.096,133723,12.48,8.69,15.09,16.67,-0.71,9.14,0.35
13:29:34.198,133825,12.48,8.61,15.14,18.65,-0.27,9.49,0.20
13:29:34.300,133928,12.41,8.48,15.21,19.90,0.04,9.06,-0.08
13:29:34.403,134030,12.41,8.48,15.21,19.90,-0.35,10.90,-1.26
13:29:34.505,134132,12.38,8.40,15.28,13.23,0.35,13.93,-1.37
13:29:34.607,134234,12.16,8.25,15.28,13.23,0.67,7.49,-1.14
13:29:34.709,134337,12.16,8.25,17.10,12.42,0.94,9.02,-1.88
13:29:34.811,134439,12.10,8.11,15.62,12.49,-0.82,9.26,-1.22
13:29:34.914,134541,12.10,8.11,15.62,12.49,0.59,8.90,-2.28
13:29:35.016,134643,11.97,7.98,15.75,12.68,0.24,9.69,-1.29
13:29:35.119,134746,11.97,7.93,15.88,12.68,0.20,10.47,-1.06
13:29:35.221,134848,11.97,7.93,15.88,23.82,0.51,11.18,-0.75
13:29:35.323,134950,12.01,7.69,15.80,14.17,0.20,8.16,-0.31
13:29:35.426,135053,11.88,7.67,15.80,14.17,-0.43,10.32,-0.51
13:29:35.528,135155,11.88,7.67,15.82,14.18,-0.71,8.59,-0.51
13:29:35.630,135257,11.93,7.55,15.88,12.97,-0.90,9.22,-2.51
13:29:35.732,135360,11.93,7.55,15.88,12.97,-1.65,9.30,-1.96
13:29:35.834,135462,11.82,7.42,15.96,13.04,-1.22,9.73,-2.24
13:29:35.938,135564,12.56,7.69,15.93,13.04,-0.47,9.69,-2.00
13:29:36.040,135666,12.56,7.69,15.93,17.91,-0.71,10.08,-1.18
13:29:36.142,135769,11.91,7.47,15.88,13.37,-0.43,9.69,-1.80
13:29:36.244,135871,11.92,7.47,15.88,13.37,0.04,9.85,-1.41
13:29:36.346,135973,11.92,7.50,15.84,13.06,-0.27,9.26,-1.10
13:29:36.449,136076,11.87,7.53,15.83,13.05,-0.39,9.73,-1.37
13:29:36.551,136178,11.87,7.53,15.83,13.05,-0.94,10.16,-0.63
13:29:36.653,136280,11.90,7.54,15.80,13.06,0.16,9.92,-1.02
13:29:36.756,136383,11.87,7.60,15.80,13.06,0.16,9.06,0.00
13:29:36.858,136485,11.87,7.60,15.73,13.05,-0.59,10.55,-0.16
13:29:36.960,136587,11.85,7.59,15.72,13.09,-0.04,9.92,-0.86
13:29:37.062,136689,11.85,7.59,15.72,13.09,0.67,12.75,-2.28
13:29:37.163,136791,11.69,7.62,15.65,13.08,0.55,7.41,0.51
13:29:37.266,136893,11.69,7.62,15.65,13.08,1.10,8.28,-5.06
13:29:37.368,136995,11.69,7.62,15.65,13.08,-1.06,9.69,-2.39
13:29:37.469,137097,11.66,7.68,15.52,13.17,0.82,10.16,-1.53
13:29:37.572,137199,11.30,7.68,15.52,13.17,-0.35,9.73,-0.27
13:29:37.674,137301,11.30,7.78,15.45,13.18,1.73,8.51,-0.27
13:29:37.776,137404,11.34,7.90,15.45,13.18,0.90,10.40,-1.26
13:29:37.879,137506,11.34,7.90,15.45,13.18,0.98,12.24,-0.08
13:29:37.981,137608,11.17,7.76,15.39,13.28,-0.12,9.30,-0.67
13:29:38.084,137711,11.09,7.83,15.39,13.28,-0.43,9.22,-1.96
13:29:38.186,137813,11.09,7.83,15.43,13.26,-0.43,8.39,-2.08
13:29:38.288,137915,10.92,14.35,15.33,13.28,0.86,8.20,-0.43
13:29:38.391,138018,10.84,14.35,15.33,13.28,0.27,9.22,-0.39
13:29:38.492,138120,10.84,8.03,15.27,13.23,0.24,10.00,-0.71
13:29:38.596,138222,10.78,8.12,15.17,13.36,0.71,10.98,-0.78
13:29:38.698,138325,10.78,8.12,15.17,13.36,-1.10,14.16,-2.16
13:29:38.801,138428,10.66,8.26,15.09,13.41,1.61,6.67,-1.22
13:29:38.904,138531,10.57,8.38,15.09,13.41,0.12,11.77,-0.51
13:29:39.006,138633,10.57,8.38,14.96,13.53,0.63,8.87,0.24
13:29:39.108,138735,10.44,8.40,14.94,13.62,0.51,8.75,-0.16
13:29:39.210,138838,10.44,8.40,14.94,13.62,0.31,10.63,-0.94
13:29:39.313,138940,10.35,8.39,14.88,13.64,0.08,11.53,-0.67
13:29:39.413,139041,10.23,8.60,14.75,13.64,-1.65,12.83,-0.43
13:29:39.514,139142,10.23,8.60,14.75,13.75,-0.31,7.85,-2.12
13:29:39.617,139243,10.06,8.75,14.77,13.65,-1.41,10.59,-1.45
13:29:39.718,139346,9.91,8.75,14.77,13.65,-0.59,9.57,0.00
13:29:39.821,139448,9.91,8.77,14.71,13.79,-0.35,9.41,0.39
13:29:39.923,139550,9.84,8.80,14.67,13.79,-0.59,10.47,0.31
13:29:40.024,139652,9.84,8.80,14.67,13.79,0.08,10.40,-0.82
13:29:40.127,139754,9.84,8.80,14.67,13.79,0.75,13.73,-1.88
13:29:40.227,139855,9.70,8.96,14.67,13.79,1.37,6.55,-0.20
13:29:40.330,139957,9.70,8.96,14.49,13.91,0.90,9.45,-0.90
13:29:40.432,140059,9.57,9.08,14.38,13.95,-0.63,10.20,-1.53
13:29:40.534,140161,9.57,9.08,14.38,13.95,0.98,9.02,-2.28
13:29:40.636,140263,9.59,9.12,14.30,13.97,0.04,10.32,-1.57
13:29:40.737,140365,9.59,9.12,14.30,13.97,1.61,9.14,-1.80
13:29:40.840,140467,9.59,9.12,14.30,13.97,0.71,10.16,-0.82
13:29:40.941,140569,9.55,9.29,14.24,14.01,1.49,9.18,-0.43
13:29:41.044,140672,9.52,9.26,14.24,14.01,0.27,9.73,-0.51
13:29:41.146,140773,9.52,9.26,14.28,14.06,0.39,9.89,-0.94
13:29:41.248,140876,9.45,9.32,14.29,14.08,-0.24,9.96,-1.84
13:29:41.351,140978,9.45,9.32,14.29,14.08,-0.39,9.96,-2.24
13:29:41.453,141080,9.44,9.34,14.28,14.12,0.12,10.55,-2.08
13:29:41.555,141183,9.39,9.29,14.32,14.12,0.43,9.26,-2.28
13:29:41.658,141285,9.39,9.29,14.32,14.20,0.75,9.45,-1.22
13:29:41.760,141387,9.40,11.36,14.35,14.15,-0.43,9.96,-1.57
13:29:41.863,141490,9.34,11.36,14.35,14.15,-0.71,9.92,-0.43
13:29:41.964,141592,9.34,9.29,14.38,14.20,0.20,9.30,-0.24
13:29:42.067,141694,9.30,9.07,14.36,14.25,-0.94,10.16,-0.98
13:29:42.169,141797,9.30,9.07,14.36,14.25,-0.86,9.73,-0.24
13:29:42.271,141899,9.25,9.15,14.30,14.26,-0.47,9.96,0.31
13:29:42.372,142000,9.19,9.28,14.30,14.26,-1.10,12.16,-0.12
13:29:42.475,142102,9.19,9.28,14.25,14.32,-1.53,12.55,-3.57
13:29:42.577,142204,9.10,9.48,14.17,14.39,2.75,5.96,0.08
13:29:42.679,142306,9.10,9.48,14.17,14.39,-2.67,13.22,-0.78
13:29:42.781,142408,9.03,9.51,14.08,14.44,0.39,8.90,-0.27
13:29:42.883,142511,8.92,9.56,14.03,14.44,0.35,9.18,0.08
13:29:42.986,142614,8.92,9.56,14.03,14.46,0.43,10.47,-0.35
13:29:43.088,142715,8.86,9.67,13.98,14.56,-0.24,10.67,0.12
13:29:43.191,142818,8.69,9.67,13.98,14.56,-1.73,14.91,-1.49
13:29:43.293,142920,8.69,9.79,13.95,14.57,1.02,5.02,-1.45
13:29:43.395,143022,8.64,9.91,14.01,14.64,-3.02,11.92,-0.71
13:29:43.497,143125,8.64,9.91,14.01,14.64,-0.82,9.49,0.04
13:29:43.601,143228,8.57,20.40,13.97,14.79,0.47,8.59,0.35
13:29:43.704,143331,8.46,18.51,13.90,14.79,-0.67,10.00,0.90
13:29:43.806,143433,8.46,18.51,13.90,14.90,0.16,10.51,-1.18
13:29:43.908,143535,8.37,20.59,13.83,14.94,0.16,14.79,-1.18
13:29:44.011,143638,8.30,20.59,13.83,14.94,0.27,6.59,1.10
13:29:44.114,143741,8.30,15.34,13.75,15.04,1.88,8.87,-2.59
13:29:44.216,143843,8.30,15.34,13.75,15.04,-2.04,10.32,-1.18
13:29:44.318,143945,8.30,15.34,13.75,15.04,1.37,7.69,-0.71
13:29:44.420,144047,8.15,10.59,13.68,15.14,0.12,10.47,-0.24
13:29:44.523,144150,8.09,12.71,13.68,15.14,-0.12,11.22,-0.67
13:29:44.624,144251,8.09,12.71,13.63,15.15,0.27,12.28,-1.06
13:29:44.727,144354,7.99,20.80,13.66,15.30,1.18,8.75,-2.24
13:29:44.830,144456,7.99,20.80,13.66,15.30,-0.04,9.02,-0.35
13:29:44.931,144558,7.88,17.75,13.61,15.37,-0.04,8.98,-0.47
13:29:45.034,144661,7.73,17.79,13.65,15.37,-0.27,8.39,-1.69
13:29:45.136,144763,7.73,17.79,13.65,15.53,-1.41,9.85,-2.04
13:29:45.238,144865,7.75,23.96,13.66,15.38,-0.39,9.77,-1.37
13:29:45.341,144968,7.67,23.96,13.66,15.38,0.27,11.14,0.00
13:29:45.443,145070,7.67,19.83,13.56,15.52,0.31,11.65,-1.49
13:29:45.545,145172,7.63,17.44,13.56,15.47,4.98,4.51,-1.61
13:29:45.648,145275,7.63,17.44,13.56,15.47,0.55,11.65,-1.18
13:29:45.749,145376,7.65,17.44,13.42,15.46,-1.33,11.18,-1.02
13:29:45.852,145479,7.58,23.52,13.42,15.46,3.22,7.85,-1.88
13:29:45.954,145581,7.58,23.52,13.46,15.44,1.57,11.10,-0.04
13:29:46.056,145683,7.60,22.07,13.44,15.49,-0.27,10.20,-0.04
13:29:46.159,145786,7.60,22.07,13.44,15.49,-1.06,11.02,-0.55
13:29:46.261,145888,7.69,11.47,13.43,15.48,-0.27,8.04,-1.65
13:29:46.363,145990,7.68,12.92,13.44,15.48,-0.82,10.16,-0.47
13:29:46.466,146093,7.68,12.92,13.44,15.56,-0.04,9.18,-3.14
13:29:46.568,146195,7.68,11.58,13.40,15.70,-0.94,9.89,0.00
13:29:46.670,146297,8.21,11.58,13.40,15.70,-0.04,9.65,0.16
13:29:46.772,146399,8.21,11.58,13.36,15.70,0.16,9.81,-0.24
13:29:46.875,146502,7.98,11.58,13.37,15.64,-0.75,10.47,0.59
13:29:46.977,146604,7.98,11.58,13.37,15.64,0.51,9.69,-0.43
13:29:47.079,146706,7.89,11.64,13.31,15.57,-0.43,10.98,0.63
13:29:47.182,146809,9.98,11.67,13.31,15.57,-2.08,13.22,-0.20
13:29:47.284,146911,9.98,11.67,13.19,15.49,2.20,8.24,-0.67
13:29:47.386,147013,15.29,11.65,13.15,15.37,-0.82,10.00,0.63
13:29:47.489,147116,8.32,11.65,13.15,15.37,0.31,9.02,-1.77
13:29:47.592,147219,8.32,11.70,13.01,15.27,0.75,8.83,-0.94
13:29:47.693,147321,8.32,11.70,13.01,15.27,0.47,11.96,-0.67
13:29:47.796,147423,8.32,11.70,13.01,15.27,1.33,13.26,-0.98
13:29:47.898,147525,8.60,11.87,12.67,15.07,2.75,6.39,-2.08
13:29:48.000,147628,8.56,11.96,12.67,15.07,0.08,8.63,0.20
13:29:48.102,147729,8.56,11.96,12.53,14.94,0.35,8.79,1.26
13:29:48.204,147832,8.91,12.12,12.41,14.90,0.24,8.36,0.04
13:29:48.305,147933,8.91,12.12,12.41,14.90,-0.67,12.55,-0.24
13:29:48.407,148034,8.95,12.22,12.23,14.73,0.12,13.73,0.98
13:29:48.510,148137,9.82,12.38,12.09,14.73,3.61,7.53,-0.35
13:29:48.612,148239,9.82,12.38,12.09,14.60,-2.94,11.41,0.31
13:29:48.714,148341,9.13,12.57,11.95,14.50,-0.12,8.55,-0.94
13:29:48.817,148444,9.29,12.57,11.95,14.50,1.41,8.59,-1.61
13:29:48.919,148546,9.29,12.65,11.72,14.39,-1.33,12.47,-1.22
13:29:49.021,148648,9.52,12.85,11.59,14.29,-3.69,12.51,-1.14
13:29:49.124,148751,9.52,12.85,11.59,14.29,-2.39,10.47,-0.94
13:29:49.225,148853,9.87,12.86,11.38,14.15,-0.39,8.43,0.35
13:29:49.327,148954,9.74,12.99,11.38,14.15,0.55,7.77,-0.59
13:29:49.429,149056,9.74,12.99,11.22,14.08,-0.27,11.96,-2.08
13:29:49.531,149158,9.81,13.07,11.02,13.96,0.82,12.40,-0.63
13:29:49.633,149260,9.81,13.07,11.02,13.96,2.94,8.04,0.43
13:29:49.736,149363,9.98,13.29,10.91,13.80,-2.82,11.73,-0.78
13:29:49.838,149465,10.24,13.52,10.65,13.80,1.22,6.75,-1.10
13:29:49.941,149568,10.24,13.52,10.65,13.63,1.06,9.02,0.16
13:29:50.042,149669,10.34,13.60,10.53,13.54,-0.86,13.57,0.04
13:29:50.145,149772,10.57,13.60,10.53,13.54,-4.47,13.18,-2.47
13:29:50.247,149874,10.57,13.71,10.29,13.42,0.78,7.06,-5.81
13:29:50.349,149976,10.67,13.83,10.07,13.29,0.43,7.34,0.08
13:29:50.452,150079,10.67,13.83,10.07,13.29,-0.59,9.41,-0.04
13:29:50.553,150181,10.80,14.00,9.96,13.20,0.08,10.28,-1.57
13:29:50.654,150282,10.98,14.07,9.96,13.20,-1.57,12.28,0.31
13:29:50.757,150384,10.98,14.07,9.80,13.05,0.31,8.43,-0.86
13:29:50.859,150486,11.17,14.22,9.54,12.90,-0.98,10.90,-1.45
13:29:50.961,150589,11.45,14.22,9.54,12.90,0.59,7.41,0.04
13:29:51.063,150690,11.45,14.44,9.44,12.76,0.59,8.98,0.43
13:29:51.165,150792,11.45,14.44,9.44,12.76,0.08,12.51,-1.33
13:29:51.267,150894,11.45,14.44,9.44,12.76,-1.14,14.20,0.59
13:29:51.369,150996,11.86,14.68,9.00,12.58,0.71,8.39,-2.16
13:29:51.471,151099,11.84,14.91,9.00,12.58,0.63,7.22,1.18
13:29:51.573,151200,11.84,14.91,8.85,12.44,0.24,8.43,-0.75
13:29:51.676,151303,12.08,14.89,8.82,12.34,0.04,10.08,-0.67
13:29:51.778,151405,12.08,14.89,8.82,12.34,-1.49,12.32,1.37
13:29:51.880,151507,12.34,14.88,8.58,12.23,-2.59,9.45,-2.55
13:29:51.983,151610,12.45,15.09,8.65,12.23,-1.77,10.55,-4.75
13:29:52.084,151712,12.45,15.09,8.65,12.08,0.78,8.08,-0.43
13:29:52.187,151814,12.64,15.11,8.51,11.97,1.61,8.71,0.78
13:29:52.290,151917,12.75,15.11,8.51,11.97,0.67,10.71,-0.63
13:29:52.392,152019,12.75,15.17,8.28,11.86,0.71,11.61,-1.45
13:29:52.494,152121,12.94,15.32,8.17,11.73,-0.67,6.75,-2.31
13:29:52.597,152224,12.94,15.32,8.17,11.73,-3.69,10.63,-0.12
13:29:52.698,152325,13.95,15.38,8.06,11.66,-1.53,9.61,0.04
13:29:52.801,152428,13.10,15.45,8.06,11.66,-0.67,10.00,0.20
13:29:52.903,152530,13.10,15.45,8.01,11.57,-0.08,8.83,1.53
13:29:53.005,152632,13.22,15.47,7.88,11.49,0.35,10.79,0.16
13:29:53.108,152735,13.22,15.47,7.88,11.49,-1.41,13.77,0.04
13:29:53.210,152837,13.29,15.41,7.84,11.38,2.82,6.28,0.98
13:29:53.313,152940,13.47,15.45,7.88,11.38,-1.77,10.98,-2.71
13:29:53.414,153041,13.47,15.45,7.88,11.20,-1.49,10.04,0.78
13:29:53.515,153142,13.55,15.42,7.90,11.01,0.47,9.34,-0.27
13:29:53.618,153245,13.55,15.42,7.90,11.01,1.06,9.26,-2.59
13:29:53.720,153347,13.55,15.40,7.84,10.89,0.24,10.98,-0.27
13:29:53.822,153449,13.69,15.31,7.99,10.36,1.37,7.96,-1.73
13:29:53.925,153552,13.69,15.31,7.99,10.36,-1.61,10.47,2.63
13:29:54.026,153654,13.75,15.25,7.95,10.35,0.20,8.87,0.98
13:29:54.129,153756,13.78,15.22,7.95,10.35,-0.63,9.49,0.04
13:29:54.231,153858,13.78,15.22,7.95,10.62,-1.33,12.20,-0.12
13:29:54.334,153961,13.84,15.08,8.04,10.39,-3.14,12.40,-3.80
13:29:54.436,154063,13.84,15.08,8.04,10.39,1.33,8.12,-3.73
13:29:54.537,154165,13.84,15.03,8.11,10.28,-1.10,9.14,2.71
13:29:54.639,154266,13.84,15.03,8.11,10.28,-0.24,8.87,-0.04
13:29:54.742,154369,13.84,15.03,8.11,10.28,0.94,9.14,-1.88
13:29:54.843,154470,13.99,14.85,8.30,9.99,-0.71,12.55,-0.27
13:29:54.946,154573,14.08,14.85,8.30,9.99,-4.47,12.12,-2.24
13:29:55.048,154675,14.08,14.83,8.45,9.88,-3.06,11.65,-0.39
13:29:55.151,154777,14.11,14.70,8.56,9.76,0.51,6.98,0.27
13:29:55.253,154880,14.11,14.70,8.56,9.76,0.51,8.08,-1.45
13:29:55.356,154983,14.19,14.67,8.62,9.68,-0.75,11.10,-1.65
13:29:55.459,155086,14.21,14.53,8.73,9.68,1.29,12.71,0.31
13:29:55.561,155188,14.21,14.53,8.73,9.57,3.41,7.81,2.35
13:29:55.663,155290,14.27,14.46,8.93,9.49,-1.77,11.49,-0.43
13:29:55.766,155393,14.33,14.46,8.93,9.49,-0.47,8.08,-1.02
13:29:55.868,155495,14.33,14.39,9.05,9.34,0.94,8.98,0.20
13:29:55.968,155596,14.29,14.25,9.19,9.34,-0.86,13.18,-0.31
13:29:56.070,155697,14.29,14.25,9.19,9.08,-0.90,13.93,0.75
13:29:56.171,155798,14.37,14.25,9.29,9.13,1.92,7.22,-2.12
13:29:56.273,155901,14.55,14.25,9.29,9.13,0.00,8.83,2.20
13:29:56.376,156003,14.55,14.15,9.47,8.98,-1.10,8.36,-1.57
13:29:56.478,156105,14.52,14.06,9.59,8.88,0.16,9.41,-1.10
13:29:56.581,156208,14.52,14.06,9.59,8.88,-2.39,12.67,0.71
13:29:56.684,156311,14.67,14.05,9.68,8.80,-3.10,9.77,-3.61
13:29:56.787,156414,14.73,13.95,9.82,8.80,-1.06,9.92,-3.45
13:29:56.889,156516,14.73,13.95,9.82,8.61,-0.20,8.16,1.37
13:29:56.991,156618,14.90,13.81,9.97,8.45,-0.35,8.90,0.08
13:29:57.094,156721,14.93,13.81,9.97,8.45,0.47,11.96,-1.26
13:29:57.196,156823,14.93,13.74,10.12,8.35,0.20,12.91,-1.18
13:29:57.298,156925,15.19,13.65,10.43,8.35,4.20,7.77,0.35
13:29:57.401,157028,15.19,13.65,10.43,8.21,0.90,7.61,0.39
13:29:57.503,157130,15.23,13.62,10.48,8.06,0.63,8.12,-0.59
13:29:57.605,157233,15.36,13.59,10.48,8.06,0.27,9.41,-1.10
13:29:57.707,157334,15.36,13.59,10.73,7.89,-2.55,12.40,0.27
13:29:57.810,157437,15.35,13.56,10.83,7.94,-3.06,10.43,-4.98
13:29:57.912,157539,15.35,13.56,10.83,7.94,0.31,9.49,-3.33
13:29:58.014,157641,15.46,13.48,19.02,7.86,0.47,7.88,1.61
13:29:58.116,157743,15.46,13.48,19.02,7.86,0.08,8.98,-0.20
13:29:58.217,157844,15.46,13.48,19.02,7.86,0.16,10.79,-2.59
13:29:58.320,157947,15.60,13.40,27.23,7.65,-0.24,10.67,-0.27
13:29:58.422,158049,15.79,13.40,27.23,7.65,-2.71,8.12,-1.29
13:29:58.524,158151,15.79,13.41,11.29,7.57,-5.61,10.94,-0.20
13:29:58.627,158254,15.83,13.32,18.12,7.46,-1.06,8.90,0.71
13:29:58.730,158356,15.83,13.32,18.12,7.46,-0.75,8.98,-0.55
13:29:58.831,158458,15.83,13.15,15.65,7.46,-2.08,11.81,-1.06
13:29:58.934,158561,15.84,13.09,15.65,7.46,-1.80,11.65,-2.63
13:29:59.036,158663,15.84,13.09,11.62,7.47,2.55,8.08,-1.61
13:29:59.138,158765,15.86,12.90,17.98,7.42,-2.43,11.38,0.35
13:29:59.241,158867,15.86,12.90,17.98,7.42,-0.39,8.59,-1.80
13:29:59.342,158969,15.76,12.81,13.81,7.54,0.35,9.18,-1.57
13:29:59.445,159072,15.86,12.76,11.95,7.54,-0.12,11.53,-1.37
13:29:59.548,159175,15.86,12.76,11.95,7.63,-2.43,14.16,0.51
13:29:59.649,159277,15.75,12.66,12.19,7.63,-0.39,9.06,0.39
13:29:59.750,159378,15.66,12.58,12.19,7.63,-0.27,7.57,-0.90
13:29:59.852,159479,15.66,12.58,12.24,7.93,-0.31,8.16,-1.06
13:29:59.955,159582,15.49,12.36,12.48,8.15,0.55,9.81,-1.02
13:30:00.058,159684,15.49,12.36,12.48,8.15,-2.55,13.45,-1.10
13:30:00.159,159786,15.45,12.16,12.63,8.37,-2.47,8.71,-2.67
13:30:00.262,159889,15.23,11.97,12.61,8.37,0.31,9.18,-2.43
13:30:00.364,159991,15.23,11.97,12.61,8.32,-0.16,8.90,1.49
13:30:00.466,160093,15.12,11.86,12.75,8.77,0.27,8.47,0.20
13:30:00.569,160196,15.07,11.86,12.75,8.77,-0.47,11.81,-2.20
13:30:00.671,160298,15.07,11.67,12.72,8.88,0.12,12.94,-0.43
13:30:00.773,160400,14.97,11.47,12.90,9.23,3.18,6.32,-1.88
13:30:00.876,160503,14.97,11.47,12.90,9.23,-0.63,7.92,0.24
13:30:00.979,160606,14.80,11.29,13.18,9.00,-0.59,8.63,-0.75
13:30:01.082,160709,14.68,11.09,13.18,9.00,0.55,9.02,-1.26
13:30:01.184,160811,14.68,11.09,13.28,9.21,-2.67,13.61,0.59
13:30:01.286,160913,14.58,10.95,13.42,9.41,-4.08,9.85,-4.82
13:30:01.389,161016,14.58,10.95,13.42,9.41,-0.51,9.45,-3.92
13:30:01.493,161119,14.44,10.75,13.39,9.55,0.00,8.36,3.02
13:30:01.594,161221,14.44,10.75,13.39,9.55,0.51,8.16,-0.08
13:30:01.696,161323,14.44,10.75,13.39,9.55,-0.08,11.85,-0.75
13:30:01.798,161425,14.24,10.43,13.76,16.61,-0.20,12.55,-0.82
13:30:01.901,161528,14.10,10.26,13.76,16.61,2.75,6.67,-1.33
13:30:02.003,161630,14.10,10.26,13.87,10.07,-1.61,9.53,0.04
13:30:02.105,161732,13.99,10.06,13.98,10.24,-0.94,8.98,-0.04
13:30:02.208,161835,13.99,10.06,13.98,10.24,0.55,8.47,-0.39
13:30:02.309,161936,13.85,9.82,14.14,10.46,-2.39,13.14,-0.94
13:30:02.412,162039,13.68,9.70,14.17,10.46,-1.49,11.30,-5.22
13:30:02.515,162141,13.68,9.70,14.17,10.66,1.84,7.69,-4.35
13:30:02.616,162243,13.49,9.49,14.36,10.80,-0.82,9.57,3.73
13:30:02.719,162346,13.40,9.49,14.36,10.80,0.00,8.20,-0.35
13:30:02.821,162448,13.40,9.38,14.54,11.02,0.78,10.75,-2.04
13:30:02.922,162549,13.23,9.20,14.56,11.02,0.12,11.77,-0.86
13:30:03.024,162651,13.23,9.20,14.56,11.18,1.49,8.12,-1.06
13:30:03.126,162753,13.17,8.98,14.66,17.81,-3.41,11.65,1.61
13:30:03.229,162856,13.08,8.90,14.66,17.81,1.57,5.96,-1.57
13:30:03.330,162958,13.08,8.90,15.00,12.88,0.55,7.92,-0.63
13:30:03.433,163060,13.10,8.66,14.96,24.80,-2.98,12.47,-0.20
13:30:03.535,163163,13.10,8.66,14.96,24.80,1.88,11.41,-3.84
13:30:03.637,163264,12.96,8.66,15.09,24.23,4.31,7.53,0.98
13:30:03.739,163366,12.96,8.66,15.20,24.23,-4.24,11.10,0.94
13:30:03.842,163468,12.96,8.66,15.20,24.21,0.63,7.61,-0.63
13:30:03.943,163570,12.76,8.35,15.31,17.00,1.06,9.30,-0.47
13:30:04.046,163673,12.54,8.35,15.31,17.00,-2.04,12.40,-0.59
13:30:04.148,163775,12.54,8.15,15.49,24.76,-1.88,12.32,-2.24
13:30:04.250,163877,12.54,7.93,15.65,25.20,1.14,7.10,-1.61
13:30:04.353,163979,12.54,7.93,15.65,25.20,-1.06,9.02,0.24
13:30:04.454,164081,12.54,7.80,15.76,12.52,-0.90,9.14,-0.27
13:30:04.556,164183,12.54,7.80,15.76,12.52,-0.16,9.14,-1.49
13:30:04.659,164285,12.54,7.80,15.71,18.72,-2.39,10.24,-0.20
13:30:04.760,164387,12.05,7.69,15.90,14.16,-3.49,12.55,-5.06
13:30:04.863,164490,12.05,7.69,15.90,14.16,2.08,8.36,-2.00
13:30:04.964,164591,12.55,7.47,15.86,12.83,0.63,8.24,1.88
13:30:05.066,164693,12.55,7.47,15.86,12.83,-0.78,9.85,-2.51
13:30:05.169,164795,12.55,7.47,15.86,12.83,-0.75,9.02,-1.53
13:30:05.270,164897,11.93,7.59,15.83,25.48,1.41,9.89,-1.02
13:30:05.372,164999,11.80,7.59,15.83,25.48,-1.77,7.92,-3.18
13:30:05.474,165102,11.80,7.60,15.83,13.10,0.31,9.61,1.18
13:30:05.577,165204,11.58,7.51,15.89,13.10,-0.39,9.73,-0.20
13:30:05.679,165306,11.58,7.51,15.89,13.10,-0.31,8.36,-1.33
13:30:05.781,165408,11.57,7.48,15.91,13.10,-1.65,9.69,0.12
13:30:05.884,165511,11.51,7.54,15.91,13.10,-1.37,11.49,-2.35
13:30:05.986,165613,11.51,7.54,15.81,13.07,-0.04,11.69,-2.67
13:30:06.088,165715,11.42,7.52,15.79,13.17,0.98,8.75,1.22
13:30:06.192,165818,11.28,7.52,15.79,13.17,-0.04,9.45,-3.37
13:30:06.293,165920,11.28,7.64,15.72,13.20,-0.16,7.88,-0.35
13:30:06.393,166021,11.20,7.73,15.61,13.20,0.51,8.51,-1.14
13:30:06.496,166123,11.20,7.73,15.61,13.25,1.02,10.04,-2.94
13:30:06.598,166225,11.04,7.77,15.56,13.32,-0.94,13.22,-2.16
13:30:06.701,166328,10.79,7.81,15.56,13.32,1.73,6.12,-1.80
13:30:06.803,166430,10.79,7.81,15.40,13.39,-2.59,9.69,1.22
13:30:06.905,166532,10.83,7.91,15.41,13.46,-1.02,9.22,0.82
13:30:07.008,166635,10.83,7.91,15.41,13.46,-0.67,9.38,-1.02
13:30:07.110,166737,10.67,8.15,15.30,13.52,-1.73,12.51,-2.08
13:30:07.212,166839,10.45,8.25,15.17,13.52,-1.84,12.40,-5.49
13:30:07.314,166941,10.45,8.25,15.17,13.61,3.65,7.14,-3.02
13:30:07.417,167043,10.31,8.30,15.12,13.75,-1.18,9.34,0.94
13:30:07.519,167146,10.19,8.30,15.12,13.75,0.27,7.73,-1.37
13:30:07.621,167248,10.19,8.46,14.99,13.68,0.43,10.51,-0.90
13:30:07.724,167351,10.07,8.52,14.84,13.77,-0.12,10.55,-2.63
13:30:07.826,167453,10.07,8.52,14.84,13.77,-0.90,7.57,-2.35
13:30:07.928,167555,9.89,8.65,14.77,13.83,-4.90,12.24,-0.31
13:30:08.030,167658,9.59,8.75,14.77,13.83,-1.53,9.26,0.82
13:30:08.133,167760,9.59,8.75,14.76,13.86,-0.75,8.36,-2.00
13:30:08.235,167862,9.58,8.86,14.56,13.86,-3.33,10.63,-1.69
13:30:08.337,167964,9.58,8.86,14.56,13.86,-2.08,11.49,-3.61
13:30:08.439,168066,9.45,8.93,14.49,13.87,1.84,8.71,-1.18
13:30:08.541,168168,9.45,8.93,14.49,13.87,-1.45,9.26,-0.75
13:30:08.643,168270,9.45,8.93,14.49,13.87,-0.43,8.83,-2.90
13:30:08.745,168372,9.60,9.13,14.43,13.88,-1.96,9.96,-3.45
13:30:08.847,168474,9.58,9.13,14.43,13.88,-1.61,9.61,-1.14
13:30:08.949,168576,9.58,9.17,14.33,13.87,-3.22,9.96,-0.08
13:30:09.052,168679,9.42,12.63,14.29,13.99,-2.43,12.43,-0.35
13:30:09.154,168781,9.42,12.63,14.29,13.99,0.16,7.77,-2.51
13:30:09.256,168883,9.36,9.29,14.25,14.03,-0.78,7.77,-1.41
13:30:09.359,168986,9.38,16.47,14.25,14.03,-0.98,11.14,0.24
13:30:09.461,169088,9.38,16.47,14.16,14.01,0.86,9.96,-2.00
13:30:09.563,169190,9.46,9.46,14.19,13.91,-0.94,11.77,-2.24
13:30:09.666,169293,9.64,9.46,14.19,13.91,2.47,8.47,-3.18
13:30:09.767,169395,9.64,9.59,14.05,13.79,0.35,9.02,0.27
13:30:09.870,169497,9.78,9.56,13.97,13.70,0.75,10.00,-0.78
13:30:09.972,169600,9.78,9.56,13.97,13.70,2.28,9.14,0.63
13:30:10.075,169702,9.76,9.66,13.88,13.50,2.51,9.57,-0.59
13:30:10.175,169803,9.86,9.80,13.88,13.50,1.06,12.55,-1.69
13:30:10.277,169904,9.86,9.80,13.70,13.40,-1.88,11.18,-0.86
13:30:10.380,170007,9.99,9.92,13.51,13.29,-1.65,11.53,-1.65
13:30:10.482,170109,9.99,9.92,13.51,13.29,1.84,7.45,-0.04
13:30:10.584,170211,10.15,10.06,13.35,13.09,0.82,8.51,0.08
13:30:10.687,170314,10.30,10.11,13.18,13.09,2.47,10.71,-2.00
13:30:10.789,170416,10.30,10.11,13.18,12.99,1.33,12.43,0.04
13:30:10.892,170518,10.39,10.27,13.12,12.83,2.82,7.37,1.02
13:30:10.994,170621,11.11,10.27,13.12,12.83,-1.14,12.20,-2.43
13:30:11.096,170723,11.11,10.40,12.95,12.66,1.61,7.14,-0.12
13:30:11.198,170825,10.70,10.50,12.83,12.55,1.53,9.73,0.04
13:30:11.301,170928,10.70,10.50,12.83,12.55,0.47,11.73,-1.84
13:30:11.403,171029,10.81,10.66,12.61,12.45,0.20,14.16,-3.57
13:30:11.505,171132,10.88,10.79,12.61,12.45,3.22,6.28,-0.59
13:30:11.607,171234,10.88,10.79,12.53,12.36,0.39,9.14,0.16
13:30:11.710,171336,11.38,10.89,12.41,12.25,-0.55,10.08,0.51
13:30:11.812,171439,11.38,10.89,12.41,12.25,0.63,9.02,-1.53
13:30:11.914,171541,16.01,11.06,12.30,12.15,-0.35,11.45,-0.71
13:30:12.016,171642,16.01,11.06,12.30,12.15,2.51,12.63,-1.06
13:30:12.118,171745,16.01,11.06,12.30,12.15,2.67,6.90,0.67
13:30:12.220,171846,12.38,11.29,12.08,11.88,0.00,11.69,-4.35
13:30:12.322,171949,11.44,11.29,12.08,11.88,1.22,7.45,-1.41
13:30:12.424,172051,11.44,14.37,11.97,11.80,1.26,9.49,-3.61
13:30:12.527,172153,11.46,20.49,11.96,11.77,0.08,10.47,-1.18
13:30:12.629,172256,11.46,20.49,11.96,11.77,-0.98,10.98,-0.63
13:30:12.732,172359,12.82,11.39,11.88,11.71,0.08,9.38,0.00
13:30:12.835,172462,11.73,11.47,11.88,11.71,0.63,9.85,-0.39
13:30:12.937,172564,11.73,11.47,11.75,11.72,-0.27,10.12,0.04
13:30:13.039,172666,16.44,11.38,11.77,11.64,-1.10,8.94,-2.28
13:30:13.142,172769,11.53,11.38,11.77,11.64,-1.41,10.04,0.98
13:30:13.244,172871,11.53,11.42,11.70,11.64,-2.00,10.51,-0.90
13:30:13.346,172973,11.67,12.94,11.75,11.64,0.04,9.65,-0.20
13:30:13.449,173076,11.67,12.94,11.75,11.62,-0.59,9.02,-0.12
13:30:13.551,173178,11.71,11.50,11.68,11.59,-1.80,10.71,-1.53
13:30:13.652,173279,11.66,11.54,11.68,11.59,-1.02,9.81,-1.22
13:30:13.754,173381,11.66,11.54,11.69,11.58,-0.39,9.53,-0.67
13:30:13.856,173483,11.67,11.54,11.71,11.57,-0.71,9.85,-0.90
13:30:13.959,173586,11.67,11.54,11.71,11.57,-0.82,9.49,-1.22
13:30:14.061,173688,11.66,11.55,11.69,11.57,-0.98,9.96,-1.41
13:30:14.164,173790,12.20,11.52,11.63,11.57,-0.63,9.61,-0.94
13:30:14.265,173892,12.20,11.52,11.63,11.59,-0.82,9.85,-0.90
13:30:14.368,173995,12.57,11.57,11.64,11.57,-0.98,9.96,-0.78
13:30:14.470,174097,12.04,11.57,11.64,11.57,-0.90,9.92,-1.22
13:30:14.572,174199,12.04,11.56,11.68,11.55,-0.67,9.81,-1.06
13:30:14.675,174302,11.72,11.56,11.63,11.56,-0.98,9.77,-0.82
13:30:14.778,174404,11.72,11.56,11.63,11.56,-0.75,9.81,-0.90
13:30:14.879,174506,11.71,17.30,11.64,11.55,-1.02,9.92,-0.94
13:30:14.982,174609,11.72,11.53,11.64,11.55,-1.10,9.96,-0.94
13:30:15.084,174711,11.72,11.53,11.64,11.60,-0.82,9.96,-0.75
13:30:15.186,174813,11.71,11.50,11.66,11.55,-0.59,9.85,-0.71
13:30:15.289,174915,11.71,11.50,11.66,11.55,-0.67,9.85,-1.02
13:30:15.390,175017,11.74,11.56,11.61,11.56,-0.63,9.89,-0.82
13:30:15.492,175119,11.74,11.56,11.61,11.56,-1.06,9.89,-0.98
13:30:15.594,175221,11.74,11.56,11.61,11.56,-1.10,9.89,-1.29
13:30:15.696,175323,11.71,11.51,11.63,11.59,-1.10,9.85,-1.45
13:30:15.799,175426,11.70,11.57,11.63,11.59,-0.59,9.73,-1.49
13:30:15.901,175527,11.70,11.57,11.65,11.61,0.08,9.41,-1.53
13:30:16.003,175630,11.67,11.60,11.70,11.59,-0.35,9.89,-1.49
13:30:16.106,175732,11.67,11.60,11.70,11.59,-0.35,9.89,-0.86
13:30:16.207,175834,11.64,11.63,11.73,11.59,-0.43,9.92,-1.10
13:30:16.310,175937,11.65,11.62,11.68,11.59,-0.51,9.96,-1.02
13:30:16.412,176039,11.65,11.62,11.68,11.63,-0.51,9.92,-1.53
13:30:16.514,176141,11.67,11.67,11.72,11.62,-0.31,9.81,-1.29
13:30:16.617,176244,11.61,11.67,11.72,11.62,-0.20,9.85,-1.18
13:30:16.719,176346,11.61,11.62,11.72,11.59,-0.24,9.85,-1.06
13:30:16.820,176447,11.64,11.64,11.71,11.59,-0.47,9.81,-0.86
13:30:16.921,176548,11.64,11.64,11.71,11.61,-0.82,10.00,-1.69
13:30:17.023,176649,11.71,11.66,11.72,11.62,-0.67,10.04,-1.18
13:30:17.125,176752,11.64,11.66,11.72,11.62,-0.39,9.96,-1.29
13:30:17.227,176854,11.64,11.66,11.72,11.60,-0.39,9.81,-1.22
13:30:17.330,176956,11.60,11.57,11.70,11.61,-0.55,9.92,-1.14
13:30:17.432,177059,11.60,11.57,11.70,11.61,-0.35,9.77,-1.14
13:30:17.534,177161,11.68,11.58,11.82,11.64,-0.43,9.85,-1.29
13:30:17.637,177263,11.63,11.54,11.75,11.64,-0.27,9.89,-1.37
13:30:17.739,177365,11.63,11.54,11.75,11.60,-0.39,9.69,-1.10
13:30:17.841,177468,11.64,11.56,11.72,11.64,-0.59,9.81,-1.37
13:30:17.943,177570,11.67,11.56,11.72,11.64,-0.35,9.85,-1.02
13:30:18.046,177672,11.67,11.58,11.73,11.59,-0.55,9.89,-1.22
13:30:18.148,177775,11.61,11.59,11.72,11.61,-0.63,9.96,-1.41
13:30:18.251,177877,11.61,11.59,11.72,11.61,-0.47,10.00,-1.18
13:30:18.353,177979,11.65,11.61,11.72,11.60,-0.12,9.73,-1.06
13:30:18.455,178082,11.63,11.61,11.72,11.60,-0.24,9.69,-1.26
13:30:18.558,178184,11.63,11.61,11.73,11.64,-0.59,9.85,-1.33
13:30:18.660,178286,11.62,11.64,11.75,11.59,-0.55,9.85,-1.18
13:30:18.762,178389,11.62,11.64,11.75,11.59,-0.67,9.92,-1.22
13:30:18.864,178490,11.65,11.64,11.73,11.62,-0.71,9.96,-1.18
13:30:18.965,178592,11.65,11.64,11.73,11.62,-0.24,9.69,-1.33
13:30:19.068,178694,11.65,11.64,11.73,11.62,-0.39,9.77,-1.37
13:30:19.169,178796,11.67,11.59,11.72,11.59,-0.78,9.96,-1.41
13:30:19.272,178899,11.64,11.56,11.72,11.59,-0.55,9.89,-1.33
13:30:19.374,179001,11.64,11.56,11.82,11.63,-0.16,9.65,-1.53
13:30:19.476,179103,11.66,11.57,11.72,11.60,1.80,10.55,0.63
13:30:19.579,179206,11.66,11.57,11.72,11.60,0.27,9.18,4.12
13:30:19.681,179307,11.67,13.74,11.74,11.58,-1.26,9.89,0.75
13:30:19.783,179410,11.56,15.68,11.69,11.58,1.69,9.61,0.55
13:30:19.885,179512,11.56,15.68,11.69,11.63,-6.16,9.14,-1.02
13:30:19.988,179614,11.65,14.39,11.71,11.60,-6.43,8.08,1.22
13:30:20.090,179717,11.65,14.39,11.71,11.60,-7.10,7.14,-1.80
13:30:20.192,179819,11.65,11.68,12.28,11.59,-7.18,7.53,0.12
13:30:20.295,179921,11.54,11.67,11.61,11.59,-8.87,7.34,-0.55
13:30:20.398,180024,11.54,11.67,11.61,11.72,-7.14,7.10,-0.98
13:30:20.499,180126,11.56,11.76,11.66,11.75,-8.08,7.02,-1.84
13:30:20.602,180229,11.55,11.85,11.66,11.75,-7.41,6.75,0.24
13:30:20.704,180330,11.55,11.85,11.80,11.68,-7.77,6.28,-0.63
13:30:20.806,180433,11.53,19.20,11.74,11.60,-7.65,6.20,-0.71
13:30:20.909,180535,11.53,19.20,11.74,11.60,-7.22,6.20,-1.02
13:30:21.011,180637,11.53,19.23,11.70,11.65,-6.86,6.47,-1.92
13:30:21.113,180740,11.54,11.71,11.66,11.65,-3.69,6.35,0.94
13:30:21.216,180842,11.54,11.71,11.66,11.67,-6.00,6.20,0.35
