timestamp,gt_x,gt_y,gt_x1,gt_y1,gt_x2,gt_y2,gt_x3,gt_y3,gt_x4,gt_y4,x,y,x1,y1,x2,y2,x3,y3,x4,y4
1900-01-01 16:31:14,7.5,-19.999189999999995,7.5,-19.999189999999995,7.5,-19.999189999999995,7.5000000000000036,-19.999189999999995,7.4999999999999964,-19.999189999999995,6.870211481888832,-20.39764932726172,7.731916666972719,-19.751370438448806,7.731916666972719,-21.043928216074637,6.008506296804944,-19.751370438448806,6.008506296804944,-21.043928216074637
1900-01-01 16:31:14,7.5,-19.999189999999995,7.5,-19.999189999999995,7.5,-19.999189999999995,7.5000000000000036,-19.999189999999995,7.4999999999999964,-19.999189999999995,6.860266299314426,-20.31384784133362,7.741866178955098,-19.652647931603116,7.741866178955098,-20.975047751064125,5.978666419673755,-19.652647931603116,5.978666419673755,-20.975047751064125
1900-01-01 16:31:14,7.5,-19.999189999999995,7.5,-19.999189999999995,7.5,-19.999189999999995,7.5000000000000036,-19.999189999999995,7.4999999999999964,-19.999189999999995,6.842770829967034,-20.23638995560816,7.736767211265838,-19.56589266963406,7.736767211265838,-20.906887241582265,5.948774448668231,-19.56589266963406,5.948774448668227,-20.906887241582265
1900-01-01 16:31:14,7.5,-19.999189999999995,7.5,-19.999189999999995,7.5,-19.999189999999995,7.5000000000000036,-19.999189999999995,7.4999999999999964,-19.999189999999995,6.83870182977679,-20.14432460644376,7.722945562907692,-19.481141806595584,7.722945562907692,-20.80750740629194,5.954458096645889,-19.481141806595584,5.954458096645885,-20.80750740629194
1900-01-01 16:31:14,7.5,-19.999189999999995,7.5,-19.999189999999995,7.5,-19.999189999999995,7.5000000000000036,-19.999189999999995,7.4999999999999964,-19.999189999999995,6.841840585455749,-20.060366471368237,7.705931996044277,-19.41229791342684,7.705931996044277,-20.708435029309634,5.977749174867222,-19.41229791342684,5.977749174867222,-20.70843502930963
1900-01-01 16:31:14,7.5,-19.999189999999995,7.5,-19.999189999999995,7.5,-19.999189999999995,7.5000000000000036,-19.999189999999995,7.4999999999999964,-19.999189999999995,6.845791218428106,-19.96098827618251,7.6835626365625265,-19.332659712581695,7.6835626365625265,-20.589316839783322,6.008019800293686,-19.332659712581695,6.008019800293686,-20.589316839783322
1900-01-01 16:31:14,7.5,-19.999189999999995,7.5,-19.999189999999995,7.5,-19.999189999999995,7.5000000000000036,-19.999189999999995,7.4999999999999964,-19.999189999999995,6.828472553208669,-19.85073905519821,7.656702165163864,-19.229566846231815,7.656702165163864,-20.471911264164607,6.000242941253475,-19.229566846231815,6.000242941253472,-20.471911264164607
1900-01-01 16:31:14,7.5,-19.999189999999995,7.5,-19.999189999999995,7.5,-19.999189999999995,7.5000000000000036,-19.999189999999995,7.4999999999999964,-19.999189999999995,6.802833867161371,-19.75167405999146,7.631166317666968,-19.13042472211226,7.631166317666968,-20.372923397870654,5.974501416655774,-19.13042472211226,5.974501416655774,-20.372923397870654
1900-01-01 16:31:14,7.5,-19.999189999999995,7.5,-19.999189999999995,7.5,-19.999189999999995,7.5000000000000036,-19.999189999999995,7.4999999999999964,-19.999189999999995,6.819073274757872,-19.583536839127692,7.60542983397449,-18.99376941971523,7.60542983397449,-20.173304258540156,6.032716715541255,-18.99376941971523,6.032716715541252,-20.173304258540153
1900-01-01 16:31:14,7.5,-19.999189999999995,7.5,-19.999189999999995,7.5,-19.999189999999995,7.5000000000000036,-19.999189999999995,7.4999999999999964,-19.999189999999995,6.860914249668166,-19.400165676498496,7.596586849607779,-18.848411226543785,7.596586849607779,-19.951920126453203,6.125241649728555,-18.848411226543785,6.125241649728552,-19.951920126453206
1900-01-01 16:31:21,7.5,-9.997120000000002,7.5,-9.997120000000002,7.5,-9.997120000000002,7.500000000000002,-9.997120000000002,7.499999999999998,-9.997120000000002,7.419071906857919,-10.994226452168965,8.362442787033428,-10.286698292037332,8.362442787033428,-11.701754612300597,6.475701026682411,-10.286698292037332,6.475701026682408,-11.701754612300597
1900-01-01 16:31:21,7.5,-9.997120000000002,7.5,-9.997120000000002,7.5,-9.997120000000002,7.500000000000002,-9.997120000000002,7.499999999999998,-9.997120000000002,7.427746171628838,-10.86816420913846,8.35284979323785,-10.174336492931701,8.35284979323785,-11.56199192534522,6.502642550019827,-10.174336492931701,6.502642550019829,-11.561991925345218
1900-01-01 16:31:21,7.5,-9.997120000000002,7.5,-9.997120000000002,7.5,-9.997120000000002,7.500000000000002,-9.997120000000002,7.499999999999998,-9.997120000000002,7.429603764614141,-10.740063483982127,8.350862055025733,-10.049119766173433,8.350862055025733,-11.43100720179082,6.5083454742025495,-10.049119766173433,6.5083454742025495,-11.431007201790823
1900-01-01 16:31:21,7.5,-9.997120000000002,7.5,-9.997120000000002,7.5,-9.997120000000002,7.500000000000002,-9.997120000000002,7.499999999999998,-9.997120000000002,7.427497636062141,-10.630941903538929,8.353419000881615,-9.936500879924322,8.353419000881615,-11.325382927153534,6.501576271242669,-9.936500879924322,6.501576271242666,-11.325382927153534
1900-01-01 16:31:21,7.5,-9.997120000000002,7.5,-9.997120000000002,7.5,-9.997120000000002,7.500000000000002,-9.997120000000002,7.499999999999998,-9.997120000000002,7.443959344916161,-10.511028700687456,8.362128822848202,-9.822401592238425,8.362128822848202,-11.199655809136488,6.525789866984117,-9.822401592238425,6.525789866984125,-11.199655809136488
1900-01-01 16:31:21,7.5,-9.997120000000002,7.5,-9.997120000000002,7.5,-9.997120000000002,7.500000000000002,-9.997120000000002,7.499999999999998,-9.997120000000002,7.451788277351266,-10.38273429653864,8.38548124684221,-9.682464569420432,8.38548124684221,-11.083004023656848,6.518095307860324,-9.682464569420432,6.51809530786032,-11.08300402365685
1900-01-01 16:31:21,7.5,-9.997120000000002,7.5,-9.997120000000002,7.5,-9.997120000000002,7.500000000000002,-9.997120000000002,7.499999999999998,-9.997120000000002,7.462513063886601,-10.263797074329315,8.4135913350211,-9.55048837097844,8.4135913350211,-10.97710577768019,6.511434792752101,-9.55048837097844,6.511434792752104,-10.977105777680187
1900-01-01 16:31:21,7.5,-9.997120000000002,7.5,-9.997120000000002,7.5,-9.997120000000002,7.500000000000002,-9.997120000000002,7.499999999999998,-9.997120000000002,7.4815504079148525,-10.136632099409457,8.447255673855569,-9.412353149953919,8.447255673855569,-10.860911048864992,6.515845141974137,-9.412353149953919,6.515845141974137,-10.860911048864995
1900-01-01 16:31:21,7.5,-9.997120000000002,7.5,-9.997120000000002,7.5,-9.997120000000002,7.500000000000002,-9.997120000000002,7.499999999999998,-9.997120000000002,7.506569928737355,-10.02170505245821,8.488478615686882,-9.285273537246061,8.488478615686882,-10.758136567670356,6.5246612417878245,-9.285273537246061,6.524661241787832,-10.758136567670352
1900-01-01 16:31:21,7.5,-9.997120000000002,7.5,-9.997120000000002,7.5,-9.997120000000002,7.500000000000002,-9.997120000000002,7.499999999999998,-9.997120000000002,7.50959803019671,-9.900013480459663,8.507872761028727,-9.151307432335647,8.507872761028727,-10.648719528583676,6.511323299364691,-9.151307432335647,6.511323299364695,-10.648719528583673
1900-01-01 16:31:30,7.5,-0.0035999999999972946,7.5,-0.0035999999999972946,7.5,-0.0035999999999972946,7.5,-0.0035999999999972946,7.5,-0.0035999999999972946,7.866406399717691,-0.4481428474572564,9.370099945456563,0.6796273118468961,9.370099945456563,-1.5759130067614096,6.362712853978822,0.6796273118468961,6.362712853978822,-1.5759130067614082
1900-01-01 16:31:30,7.5,-0.0035999999999972946,7.5,-0.0035999999999972946,7.5,-0.0035999999999972946,7.5,-0.0035999999999972946,7.5,-0.0035999999999972946,7.876734470611524,-0.3322615203626704,9.385160775151377,0.7990582080422186,9.385160775151377,-1.4635812487675595,6.368308166071673,0.7990582080422186,6.368308166071673,-1.4635812487675595
1900-01-01 16:31:30,7.5,-0.0035999999999972946,7.5,-0.0035999999999972946,7.5,-0.0035999999999972946,7.5,-0.0035999999999972946,7.5,-0.0035999999999972946,7.890850284592448,-0.19636584802501317,9.374210363978246,0.9161542115143363,9.374210363978246,-1.3088859075643626,6.407490205206647,0.9161542115143363,6.407490205206647,-1.3088859075643626
1900-01-01 16:31:30,7.5,-0.0035999999999972946,7.5,-0.0035999999999972946,7.5,-0.0035999999999972946,7.5,-0.0035999999999972946,7.5,-0.0035999999999972946,7.907348326036031,-0.026920604417609795,9.337880522519354,1.045978542944883,9.337880522519354,-1.0998197517801018,6.476816129552708,1.045978542944883,6.476816129552708,-1.0998197517801032
1900-01-01 16:31:30,7.5,-0.0035999999999972946,7.5,-0.0035999999999972946,7.5,-0.0035999999999972946,7.5,-0.0035999999999972946,7.5,-0.0035999999999972946,7.922624162970969,0.1340187754862996,9.29286638595795,1.1617004427265358,9.29286638595795,-0.8936628917539367,6.552381939983987,1.1617004427265358,6.552381939983987,-0.8936628917539367
1900-01-01 16:31:30,7.5,-0.0035999999999972946,7.5,-0.0035999999999972946,7.5,-0.0035999999999972946,7.5,-0.0035999999999972946,7.5,-0.0035999999999972946,7.924223148718637,0.2997100266329821,9.226784492015511,1.2766310341056384,9.226784492015511,-0.6772109808396736,6.6216618054217635,1.2766310341056384,6.6216618054217635,-0.6772109808396749
1900-01-01 16:31:30,7.5,-0.0035999999999972946,7.5,-0.0035999999999972946,7.5,-0.0035999999999972946,7.5,-0.0035999999999972946,7.5,-0.0035999999999972946,7.9120795995604265,0.4721406218686497,9.174228736039701,1.4187524742281057,9.174228736039701,-0.4744712304908063,6.6499304630811515,1.4187524742281057,6.6499304630811515,-0.4744712304908063
1900-01-01 16:31:30,7.5,-0.0035999999999972946,7.5,-0.0035999999999972946,7.5,-0.0035999999999972946,7.5,-0.0035999999999972946,7.5,-0.0035999999999972946,7.904247000947306,0.628738726316251,9.136079205348288,1.5526128796169871,9.136079205348288,-0.29513542698448564,6.672414796546324,1.5526128796169871,6.672414796546324,-0.2951354269844842
1900-01-01 16:31:30,7.5,-0.0035999999999972946,7.5,-0.0035999999999972946,7.5,-0.0035999999999972946,7.5,-0.0035999999999972946,7.5,-0.0035999999999972946,7.903478836308601,0.7936413770293819,9.124540703762065,1.7094377776194805,9.124540703762065,-0.12215502356071682,6.6824169688551365,1.7094377776194805,6.6824169688551365,-0.12215502356071682
1900-01-01 16:31:30,7.5,-0.0035999999999972946,7.5,-0.0035999999999972946,7.5,-0.0035999999999972946,7.5,-0.0035999999999972946,7.5,-0.0035999999999972946,7.919423429943062,0.9463238875554092,9.15550743482971,1.8733868912203961,9.15550743482971,0.019260883890422065,6.683339425056412,1.8733868912203961,6.683339425056412,0.019260883890422065
1900-01-01 16:31:37,7.5,10.0,7.5,10.0,7.5,10.0,7.5,10.0,7.5,10.0,8.135646196809567,8.563895835622702,9.444722079486981,9.545702747630763,9.444722079486981,7.5820889236146405,6.826570314132151,9.545702747630763,6.8265703141321525,7.582088923614641
1900-01-01 16:31:37,7.5,10.0,7.5,10.0,7.5,10.0,7.5,10.0,7.5,10.0,8.140130977225565,8.676011913922732,9.478762054314725,9.679985221739601,9.478762054314725,7.672038606105862,6.801499900136406,9.679985221739601,6.801499900136404,7.672038606105861
1900-01-01 16:31:37,7.5,10.0,7.5,10.0,7.5,10.0,7.5,10.0,7.5,10.0,8.142763122794598,8.778558190727162,9.51976501186141,9.81130960752727,9.51976501186141,7.745806773927055,6.765761233727788,9.81130960752727,6.765761233727788,7.745806773927055
1900-01-01 16:31:37,7.5,10.0,7.5,10.0,7.5,10.0,7.5,10.0,7.5,10.0,8.141733671916738,8.891650332583263,9.5487895709492,9.946942256857609,9.5487895709492,7.836358408308915,6.734677772884274,9.946942256857609,6.734677772884276,7.836358408308915
1900-01-01 16:31:37,7.5,10.0,7.5,10.0,7.5,10.0,7.5,10.0,7.5,10.0,8.13890887021221,8.991864872447561,9.567417030446766,10.063245992623477,9.567417030446766,7.920483752271643,6.7104007099776535,10.063245992623477,6.710400709977655,7.920483752271643
1900-01-01 16:31:37,7.5,10.0,7.5,10.0,7.5,10.0,7.5,10.0,7.5,10.0,8.140878137936994,9.101298393574554,9.585282411294491,10.184601598592677,9.585282411294491,8.017995188556432,6.696473864579496,10.184601598592677,6.696473864579501,8.017995188556432
1900-01-01 16:31:37,7.5,10.0,7.5,10.0,7.5,10.0,7.5,10.0,7.5,10.0,8.130628863861745,9.222965600057762,9.587353033829329,10.315508727533452,9.587353033829329,8.130422472582074,6.673904693894159,10.315508727533452,6.673904693894163,8.130422472582076
1900-01-01 16:31:37,7.5,10.0,7.5,10.0,7.5,10.0,7.5,10.0,7.5,10.0,8.124004672858124,9.338254617285386,9.580268376460435,10.43045239498712,9.580268376460435,8.246056839583654,6.667740969255814,10.43045239498712,6.667740969255815,8.246056839583654
1900-01-01 16:31:37,7.5,10.0,7.5,10.0,7.5,10.0,7.5,10.0,7.5,10.0,8.121230574827395,9.469210008891,9.558483177503499,10.54714946089808,9.558483177503499,8.391270556883923,6.683977972151289,10.54714946089808,6.683977972151291,8.391270556883923
1900-01-01 16:31:37,7.5,10.0,7.5,10.0,7.5,10.0,7.5,10.0,7.5,10.0,8.114734702567016,9.610413407607615,9.519394334639422,10.663908131661918,9.519394334639422,8.556918683553311,6.710075070494611,10.663908131661918,6.710075070494614,8.556918683553311
1900-01-01 16:31:45,7.499999999999999,20.0036,7.5,20.0036,7.5,20.003599999999995,7.499999999999992,20.0036,7.5000000000000036,20.0036,8.64887220785046,18.995286584789966,10.299044193973657,20.232915574382368,10.299044193973657,17.757657595197568,6.99870022172726,20.232915574382368,6.998700221727262,17.75765759519757
1900-01-01 16:31:45,7.499999999999999,20.0036,7.5,20.0036,7.5,20.003599999999995,7.499999999999992,20.0036,7.5000000000000036,20.0036,8.652289986135193,19.11289282189637,10.28863569604888,20.340152104331636,10.28863569604888,17.885633539461104,7.015944276221501,20.340152104331636,7.015944276221508,17.885633539461104
1900-01-01 16:31:45,7.499999999999999,20.0036,7.5,20.0036,7.5,20.003599999999995,7.499999999999992,20.0036,7.5000000000000036,20.0036,8.655989784532549,19.24519292339619,10.273627554763838,20.458421251069655,10.273627554763838,18.031964595722723,7.0383520143012595,20.458421251069655,7.038352014301261,18.031964595722723
1900-01-01 16:31:45,7.499999999999999,20.0036,7.5,20.0036,7.5,20.003599999999995,7.499999999999992,20.0036,7.5000000000000036,20.0036,8.665026756870573,19.381662251766514,10.28645781348575,20.5977355442279,10.28645781348575,18.165588959305136,7.043595700255397,20.5977355442279,7.043595700255397,18.165588959305133
1900-01-01 16:31:45,7.499999999999999,20.0036,7.5,20.0036,7.5,20.003599999999995,7.499999999999992,20.0036,7.5000000000000036,20.0036,8.683279249499043,19.504963408059037,10.311495516529385,20.726125608331795,10.311495516529385,18.28380120778628,7.055062982468697,20.726125608331795,7.055062982468704,18.283801207786283
1900-01-01 16:31:45,7.499999999999999,20.0036,7.5,20.0036,7.5,20.003599999999995,7.499999999999992,20.0036,7.5000000000000036,20.0036,8.716388237283677,19.621497145599726,10.368387815388132,20.860496829178064,10.368387815388132,18.382497462021384,7.064388659179223,20.860496829178064,7.064388659179223,18.382497462021384
1900-01-01 16:31:45,7.499999999999999,20.0036,7.5,20.0036,7.5,20.003599999999995,7.499999999999992,20.0036,7.5000000000000036,20.0036,8.768529822326105,19.727829138810563,10.465860624409757,21.0008272403733,10.465860624409757,18.454831037247825,7.071199020242454,21.0008272403733,7.071199020242454,18.45483103724782
1900-01-01 16:31:45,7.499999999999999,20.0036,7.5,20.0036,7.5,20.003599999999995,7.499999999999992,20.0036,7.5000000000000036,20.0036,8.821518526673488,19.824437493452194,10.570916622103633,21.136486065024805,10.570916622103633,18.512388921879587,7.072120431243342,21.136486065024805,7.072120431243347,18.512388921879587
1900-01-01 16:31:45,7.499999999999999,20.0036,7.5,20.0036,7.5,20.003599999999995,7.499999999999992,20.0036,7.5000000000000036,20.0036,8.882928261014332,19.92987214171224,10.709038029583803,21.299454468139345,10.709038029583803,18.560289815285138,7.056818492444859,21.299454468139345,7.056818492444859,18.560289815285138
1900-01-01 16:31:45,7.499999999999999,20.0036,7.5,20.0036,7.5,20.003599999999995,7.499999999999992,20.0036,7.5000000000000036,20.0036,8.939782053806933,20.022712690361328,10.844413121380011,21.451185991041136,10.844413121380011,18.59423938968152,7.035150986233854,21.451185991041136,7.035150986233858,18.59423938968152
1900-01-01 16:31:52,7.5,29.997120000000002,7.5,29.997120000000002,7.5,29.997120000000002,7.5,29.997120000000002,7.5,29.997120000000002,12.886465801579005,26.10520242582428,18.241590862356933,30.121546221407726,18.241590862356933,22.088858630240836,7.531340740801078,30.121546221407726,7.531340740801075,22.088858630240836
1900-01-01 16:31:52,7.5,29.997120000000002,7.5,29.997120000000002,7.5,29.997120000000002,7.5,29.997120000000002,7.5,29.997120000000002,12.949691628669868,26.19480127419937,18.399935404644076,30.28248410618003,18.399935404644076,22.107118442218717,7.49944785269566,30.28248410618003,7.49944785269566,22.107118442218713
1900-01-01 16:31:52,7.5,29.997120000000002,7.5,29.997120000000002,7.5,29.997120000000002,7.5,29.997120000000002,7.5,29.997120000000002,13.004637385957746,26.275143655959887,18.543560828227466,30.429336237662177,18.543560828227466,22.120951074257594,7.465713943688024,30.429336237662177,7.465713943688032,22.120951074257597
1900-01-01 16:31:52,7.5,29.997120000000002,7.5,29.997120000000002,7.5,29.997120000000002,7.5,29.997120000000002,7.5,29.997120000000002,13.04646007873333,26.337882282674094,18.657084758385345,30.545850792413106,18.657084758385345,22.129913772935083,7.4358353990813155,30.545850792413106,7.435835399081319,22.129913772935083
1900-01-01 16:31:52,7.5,29.997120000000002,7.5,29.997120000000002,7.5,29.997120000000002,7.5,29.997120000000002,7.5,29.997120000000002,13.074510424449954,26.381196768668303,18.736598106993064,30.627762530575637,18.736598106993064,22.134631006760973,7.412422741906842,30.627762530575637,7.412422741906842,22.13463100676097
1900-01-01 16:31:52,7.5,29.997120000000002,7.5,29.997120000000002,7.5,29.997120000000002,7.5,29.997120000000002,7.5,29.997120000000002,13.14268657292453,26.456214405823644,18.85585935051547,30.74109398901685,18.85585935051547,22.171334822630442,7.42951379533359,30.74109398901685,7.429513795333594,22.171334822630442
1900-01-01 16:31:52,7.5,29.997120000000002,7.5,29.997120000000002,7.5,29.997120000000002,7.5,29.997120000000002,7.5,29.997120000000002,13.23446972693009,26.545647957036245,19.003437225007463,30.872373580594275,19.003437225007463,22.21892233347821,7.465502228852711,30.872373580594275,7.465502228852718,22.218922333478215
1900-01-01 16:31:52,7.5,29.997120000000002,7.5,29.997120000000002,7.5,29.997120000000002,7.5,29.997120000000002,7.5,29.997120000000002,13.328807001685433,26.63743577297479,19.143149547600856,30.99819268241136,19.143149547600856,22.276678863538223,7.514464455770008,30.99819268241136,7.514464455770008,22.276678863538223
1900-01-01 16:31:52,7.5,29.997120000000002,7.5,29.997120000000002,7.5,29.997120000000002,7.5,29.997120000000002,7.5,29.997120000000002,13.425310562380293,26.736543760907878,19.28835807524954,31.133829395559815,19.28835807524954,22.33925812625594,7.562263049511042,31.133829395559815,7.562263049511046,22.33925812625594
1900-01-01 16:31:52,7.5,29.997120000000002,7.5,29.997120000000002,7.5,29.997120000000002,7.5,29.997120000000002,7.5,29.997120000000002,13.515389177984359,26.83735542135637,19.43815125313007,31.27942697771565,19.43815125313007,22.395283864997086,7.592627102838651,31.27942697771565,7.592627102838651,22.395283864997086
1900-01-01 16:31:58,7.5,39.99919,7.5,39.99919,7.5,39.99919,7.499999999999992,39.99919,7.500000000000007,39.99919,16.700890467731092,31.214859207451244,25.78465861058261,38.02768531458988,25.78465861058261,24.402033100312607,7.617122324879574,38.02768531458988,7.617122324879581,24.402033100312607
1900-01-01 16:31:58,7.5,39.99919,7.5,39.99919,7.5,39.99919,7.499999999999992,39.99919,7.500000000000007,39.99919,16.507803133167354,31.835195391737987,25.382102490936923,38.490919910065166,25.382102490936923,25.179470873410814,7.6335037753977835,38.490919910065166,7.633503775397787,25.17947087341081
1900-01-01 16:31:58,7.5,39.99919,7.5,39.99919,7.5,39.99919,7.499999999999992,39.99919,7.500000000000007,39.99919,16.154226893180464,32.572434305145535,24.654810645396573,38.94787211930762,24.654810645396573,26.19699649098345,7.653643140964346,38.94787211930762,7.653643140964356,26.19699649098345
1900-01-01 16:31:58,7.5,39.99919,7.5,39.99919,7.5,39.99919,7.499999999999992,39.99919,7.500000000000007,39.99919,15.628345101780802,33.370763435831634,23.584184727998146,39.337643155494646,23.584184727998146,27.40388371616863,7.672505475563457,39.337643155494646,7.672505475563461,27.40388371616863
1900-01-01 16:31:58,7.5,39.99919,7.5,39.99919,7.5,39.99919,7.499999999999992,39.99919,7.500000000000007,39.99919,14.9444790655049,34.19200116309,22.201187727926353,39.634532659906085,22.201187727926353,28.749469666273907,7.687770403083444,39.634532659906085,7.687770403083448,28.749469666273907
1900-01-01 16:31:58,7.5,39.99919,7.5,39.99919,7.5,39.99919,7.499999999999992,39.99919,7.500000000000007,39.99919,14.205486399977099,35.030076138952154,20.70044612317776,39.90129593135265,20.70044612317776,30.15885634655166,7.710526676776438,39.90129593135265,7.710526676776442,30.15885634655166
1900-01-01 16:31:58,7.5,39.99919,7.5,39.99919,7.5,39.99919,7.499999999999992,39.99919,7.500000000000007,39.99919,13.403766287993454,35.853841659982116,19.074134341361493,40.106617700008144,19.074134341361493,31.60106561995609,7.7333982346254135,40.106617700008144,7.7333982346254215,31.60106561995609
1900-01-01 16:31:58,7.5,39.99919,7.5,39.99919,7.5,39.99919,7.499999999999992,39.99919,7.500000000000007,39.99919,12.532093851146236,36.658123657185,17.311449588460412,40.242640460170634,17.311449588460412,33.07360685419937,7.75273811383206,40.242640460170634,7.75273811383206,33.07360685419937
1900-01-01 16:31:58,7.5,39.99919,7.5,39.99919,7.5,39.99919,7.499999999999992,39.99919,7.500000000000007,39.99919,11.592688330393429,37.445881097870256,15.418221559871213,40.31503101997859,15.418221559871213,34.576731175761914,7.767155100915647,40.31503101997859,7.767155100915647,34.576731175761914
1900-01-01 16:31:58,7.5,39.99919,7.5,39.99919,7.5,39.99919,7.499999999999992,39.99919,7.500000000000007,39.99919,10.592654625799497,38.22415789098389,13.408747415353279,40.33622748314923,13.408747415353279,36.112088298818556,7.776561836245711,40.33622748314923,7.776561836245719,36.112088298818556
1900-01-01 16:32:06,7.5,49.9978225,7.5,49.9978225,7.5,49.9978225,7.5,49.9978225,7.5,49.9978225,13.273489533197454,42.290187821299384,18.670210526220853,46.337728566066936,18.670210526220853,38.24264707653183,7.8767685401740435,46.337728566066936,7.876768540174067,38.24264707653184
1900-01-01 16:32:06,7.5,49.9978225,7.5,49.9978225,7.5,49.9978225,7.5,49.9978225,7.5,49.9978225,13.273130246509,42.28979700588317,18.66936853956382,46.336975725674286,18.66936853956382,38.24261828609205,7.876891953454174,46.336975725674286,7.876891953454181,38.24261828609205
1900-01-01 16:32:06,7.5,49.9978225,7.5,49.9978225,7.5,49.9978225,7.5,49.9978225,7.5,49.9978225,13.272889220769297,42.2895131575532,18.668776941022738,46.336428947743286,18.668776941022738,38.242597367363125,7.877001500515856,46.336428947743286,7.877001500515856,38.24259736736312
1900-01-01 16:32:06,7.5,49.9978225,7.5,49.9978225,7.5,49.9978225,7.5,49.9978225,7.5,49.9978225,13.272755540259958,42.289332245049636,18.668419804667316,46.33608044335516,18.668419804667316,38.24258404674412,7.877091275852596,46.33608044335516,7.877091275852604,38.24258404674412
1900-01-01 16:32:06,7.5,49.9978225,7.5,49.9978225,7.5,49.9978225,7.5,49.9978225,7.5,49.9978225,13.272711738252127,42.28924217510274,18.668264713807655,46.33590690676939,18.668264713807655,38.2425774434361,7.877158762696596,46.33590690676939,7.877158762696603,38.2425774434361
1900-01-01 16:32:06,7.5,49.9978225,7.5,49.9978225,7.5,49.9978225,7.5,49.9978225,7.5,49.9978225,13.243331062269958,42.311280688249525,18.668270222614705,46.37998505850808,18.668270222614705,38.24257631799096,7.818391901925201,46.37998505850808,7.818391901925216,38.24257631799096
1900-01-01 16:32:06,7.5,49.9978225,7.5,49.9978225,7.5,49.9978225,7.5,49.9978225,7.5,49.9978225,13.193365670161503,42.33377774077539,18.668392036950802,46.44004751586736,18.668392036950802,38.22750796568342,7.718339303372204,46.44004751586736,7.718339303372204,38.227507965683415
1900-01-01 16:32:06,7.5,49.9978225,7.5,49.9978225,7.5,49.9978225,7.5,49.9978225,7.5,49.9978225,13.127042057759088,42.35412504247836,18.668587729443395,46.510284296241586,18.668587729443395,38.19796578871512,7.585496386074776,46.510284296241586,7.585496386074791,38.19796578871513
1900-01-01 16:32:06,7.5,49.9978225,7.5,49.9978225,7.5,49.9978225,7.5,49.9978225,7.5,49.9978225,13.054816636518538,42.37054479309753,18.66881998203991,46.58104730223856,18.66881998203991,38.1600422839565,7.44081329099716,46.58104730223856,7.440813290997168,38.1600422839565
1900-01-01 16:32:06,7.5,49.9978225,7.5,49.9978225,7.5,49.9978225,7.5,49.9978225,7.5,49.9978225,12.989978728408168,42.38221367457008,18.669058479398434,46.641523487812776,18.669058479398434,38.12290386132738,7.3108989774179,46.641523487812776,7.310898977417908,38.12290386132738
1900-01-01 16:32:14,7.5,39.99919,7.5,39.99919,7.5,39.99919,7.499999999999992,39.99919,7.500000000000007,39.99919,9.539690825728497,41.07337579593839,12.198712963174481,43.06764239902288,12.198712963174481,39.079109192853906,6.880668688282511,43.06764239902288,6.880668688282518,39.079109192853906
1900-01-01 16:32:14,7.5,39.99919,7.5,39.99919,7.5,39.99919,7.499999999999992,39.99919,7.500000000000007,39.99919,9.592605964216512,40.88930105384968,12.325837641660465,42.93922481193265,12.325837641660465,38.83937729576672,6.85937428677255,42.93922481193265,6.859374286772565,38.83937729576672
1900-01-01 16:32:14,7.5,39.99919,7.5,39.99919,7.5,39.99919,7.499999999999992,39.99919,7.500000000000007,39.99919,9.633486114496254,40.69078764579986,12.440298840022175,42.7958971899443,12.440298840022175,38.58567810165542,6.826673388970327,42.7958971899443,6.826673388970342,38.58567810165542
1900-01-01 16:32:14,7.5,39.99919,7.5,39.99919,7.5,39.99919,7.499999999999992,39.99919,7.500000000000007,39.99919,9.665210095839488,40.51389635640916,12.538370001509065,42.66876628566135,12.538370001509065,38.359026427156984,6.79205019016991,42.66876628566135,6.79205019016991,38.359026427156984
1900-01-01 16:32:14,7.5,39.99919,7.5,39.99919,7.5,39.99919,7.499999999999992,39.99919,7.500000000000007,39.99919,9.658048357306132,40.352023578423015,12.55938870214048,42.52802883704878,12.55938870214048,38.17601831979726,6.756708012471775,42.52802883704878,6.75670801247179,38.17601831979726
1900-01-01 16:32:14,7.5,39.99919,7.5,39.99919,7.5,39.99919,7.499999999999992,39.99919,7.500000000000007,39.99919,9.629654132059112,40.22524526120917,12.533470356398054,42.403107429463375,12.533470356398054,38.04738309295496,6.725837907720165,42.403107429463375,6.725837907720173,38.04738309295496
1900-01-01 16:32:14,7.5,39.99919,7.5,39.99919,7.5,39.99919,7.499999999999992,39.99919,7.500000000000007,39.99919,9.591608718942704,40.13904469386057,12.481404435742334,42.306391481460295,12.481404435742334,37.97169790626085,6.701813002143066,42.306391481460295,6.701813002143081,37.97169790626085
1900-01-01 16:32:14,7.5,39.99919,7.5,39.99919,7.5,39.99919,7.499999999999992,39.99919,7.500000000000007,39.99919,9.551349377333889,40.09060177830775,12.417524787532216,42.240233335956496,12.417524787532216,37.940970220659004,6.685173967135559,42.240233335956496,6.685173967135567,37.940970220659004
1900-01-01 16:32:14,7.5,39.99919,7.5,39.99919,7.5,39.99919,7.499999999999992,39.99919,7.500000000000007,39.99919,9.513453019931054,40.072938136445636,12.351564902098714,42.20152204807138,12.351564902098714,37.94435422481989,6.675341137763386,42.20152204807138,6.675341137763401,37.94435422481989
1900-01-01 16:32:21,7.5,29.997120000000002,7.5,29.997120000000002,7.5,29.997120000000002,7.5,29.997120000000002,7.5,29.997120000000002,9.301408746540677,30.183309997017478,11.87710053558612,32.11507883880156,11.87710053558612,28.251541155233397,6.725716957495236,32.11507883880156,6.725716957495233,28.251541155233397
1900-01-01 16:32:21,7.5,29.997120000000002,7.5,29.997120000000002,7.5,29.997120000000002,7.5,29.997120000000002,7.5,29.997120000000002,9.319613077275953,30.045430922163675,11.913162635048506,31.99059309049309,11.913162635048506,28.100268753834257,6.726063519503403,31.99059309049309,6.726063519503396,28.100268753834257
1900-01-01 16:32:21,7.5,29.997120000000002,7.5,29.997120000000002,7.5,29.997120000000002,7.5,29.997120000000002,7.5,29.997120000000002,9.352078821058164,29.93282511843367,11.974446833546525,31.89960112779994,11.974446833546525,27.9660491090674,6.729710808569803,31.89960112779994,6.729710808569803,27.9660491090674
1900-01-01 16:32:21,7.5,29.997120000000002,7.5,29.997120000000002,7.5,29.997120000000002,7.5,29.997120000000002,7.5,29.997120000000002,9.387769084350069,29.851809527403542,12.040783379197622,31.841570248539206,12.040783379197622,27.86204880626788,6.734754789502517,31.841570248539206,6.734754789502517,27.86204880626788
1900-01-01 16:32:21,7.5,29.997120000000002,7.5,29.997120000000002,7.5,29.997120000000002,7.5,29.997120000000002,7.5,29.997120000000002,9.41098669887657,29.735326567899246,12.099927087395649,31.752031859288554,12.099927087395649,27.718621276509943,6.722046310357496,31.752031859288554,6.722046310357488,27.718621276509936
1900-01-01 16:32:21,7.5,29.997120000000002,7.5,29.997120000000002,7.5,29.997120000000002,7.5,29.997120000000002,7.5,29.997120000000002,9.413351435271434,29.58947158506193,12.095447468186993,31.6010436097486,12.095447468186993,27.57789956037526,6.731255402355873,31.6010436097486,6.731255402355873,27.57789956037526
1900-01-01 16:32:21,7.5,29.997120000000002,7.5,29.997120000000002,7.5,29.997120000000002,7.5,29.997120000000002,7.5,29.997120000000002,9.399849598077608,29.447390909684568,12.058445414754962,31.441337772192583,12.058445414754962,27.45344404717655,6.741253781400253,31.441337772192583,6.741253781400253,27.453444047176557
1900-01-01 16:32:21,7.5,29.997120000000002,7.5,29.997120000000002,7.5,29.997120000000002,7.5,29.997120000000002,7.5,29.997120000000002,9.387372669630778,29.272997641405624,12.034072364944189,31.258022412890682,12.034072364944189,27.287972869920566,6.74067297431737,31.258022412890682,6.74067297431737,27.287972869920573
1900-01-01 16:32:21,7.5,29.997120000000002,7.5,29.997120000000002,7.5,29.997120000000002,7.5,29.997120000000002,7.5,29.997120000000002,9.376508193027634,29.108368434043626,12.018225649269807,31.08965652622526,12.018225649269807,27.127080341861998,6.7347907367854605,31.08965652622526,6.7347907367854605,27.127080341861998
1900-01-01 16:32:21,7.5,29.997120000000002,7.5,29.997120000000002,7.5,29.997120000000002,7.5,29.997120000000002,7.5,29.997120000000002,9.367580478971853,28.973630127992962,12.008257962665615,30.95413824076328,12.008257962665615,26.99312201522264,6.726902995278094,30.95413824076328,6.726902995278089,26.99312201522264
1900-01-01 16:32:28,7.499999999999999,20.0036,7.5,20.0036,7.5,20.003599999999995,7.499999999999992,20.0036,7.5000000000000036,20.0036,7.337331033459701,21.742412243292428,8.419437878541919,22.55399237710409,8.419437878541919,20.93083210948076,6.255224188377478,22.55399237710409,6.255224188377485,20.930832109480765
1900-01-01 16:32:28,7.499999999999999,20.0036,7.5,20.0036,7.5,20.003599999999995,7.499999999999992,20.0036,7.5000000000000036,20.0036,7.332839193089231,21.59631805294091,8.311710926828736,22.330471853245538,8.311710926828736,20.862164252636276,6.35396745934972,22.330471853245538,6.353967459349728,20.862164252636276
1900-01-01 16:32:28,7.499999999999999,20.0036,7.5,20.0036,7.5,20.003599999999995,7.499999999999992,20.0036,7.5000000000000036,20.0036,7.301285341369969,21.444109502031708,8.167894198143676,22.094066144611986,8.167894198143676,20.794152859451426,6.43467648459626,22.094066144611986,6.434676484596264,20.794152859451426
1900-01-01 16:32:28,7.499999999999999,20.0036,7.5,20.0036,7.5,20.003599999999995,7.499999999999992,20.0036,7.5000000000000036,20.0036,7.23857636574428,21.290120447082927,7.997720551413806,21.859478586335072,7.997720551413806,20.720762307830782,6.4794321800747525,21.859478586335072,6.479432180074756,20.720762307830785
1900-01-01 16:32:28,7.499999999999999,20.0036,7.5,20.0036,7.5,20.003599999999995,7.499999999999992,20.0036,7.5000000000000036,20.0036,7.166987161814829,21.158061614121053,7.836741059240724,21.66037703719047,7.836741059240724,20.65574619105163,6.497233264388933,21.66037703719047,6.497233264388937,20.655746191051627
1900-01-01 16:32:28,7.499999999999999,20.0036,7.5,20.0036,7.5,20.003599999999995,7.499999999999992,20.0036,7.5000000000000036,20.0036,7.064955717866245,21.048627020021172,7.664155842353284,21.498027113386453,7.664155842353284,20.599226926655895,6.465755593379204,21.498027113386453,6.465755593379208,20.599226926655895
1900-01-01 16:32:28,7.499999999999999,20.0036,7.5,20.0036,7.5,20.003599999999995,7.499999999999992,20.0036,7.5000000000000036,20.0036,6.930502603999534,20.971145496198034,7.489757642405929,21.39058677500283,7.489757642405929,20.551704217393237,6.371247565593137,21.39058677500283,6.371247565593137,20.551704217393237
1900-01-01 16:32:28,7.499999999999999,20.0036,7.5,20.0036,7.5,20.003599999999995,7.499999999999992,20.0036,7.5000000000000036,20.0036,6.7802805561085355,20.910163551586308,7.304926684056988,21.303648147547644,7.304926684056988,20.51667895562497,6.255634428160082,21.303648147547644,6.255634428160082,20.516678955624965
1900-01-01 16:32:28,7.499999999999999,20.0036,7.5,20.0036,7.5,20.003599999999995,7.499999999999992,20.0036,7.5000000000000036,20.0036,6.6212253590724295,20.868847653827316,7.142499529292437,21.25980328149232,7.142499529292437,20.47789202616231,6.099951188852416,21.25980328149232,6.099951188852424,20.47789202616231
1900-01-01 16:32:28,7.499999999999999,20.0036,7.5,20.0036,7.5,20.003599999999995,7.499999999999992,20.0036,7.5000000000000036,20.0036,6.518665925643154,20.784842077224575,6.993311656193085,21.140826375137024,6.993311656193085,20.428857779312125,6.0440201950932195,21.140826375137024,6.044020195093223,20.42885777931213
1900-01-01 16:32:35,7.5,10.0,7.5,10.0,7.5,10.0,7.5,10.0,7.5,10.0,7.9409066336347305,10.814614146379842,10.279963689526658,12.568906938298788,10.279963689526658,9.060321354460894,5.601849577742801,12.568906938298788,5.601849577742804,9.060321354460896
1900-01-01 16:32:35,7.5,10.0,7.5,10.0,7.5,10.0,7.5,10.0,7.5,10.0,7.866133724371295,10.871589733369326,10.258120395188087,12.665579736481922,10.258120395188087,9.077599730256734,5.474147053554502,12.665579736481922,5.474147053554503,9.077599730256733
1900-01-01 16:32:35,7.5,10.0,7.5,10.0,7.5,10.0,7.5,10.0,7.5,10.0,7.79930391729026,10.882890913695732,10.216572920539214,12.695842666132448,10.216572920539214,9.069939161259017,5.382034914041304,12.695842666132448,5.382034914041306,9.069939161259017
1900-01-01 16:32:35,7.5,10.0,7.5,10.0,7.5,10.0,7.5,10.0,7.5,10.0,7.748341026743024,10.862514469747962,10.164707015109606,12.674788961022898,10.164707015109606,9.050239978473027,5.331975038376443,12.674788961022898,5.3319750383764415,9.050239978473025
1900-01-01 16:32:35,7.5,10.0,7.5,10.0,7.5,10.0,7.5,10.0,7.5,10.0,7.7096889314586665,10.818316663050165,10.122724195682563,12.628093111218089,10.122724195682563,9.008540214882244,5.296653667234769,12.628093111218089,5.296653667234771,9.008540214882244
1900-01-01 16:32:35,7.5,10.0,7.5,10.0,7.5,10.0,7.5,10.0,7.5,10.0,7.6945384063313815,10.753556205720074,10.093027277129744,12.552422858818845,10.093027277129744,8.954689552621302,5.29604953553302,12.552422858818845,5.29604953553302,8.954689552621302
1900-01-01 16:32:35,7.5,10.0,7.5,10.0,7.5,10.0,7.5,10.0,7.5,10.0,7.695540727762539,10.685368849387995,10.074885726016914,12.469877598078776,10.074885726016914,8.90086010069721,5.316195729508161,12.469877598078776,5.3161957295081645,8.900860100697212
1900-01-01 16:32:35,7.5,10.0,7.5,10.0,7.5,10.0,7.5,10.0,7.5,10.0,7.7286231990080045,10.606545288512908,10.049339951918737,12.347082853195957,10.049339951918737,8.866007723829858,5.407906446097271,12.347082853195957,5.407906446097271,8.866007723829856
1900-01-01 16:32:35,7.5,10.0,7.5,10.0,7.5,10.0,7.5,10.0,7.5,10.0,7.775242383096695,10.53229841427923,10.024672326826664,12.219370872076707,10.024672326826664,8.845225956481753,5.5258124393667245,12.219370872076707,5.525812439366727,8.845225956481753
1900-01-01 16:32:35,7.5,10.0,7.5,10.0,7.5,10.0,7.5,10.0,7.5,10.0,7.823557915031321,10.470394502436347,10.004720754155874,12.106266631779762,10.004720754155874,8.834522373092934,5.642395075906769,12.106266631779762,5.642395075906768,8.834522373092932
1900-01-01 16:32:44,7.5,10.0,14.160519999999998,14.995389999999999,14.160519999999998,5.004610000000001,0.8394800000000032,14.995389999999999,0.8394800000000013,5.004610000000001,8.116881878952684,10.614714648563988,17.056487812100738,17.319419098425026,17.056487812100738,3.9100101987029476,-0.8227240541953695,17.319419098425026,-0.8227240541953714,3.9100101987029476
1900-01-01 16:32:44,7.5,10.0,14.160519999999998,14.995389999999999,14.160519999999998,5.004610000000001,0.8394800000000032,14.995389999999999,0.8394800000000013,5.004610000000001,8.149680730811971,10.570861870058678,17.206924873512047,17.363794977083735,17.206924873512047,3.77792876303362,-0.9075634118881036,17.363794977083735,-0.9075634118881036,3.7779287630336214
1900-01-01 16:32:44,7.5,10.0,14.160519999999998,14.995389999999999,14.160519999999998,5.004610000000001,0.8394800000000032,14.995389999999999,0.8394800000000013,5.004610000000001,8.181757214035802,10.524398427970842,17.3293985351961,17.385129418841064,17.3293985351961,3.663667437100617,-0.9658841071244978,17.385129418841064,-0.9658841071244959,3.663667437100618
1900-01-01 16:32:44,7.5,10.0,14.160519999999998,14.995389999999999,14.160519999999998,5.004610000000001,0.8394800000000032,14.995389999999999,0.8394800000000013,5.004610000000001,8.208787696489779,10.482803970545504,17.41732977125502,17.389210526619433,17.41732977125502,3.576397414471575,-0.9997543782754595,17.389210526619433,-0.9997543782754595,3.5763974144715736
1900-01-01 16:32:44,7.5,10.0,14.160519999999998,14.995389999999999,14.160519999999998,5.004610000000001,0.8394800000000032,14.995389999999999,0.8394800000000013,5.004610000000001,8.20421513471736,10.431056434645045,17.422180174379744,17.344530214391835,17.422180174379744,3.5175826548982574,-1.013749904945026,17.344530214391835,-1.0137499049450223,3.5175826548982574
1900-01-01 16:32:44,7.5,10.0,14.160519999999998,14.995389999999999,14.160519999999998,5.004610000000001,0.8394800000000032,14.995389999999999,0.8394800000000013,5.004610000000001,8.162976011907215,10.351031027756324,17.400946180511482,17.279508654209526,17.400946180511482,3.4225534013031225,-1.0749941566970544,17.279508654209526,-1.0749941566970524,3.4225534013031225
1900-01-01 16:32:44,7.5,10.0,14.160519999999998,14.995389999999999,14.160519999999998,5.004610000000001,0.8394800000000032,14.995389999999999,0.8394800000000013,5.004610000000001,8.064252028831508,10.229688981263243,17.34245830566342,17.188343688887176,17.34245830566342,3.2710342736393048,-1.2139542480004062,17.188343688887176,-1.2139542480004062,3.271034273639306
1900-01-01 16:32:44,7.5,10.0,14.160519999999998,14.995389999999999,14.160519999999998,5.004610000000001,0.8394800000000032,14.995389999999999,0.8394800000000013,5.004610000000001,7.9488309994049295,10.104903640699847,17.270628987138608,17.096252131500105,17.270628987138608,3.113555149899588,-1.372966988328748,17.096252131500105,-1.372966988328748,3.1135551498995895
1900-01-01 16:32:44,7.5,10.0,14.160519999999998,14.995389999999999,14.160519999999998,5.004610000000001,0.8394800000000032,14.995389999999999,0.8394800000000013,5.004610000000001,7.8825770906652775,9.950825576014324,17.250351229953015,16.976656180480127,17.250351229953015,2.92499497154852,-1.4851970486224597,16.976656180480127,-1.4851970486224597,2.92499497154852
1900-01-01 16:32:44,7.5,10.0,14.160519999999998,14.995389999999999,14.160519999999998,5.004610000000001,0.8394800000000032,14.995389999999999,0.8394800000000013,5.004610000000001,7.848778285419583,9.759330799420319,17.24493184067394,16.806445965861087,17.24493184067394,2.7122156329795533,-1.547375269834773,16.806445965861087,-1.5473752698347705,2.7122156329795533
1900-01-01 16:32:52,7.499999999999999,10.0,14.1636,14.997700000000002,14.1636,5.0023,0.8363999999999957,14.997700000000002,0.8363999999999995,5.0023,7.75380667195925,0.49098156051946784,16.677500367380055,7.183751832085071,16.677500367380055,-6.201788711046136,-1.1698870234615546,7.183751832085071,-1.1698870234615546,-6.2017887110461345
1900-01-01 16:32:52,7.499999999999999,10.0,14.1636,14.997700000000002,14.1636,5.0023,0.8363999999999957,14.997700000000002,0.8363999999999995,5.0023,7.7623104085325405,0.3573679184880463,16.65268392815427,7.025148058204344,16.65268392815427,-6.310412221228252,-1.1280631110891894,7.025148058204344,-1.1280631110891903,-6.310412221228251
1900-01-01 16:32:52,7.499999999999999,10.0,14.1636,14.997700000000002,14.1636,5.0023,0.8363999999999957,14.997700000000002,0.8363999999999995,5.0023,7.772191353706557,0.22729717315733922,16.62430246966774,6.866380510128227,16.62430246966774,-6.411786163813549,-1.0799197622546255,6.866380510128227,-1.0799197622546255,-6.411786163813549
1900-01-01 16:32:52,7.499999999999999,10.0,14.1636,14.997700000000002,14.1636,5.0023,0.8363999999999957,14.997700000000002,0.8363999999999995,5.0023,7.786068225350106,0.09331011057483796,16.576320285014653,6.685999155323248,16.576320285014653,-6.499378934173572,-1.0041838343144416,6.685999155323248,-1.0041838343144416,-6.499378934173572
1900-01-01 16:32:52,7.499999999999999,10.0,14.1636,14.997700000000002,14.1636,5.0023,0.8363999999999957,14.997700000000002,0.8363999999999995,5.0023,7.800214508428811,-0.021737056430152002,16.524545058597052,6.521510856196031,16.524545058597052,-6.564984969056335,-0.9241160417394326,6.521510856196031,-0.9241160417394326,-6.564984969056335
1900-01-01 16:32:52,7.499999999999999,10.0,14.1636,14.997700000000002,14.1636,5.0023,0.8363999999999957,14.997700000000002,0.8363999999999995,5.0023,7.80385779795782,-0.12891680236712855,16.47295096057015,6.37290306959212,16.47295096057015,-6.630736674326376,-0.8652353646545103,6.37290306959212,-0.8652353646545103,-6.630736674326378
1900-01-01 16:32:52,7.499999999999999,10.0,14.1636,14.997700000000002,14.1636,5.0023,0.8363999999999957,14.997700000000002,0.8363999999999995,5.0023,7.785570913410616,-0.24024061367798555,16.394196684939786,6.216228714968891,16.394196684939786,-6.696709942324863,-0.823054858118554,6.216228714968891,-0.8230548581185531,-6.696709942324862
1900-01-01 16:32:52,7.499999999999999,10.0,14.1636,14.997700000000002,14.1636,5.0023,0.8363999999999957,14.997700000000002,0.8363999999999995,5.0023,7.7636398000090585,-0.33959642880378893,16.32374066643703,6.080479221017189,16.32374066643703,-6.759672078624767,-0.7964610664189128,6.080479221017189,-0.7964610664189119,-6.759672078624766
1900-01-01 16:32:52,7.499999999999999,10.0,14.1636,14.997700000000002,14.1636,5.0023,0.8363999999999957,14.997700000000002,0.8363999999999995,5.0023,7.747618038638537,-0.44962457182750604,16.2306199337148,5.9126268494796905,16.2306199337148,-6.811875993134702,-0.7353838564377232,5.9126268494796905,-0.7353838564377232,-6.811875993134703
1900-01-01 16:33:00,7.5,-0.0035999999999972946,7.5,-0.0035999999999972946,7.5,-0.0035999999999972946,7.5,-0.0035999999999972946,7.5,-0.0035999999999972946,7.351648008460358,-0.8279170272705553,9.61796729204616,0.8718224354187968,9.61796729204616,-2.527656489959908,5.085328724874554,0.8718224354187968,5.085328724874557,-2.5276564899599068
1900-01-01 16:33:00,7.5,-0.0035999999999972946,7.5,-0.0035999999999972946,7.5,-0.0035999999999972946,7.5,-0.0035999999999972946,7.5,-0.0035999999999972946,7.349501788061677,-0.7778200382703802,9.544661584021155,0.8685498086992283,9.544661584021155,-2.4241898852399886,5.154341992102199,0.8685498086992283,5.154341992102199,-2.4241898852399886
1900-01-01 16:33:00,7.5,-0.0035999999999972946,7.5,-0.0035999999999972946,7.5,-0.0035999999999972946,7.5,-0.0035999999999972946,7.5,-0.0035999999999972946,7.346360635023322,-0.7301740237978542,9.484218323335558,0.873219242436322,9.484218323335558,-2.3335672900320303,5.2085029467110875,0.873219242436322,5.2085029467110875,-2.3335672900320303
1900-01-01 16:33:00,7.5,-0.0035999999999972946,7.5,-0.0035999999999972946,7.5,-0.0035999999999972946,7.5,-0.0035999999999972946,7.5,-0.0035999999999972946,7.338470449283065,-0.6971271584485343,9.411321312791667,0.8575109891829172,9.411321312791667,-2.251765306079986,5.265619585774463,0.8575109891829172,5.265619585774463,-2.251765306079986
1900-01-01 16:33:00,7.5,-0.0035999999999972946,7.5,-0.0035999999999972946,7.5,-0.0035999999999972946,7.5,-0.0035999999999972946,7.5,-0.0035999999999972946,7.339560677809061,-0.6901029524993906,9.336250120194654,0.8074141292898034,9.336250120194654,-2.187620034288584,5.3428712354234715,0.8074141292898034,5.342871235423468,-2.187620034288585
1900-01-01 16:33:00,7.5,-0.0035999999999972946,7.5,-0.0035999999999972946,7.5,-0.0035999999999972946,7.5,-0.0035999999999972946,7.5,-0.0035999999999972946,7.357850744360353,-0.6901505279072023,9.273760374800124,0.7467816949226261,9.273760374800124,-2.12708275073703,5.441941113920582,0.7467816949226261,5.441941113920582,-2.1270827507370313
1900-01-01 16:33:00,7.5,-0.0035999999999972946,7.5,-0.0035999999999972946,7.5,-0.0035999999999972946,7.5,-0.0035999999999972946,7.5,-0.0035999999999972946,7.382601617051444,-0.6948990894231241,9.227738175802354,0.6889533296400586,9.227738175802354,-2.0787515084863073,5.5374650583005325,0.6889533296400586,5.5374650583005325,-2.078751508486306
1900-01-01 16:33:00,7.5,-0.0035999999999972946,7.5,-0.0035999999999972946,7.5,-0.0035999999999972946,7.5,-0.0035999999999972946,7.5,-0.0035999999999972946,7.40742459195443,-0.702290619993496,9.19786406632449,0.640538985784049,9.19786406632449,-2.045120225771041,5.61698511758437,0.640538985784049,5.61698511758437,-2.045120225771041
1900-01-01 16:33:00,7.5,-0.0035999999999972946,7.5,-0.0035999999999972946,7.5,-0.0035999999999972946,7.5,-0.0035999999999972946,7.5,-0.0035999999999972946,7.400479879728035,-0.7182412542730874,9.104798227632955,0.5599975066556028,9.104798227632955,-1.9964800152017774,5.6961615318231145,0.5599975066556028,5.6961615318231145,-1.9964800152017774
1900-01-01 16:33:00,7.5,-0.0035999999999972946,7.5,-0.0035999999999972946,7.5,-0.0035999999999972946,7.5,-0.0035999999999972946,7.5,-0.0035999999999972946,7.397897606827916,-0.7514081765672774,8.982041112519704,0.4366994527015635,8.982041112519704,-1.939515805836119,5.813754101136127,0.4366994527015635,5.813754101136131,-1.9395158058361177
1900-01-01 16:33:07,7.5,10.0,0.8363999999999985,5.002299999999999,0.8363999999999985,14.997700000000002,14.1636,5.002299999999999,14.163600000000004,14.997700000000002,7.333091921319953,-0.34103538760944474,3.188656852123315,-3.449361689506924,3.188656852123315,2.7672909142880346,11.477526990516592,-3.449361689506924,11.47752699051659,2.7672909142880346
1900-01-01 16:33:07,7.5,10.0,0.8363999999999985,5.002299999999999,0.8363999999999985,14.997700000000002,14.1636,5.002299999999999,14.163600000000004,14.997700000000002,7.346719332089295,-0.31083218860347006,3.1073052906823704,-3.4903927196586637,3.1073052906823704,2.8687283424517234,11.586133373496219,-3.4903927196586637,11.586133373496219,2.8687283424517234
1900-01-01 16:33:07,7.5,10.0,0.8363999999999985,5.002299999999999,0.8363999999999985,14.997700000000002,14.1636,5.002299999999999,14.163600000000004,14.997700000000002,7.405788592516048,-0.26870386998552276,3.0847469759002193,-3.5094850824473953,3.0847469759002193,2.9720773424763496,11.72683020913188,-3.5094850824473953,11.726830209131876,2.9720773424763496
1900-01-01 16:33:07,7.5,10.0,0.8363999999999985,5.002299999999999,0.8363999999999985,14.997700000000002,14.1636,5.002299999999999,14.163600000000004,14.997700000000002,7.493984335211197,-0.22526798205721676,3.113314537016521,-3.510770330703224,3.113314537016521,3.0602343665887903,11.874654133405873,-3.510770330703224,11.874654133405874,3.0602343665887903
1900-01-01 16:33:07,7.5,10.0,0.8363999999999985,5.002299999999999,0.8363999999999985,14.997700000000002,14.1636,5.002299999999999,14.163600000000004,14.997700000000002,7.5786449176819275,-0.1701443872903896,3.1368909992597747,-3.501459826107004,3.1368909992597747,3.1611710515262246,12.020398836104079,-3.501459826107004,12.02039883610408,3.1611710515262246
1900-01-01 16:33:07,7.5,10.0,0.8363999999999985,5.002299999999999,0.8363999999999985,14.997700000000002,14.1636,5.002299999999999,14.163600000000004,14.997700000000002,7.6496692957258485,-0.11720891272803091,3.1566300045542657,-3.4869883811067184,3.1566300045542657,3.2525705556506566,12.142708586897433,-3.4869883811067184,12.142708586897431,3.2525705556506566
1900-01-01 16:33:07,7.5,10.0,0.8363999999999985,5.002299999999999,0.8363999999999985,14.997700000000002,14.1636,5.002299999999999,14.163600000000004,14.997700000000002,7.703077153260432,-0.07341804291885423,3.172613220823869,-3.4712659922462765,3.172613220823869,3.324429906408568,12.233541085696995,-3.4712659922462765,12.233541085696993,3.324429906408568
1900-01-01 16:33:07,7.5,10.0,0.8363999999999985,5.002299999999999,0.8363999999999985,14.997700000000002,14.1636,5.002299999999999,14.163600000000004,14.997700000000002,7.760028283209528,0.008424545133520533,3.175140733600373,-3.4302411170733453,3.175140733600373,3.4470902073403864,12.344915832818682,-3.4302411170733453,12.344915832818682,3.4470902073403864
1900-01-01 16:33:07,7.5,10.0,0.8363999999999985,5.002299999999999,0.8363999999999985,14.997700000000002,14.1636,5.002299999999999,14.163600000000004,14.997700000000002,7.831382314099167,0.13669223686989085,3.173701479872316,-3.356568388800247,3.173701479872316,3.6299528625400286,12.489063148326016,-3.356568388800247,12.489063148326018,3.6299528625400286
1900-01-01 16:33:15,7.5,10.0,0.8394800000000013,5.004610000000001,0.8394800000000013,14.995389999999999,14.160519999999998,5.004610000000001,14.160519999999996,14.995389999999999,8.326045196704355,8.879264611212124,3.7571751633490615,5.4526120861956535,3.7571751633490615,12.305917136228594,12.894915230059647,5.4526120861956535,12.89491523005965,12.305917136228596
1900-01-01 16:33:15,7.5,10.0,0.8394800000000013,5.004610000000001,0.8394800000000013,14.995389999999999,14.160519999999998,5.004610000000001,14.160519999999996,14.995389999999999,8.325971470919107,9.053475301836087,3.7172898632991007,5.596964096121083,3.7172898632991007,12.509986507551092,12.93465307853911,5.596964096121083,12.934653078539114,12.509986507551094
1900-01-01 16:33:15,7.5,10.0,0.8394800000000013,5.004610000000001,0.8394800000000013,14.995389999999999,14.160519999999998,5.004610000000001,14.160519999999996,14.995389999999999,8.317667181690474,9.214979179386292,3.6770306928425973,5.734501812750385,3.6770306928425973,12.6954565460222,12.95830367053835,5.734501812750385,12.958303670538351,12.6954565460222
1900-01-01 16:33:15,7.5,10.0,0.8394800000000013,5.004610000000001,0.8394800000000013,14.995389999999999,14.160519999999998,5.004610000000001,14.160519999999996,14.995389999999999,8.317704875896215,9.35611969809722,3.6673254375818467,5.8683351193614435,3.6673254375818467,12.843904276832996,12.968084314210584,5.8683351193614435,12.968084314210584,12.843904276832996
1900-01-01 16:33:15,7.5,10.0,0.8394800000000013,5.004610000000001,0.8394800000000013,14.995389999999999,14.160519999999998,5.004610000000001,14.160519999999996,14.995389999999999,8.32167362390901,9.464194040483736,3.6749793475986166,5.979173333250941,3.6749793475986166,12.949214747716534,12.968367900219405,5.979173333250941,12.968367900219402,12.949214747716532
1900-01-01 16:33:15,7.5,10.0,0.8394800000000013,5.004610000000001,0.8394800000000013,14.995389999999999,14.160519999999998,5.004610000000001,14.160519999999996,14.995389999999999,8.331938924428572,9.560236102332118,3.715715188314408,6.098068300246495,3.715715188314408,13.022403904417741,12.948162660542735,6.098068300246495,12.948162660542735,13.022403904417741
1900-01-01 16:33:15,7.5,10.0,0.8394800000000013,5.004610000000001,0.8394800000000013,14.995389999999999,14.160519999999998,5.004610000000001,14.160519999999996,14.995389999999999,8.335366476507167,9.648352739375282,3.7799417093538956,6.231784164010328,3.7799417093538956,13.064921314740236,12.89079124366044,6.231784164010328,12.890791243660438,13.064921314740236
1900-01-01 16:33:15,7.5,10.0,0.8394800000000013,5.004610000000001,0.8394800000000013,14.995389999999999,14.160519999999998,5.004610000000001,14.160519999999996,14.995389999999999,8.340445016333252,9.7362966018758,3.8280287257488452,6.351984383937495,3.8280287257488452,13.120608819814107,12.85286130691766,6.351984383937495,12.85286130691766,13.120608819814107
1900-01-01 16:33:15,7.5,10.0,0.8394800000000013,5.004610000000001,0.8394800000000013,14.995389999999999,14.160519999999998,5.004610000000001,14.160519999999996,14.995389999999999,8.338854169502854,9.844496084251958,3.86186042847861,6.486750778483773,3.86186042847861,13.202241390020138,12.815847910527095,6.486750778483773,12.815847910527099,13.202241390020141
1900-01-01 16:33:15,7.5,10.0,0.8394800000000013,5.004610000000001,0.8394800000000013,14.995389999999999,14.160519999999998,5.004610000000001,14.160519999999996,14.995389999999999,8.334060329253592,9.94566260680919,3.883491590012691,6.607736052378512,3.883491590012691,13.283589161239867,12.784629068494494,6.607736052378512,12.784629068494493,13.283589161239863
1900-01-01 16:33:24,7.5,10.0,7.5,10.0,7.5,10.0,7.5,10.0,7.5,10.0,8.24827995904295,11.117948136527808,10.019368587096176,12.446264607567727,10.019368587096176,9.789631665487887,6.477191330989721,12.446264607567727,6.477191330989725,9.789631665487887
1900-01-01 16:33:24,7.5,10.0,7.5,10.0,7.5,10.0,7.5,10.0,7.5,10.0,8.247634831504275,11.070615536855525,10.061621188110344,12.431105304310076,10.061621188110344,9.710125769400975,6.433648474898208,12.431105304310076,6.4336484748982095,9.710125769400975
1900-01-01 16:33:24,7.5,10.0,7.5,10.0,7.5,10.0,7.5,10.0,7.5,10.0,8.24888542428175,11.021506957054317,10.103159719463484,12.412212678440618,10.103159719463484,9.630801235668018,6.394611129100017,12.412212678440618,6.394611129100015,9.630801235668017
1900-01-01 16:33:24,7.5,10.0,7.5,10.0,7.5,10.0,7.5,10.0,7.5,10.0,8.247906595435248,10.982773755656524,10.13324596770448,12.39677828485845,10.13324596770448,9.5687692264546,6.362567223166015,12.39677828485845,6.362567223166019,9.568769226454602
1900-01-01 16:33:24,7.5,10.0,7.5,10.0,7.5,10.0,7.5,10.0,7.5,10.0,8.238364105476524,10.955968926920566,10.166794439436806,12.402291677390776,10.166794439436806,9.509646176450353,6.309933771516241,12.402291677390776,6.309933771516243,9.509646176450353
1900-01-01 16:33:24,7.5,10.0,7.5,10.0,7.5,10.0,7.5,10.0,7.5,10.0,8.225988083588168,10.939841217056161,10.196963952252265,12.418073118554233,10.196963952252265,9.46160931555809,6.255012214924071,12.418073118554233,6.2550122149240694,9.461609315558087
1900-01-01 16:33:24,7.5,10.0,7.5,10.0,7.5,10.0,7.5,10.0,7.5,10.0,8.222600135928449,10.938543099965372,10.295816496586324,12.49345537045878,10.295816496586324,9.383630829471965,6.149383775270572,12.49345537045878,6.149383775270576,9.383630829471967
1900-01-01 16:33:24,7.5,10.0,7.5,10.0,7.5,10.0,7.5,10.0,7.5,10.0,8.224452235473786,10.946083615238146,10.415861525553622,12.589640582798022,10.415861525553622,9.30252664767827,6.033042945393951,12.589640582798022,6.033042945393951,9.302526647678269
1900-01-01 16:33:24,7.5,10.0,7.5,10.0,7.5,10.0,7.5,10.0,7.5,10.0,8.229003983406827,10.958118734906563,10.530301976199556,12.684092229501111,10.530301976199556,9.232145240312017,5.927705990614097,12.684092229501111,5.927705990614099,9.232145240312017
1900-01-01 16:33:24,7.5,10.0,7.5,10.0,7.5,10.0,7.5,10.0,7.5,10.0,8.23454890223655,10.971586978922735,10.625713293780388,12.764960272580613,10.625713293780388,9.178213685264856,5.843384510692712,12.764960272580613,5.843384510692713,9.178213685264856
1900-01-01 16:33:33,7.5,-0.0035999999999972946,7.5,-0.0035999999999972946,7.5,-0.0035999999999972946,7.5,-0.0035999999999972946,7.5,-0.0035999999999972946,7.803354385830614,0.6132833168804599,10.079723103840532,2.320559855387897,10.079723103840532,-1.093993221626978,5.526985667820698,2.320559855387897,5.526985667820698,-1.0939932216269768
1900-01-01 16:33:33,7.5,-0.0035999999999972946,7.5,-0.0035999999999972946,7.5,-0.0035999999999972946,7.5,-0.0035999999999972946,7.5,-0.0035999999999972946,7.800263186551244,0.5172866393551079,10.056694446274127,2.2096100841472706,10.056694446274127,-1.1750368054370555,5.54383192682836,2.2096100841472706,5.54383192682836,-1.1750368054370541
1900-01-01 16:33:33,7.5,-0.0035999999999972946,7.5,-0.0035999999999972946,7.5,-0.0035999999999972946,7.5,-0.0035999999999972946,7.5,-0.0035999999999972946,7.808061020573083,0.4153360062096254,10.033390589526743,2.0843331829248712,10.033390589526743,-1.2536611705056204,5.582731451619422,2.0843331829248712,5.582731451619422,-1.2536611705056204
1900-01-01 16:33:33,7.5,-0.0035999999999972946,7.5,-0.0035999999999972946,7.5,-0.0035999999999972946,7.5,-0.0035999999999972946,7.5,-0.0035999999999972946,7.81157282749876,0.3207026024220173,9.994941488907276,1.9582290984784052,9.994941488907276,-1.3168238936343712,5.628204166090241,1.9582290984784052,5.628204166090245,-1.31682389363437
1900-01-01 16:33:33,7.5,-0.0035999999999972946,7.5,-0.0035999999999972946,7.5,-0.0035999999999972946,7.5,-0.0035999999999972946,7.5,-0.0035999999999972946,7.80608879180105,0.21170134859669248,9.95956696490718,1.8268099784262901,9.95956696490718,-1.403407281232906,5.65261061869492,1.8268099784262901,5.652610618694924,-1.4034072812329044
1900-01-01 16:33:33,7.5,-0.0035999999999972946,7.5,-0.0035999999999972946,7.5,-0.0035999999999972946,7.5,-0.0035999999999972946,7.5,-0.0035999999999972946,7.805241118785132,0.0967639755093902,9.94222033011615,1.6994983840076543,9.94222033011615,-1.5059704329888732,5.668261907454113,1.6994983840076543,5.668261907454113,-1.5059704329888746
1900-01-01 16:33:33,7.5,-0.0035999999999972946,7.5,-0.0035999999999972946,7.5,-0.0035999999999972946,7.5,-0.0035999999999972946,7.5,-0.0035999999999972946,7.806798388071973,-0.0032894170141546386,9.93687400133809,1.5942672929354331,9.93687400133809,-1.6008461269637424,5.676722774805857,1.5942672929354331,5.676722774805857,-1.6008461269637424
1900-01-01 16:33:33,7.5,-0.0035999999999972946,7.5,-0.0035999999999972946,7.5,-0.0035999999999972946,7.5,-0.0035999999999972946,7.5,-0.0035999999999972946,7.803383667611035,-0.1280682435514905,9.940006239025024,1.4743986850090012,9.940006239025024,-1.7305351721119822,5.666761096197047,1.4743986850090012,5.666761096197047,-1.7305351721119822
1900-01-01 16:33:33,7.5,-0.0035999999999972946,7.5,-0.0035999999999972946,7.5,-0.0035999999999972946,7.5,-0.0035999999999972946,7.5,-0.0035999999999972946,7.797823152083688,-0.24623395191109948,9.947702546833195,1.3661755941510307,9.947702546833195,-1.858643497973229,5.647943757334182,1.3661755941510307,5.647943757334178,-1.8586434979732305
1900-01-01 16:33:33,7.5,-0.0035999999999972946,7.5,-0.0035999999999972946,7.5,-0.0035999999999972946,7.5,-0.0035999999999972946,7.5,-0.0035999999999972946,7.791834227655442,-0.3428959890462302,9.957262418912942,1.2811751543968954,9.957262418912942,-1.9669671324893558,5.626406036397941,1.2811751543968954,5.626406036397941,-1.9669671324893558
1900-01-01 16:33:41,7.5,-9.997120000000002,7.5,-9.997120000000002,7.5,-9.997120000000002,7.500000000000002,-9.997120000000002,7.499999999999998,-9.997120000000002,7.3637880328756244,-9.581324309600564,9.349131519698009,-8.092316694483776,9.349131519698009,-11.070331924717355,5.378444546053238,-8.092316694483776,5.378444546053243,-11.070331924717351
1900-01-01 16:33:41,7.5,-9.997120000000002,7.5,-9.997120000000002,7.5,-9.997120000000002,7.500000000000002,-9.997120000000002,7.499999999999998,-9.997120000000002,7.377843598829146,-9.709246208425958,9.324543490593982,-8.24922128960233,9.324543490593982,-11.169271127249583,5.431143707064312,-8.24922128960233,5.431143707064308,-11.169271127249585
1900-01-01 16:33:41,7.5,-9.997120000000002,7.5,-9.997120000000002,7.5,-9.997120000000002,7.500000000000002,-9.997120000000002,7.499999999999998,-9.997120000000002,7.384641563892812,-9.830568153784085,9.307127074260308,-8.388704021008463,9.307127074260308,-11.272432286559706,5.4621560535253195,-8.388704021008463,5.462156053525314,-11.272432286559706
1900-01-01 16:33:41,7.5,-9.997120000000002,7.5,-9.997120000000002,7.5,-9.997120000000002,7.500000000000002,-9.997120000000002,7.499999999999998,-9.997120000000002,7.391252984735713,-9.977580687039271,9.299767995271134,-8.546194429137705,9.299767995271134,-11.408966944940838,5.48273797420029,-8.546194429137705,5.482737974200292,-11.408966944940836
1900-01-01 16:33:41,7.5,-9.997120000000002,7.5,-9.997120000000002,7.5,-9.997120000000002,7.500000000000002,-9.997120000000002,7.499999999999998,-9.997120000000002,7.396653860134955,-10.114978619428221,9.29883884699177,-8.68833987928561,9.29883884699177,-11.541617359570834,5.49446887327814,-8.68833987928561,5.494468873278136,-11.541617359570836
1900-01-01 16:33:41,7.5,-9.997120000000002,7.5,-9.997120000000002,7.5,-9.997120000000002,7.500000000000002,-9.997120000000002,7.499999999999998,-9.997120000000002,7.3853898353382235,-10.258695602143398,9.312503266621045,-8.813360528681281,9.312503266621045,-11.704030675605514,5.458276404055402,-8.813360528681281,5.458276404055404,-11.704030675605516
1900-01-01 16:33:41,7.5,-9.997120000000002,7.5,-9.997120000000002,7.5,-9.997120000000002,7.500000000000002,-9.997120000000002,7.499999999999998,-9.997120000000002,7.35550356817243,-10.423754885130267,9.321072485209383,-8.949578197352551,9.321072485209383,-11.897931572907982,5.3899346511354755,-8.949578197352551,5.3899346511354755,-11.897931572907982
1900-01-01 16:33:41,7.5,-9.997120000000002,7.5,-9.997120000000002,7.5,-9.997120000000002,7.500000000000002,-9.997120000000002,7.499999999999998,-9.997120000000002,7.327173135451982,-10.579958480737293,9.340999171822155,-9.069588953459663,9.340999171822155,-12.090328008014925,5.313347099081807,-9.069588953459663,5.313347099081814,-12.090328008014922
1900-01-01 16:33:41,7.5,-9.997120000000002,7.5,-9.997120000000002,7.5,-9.997120000000002,7.500000000000002,-9.997120000000002,7.499999999999998,-9.997120000000002,7.305983185009226,-10.739092375537886,9.353820208760522,-9.203214607724414,9.353820208760522,-12.274970143351359,5.2581461612579306,-9.203214607724414,5.2581461612579306,-12.274970143351357
1900-01-01 16:33:41,7.5,-9.997120000000002,7.5,-9.997120000000002,7.5,-9.997120000000002,7.500000000000002,-9.997120000000002,7.499999999999998,-9.997120000000002,7.2829351555365545,-10.881171800291355,9.344310201027556,-9.335140516173103,9.344310201027556,-12.427203084409605,5.221560110045554,-9.335140516173103,5.2215601100455515,-12.427203084409605
1900-01-01 16:33:48,7.5,-19.999189999999995,7.5,-19.999189999999995,7.5,-19.999189999999995,7.5000000000000036,-19.999189999999995,7.4999999999999964,-19.999189999999995,6.85964941331304,-19.361169545816153,8.499009971053317,-18.131649127510947,8.499009971053317,-20.59068996412136,5.2202888555727665,-18.131649127510947,5.220288855572763,-20.590689964121363
1900-01-01 16:33:48,7.5,-19.999189999999995,7.5,-19.999189999999995,7.5,-19.999189999999995,7.5000000000000036,-19.999189999999995,7.4999999999999964,-19.999189999999995,6.855931539513374,-19.494920506881318,8.485122069594278,-18.27302760932064,8.485122069594278,-20.716813404441996,5.226741009432469,-18.27302760932064,5.226741009432472,-20.716813404441993
1900-01-01 16:33:48,7.5,-19.999189999999995,7.5,-19.999189999999995,7.5,-19.999189999999995,7.5000000000000036,-19.999189999999995,7.4999999999999964,-19.999189999999995,6.860534903782957,-19.623597707740323,8.461817628824704,-18.42263566395901,8.461817628824704,-20.824559751521633,5.259252178741212,-18.42263566395901,5.259252178741205,-20.824559751521633
1900-01-01 16:33:48,7.5,-19.999189999999995,7.5,-19.999189999999995,7.5,-19.999189999999995,7.5000000000000036,-19.999189999999995,7.4999999999999964,-19.999189999999995,6.860287139754787,-19.735016961563403,8.437073476293108,-18.552427209159664,8.437073476293108,-20.917606713967146,5.283500803216468,-18.552427209159664,5.283500803216464,-20.917606713967146
1900-01-01 16:33:48,7.5,-19.999189999999995,7.5,-19.999189999999995,7.5,-19.999189999999995,7.5000000000000036,-19.999189999999995,7.4999999999999964,-19.999189999999995,6.881548319051445,-19.837657255919673,8.417188404759724,-18.685927191638463,8.417188404759724,-20.98938732020088,5.345908233343168,-18.685927191638463,5.345908233343168,-20.989387320200876
1900-01-01 16:33:48,7.5,-19.999189999999995,7.5,-19.999189999999995,7.5,-19.999189999999995,7.5000000000000036,-19.999189999999995,7.4999999999999964,-19.999189999999995,6.906671838165301,-19.96158650085262,8.395367247833027,-18.845064943601823,8.395367247833027,-21.078108058103414,5.417976428497574,-18.845064943601823,5.417976428497574,-21.078108058103414
1900-01-01 16:33:48,7.5,-19.999189999999995,7.5,-19.999189999999995,7.5,-19.999189999999995,7.5000000000000036,-19.999189999999995,7.4999999999999964,-19.999189999999995,6.932121764139014,-20.07786701545107,8.379230505169119,-18.99253545967849,8.379230505169119,-21.163198571223646,5.485013023108911,-18.99253545967849,5.485013023108907,-21.16319857122365
1900-01-01 16:33:48,7.5,-19.999189999999995,7.5,-19.999189999999995,7.5,-19.999189999999995,7.5000000000000036,-19.999189999999995,7.4999999999999964,-19.999189999999995,6.946124422742109,-20.216247958530744,8.369198793286465,-19.148942180622477,8.369198793286465,-21.283553736439007,5.523050052197755,-19.148942180622477,5.523050052197755,-21.283553736439007
1900-01-01 16:33:48,7.5,-19.999189999999995,7.5,-19.999189999999995,7.5,-19.999189999999995,7.5000000000000036,-19.999189999999995,7.4999999999999964,-19.999189999999995,6.950771841775374,-20.345592054532744,8.361687813572495,-19.287405075684905,8.361687813572495,-21.403779033380587,5.539855869978252,-19.287405075684905,5.539855869978252,-21.40377903338059
1900-01-01 16:33:55,7.5,-29.997822499999998,7.5,-29.997822499999998,7.5,-29.997822499999998,7.5,-29.997822499999998,7.5,-29.997822499999998,6.627607234905062,-28.392106167356502,7.748634277735406,-27.551335885233744,7.748634277735406,-29.232876449479264,5.506580192074717,-27.551335885233744,5.506580192074717,-29.232876449479264
1900-01-01 16:33:55,7.5,-29.997822499999998,7.5,-29.997822499999998,7.5,-29.997822499999998,7.5,-29.997822499999998,7.5,-29.997822499999998,6.641435842163268,-28.530737778381745,7.748543201028514,-27.70040725923281,7.748543201028514,-29.36106829753068,5.534328483298024,-27.70040725923281,5.534328483298024,-29.361068297530682
1900-01-01 16:33:55,7.5,-29.997822499999998,7.5,-29.997822499999998,7.5,-29.997822499999998,7.5,-29.997822499999998,7.5,-29.997822499999998,6.626914027529708,-28.703644436614667,7.753852767772797,-27.85844038143235,7.753852767772797,-29.54884849179698,5.4999752872866186,-27.85844038143235,5.4999752872866186,-29.54884849179698
1900-01-01 16:33:55,7.5,-29.997822499999998,7.5,-29.997822499999998,7.5,-29.997822499999998,7.5,-29.997822499999998,7.5,-29.997822499999998,6.601170905782716,-28.866561136083448,7.761664513131749,-27.996190930571675,7.761664513131749,-29.736931341595223,5.440677298433684,-27.996190930571675,5.440677298433684,-29.736931341595227
1900-01-01 16:33:55,7.5,-29.997822499999998,7.5,-29.997822499999998,7.5,-29.997822499999998,7.5,-29.997822499999998,7.5,-29.997822499999998,6.595500791398111,-29.011285767544894,7.766081436683833,-28.133350283580604,7.766081436683833,-29.889221251509184,5.42492014611239,-28.133350283580604,5.42492014611239,-29.889221251509184
1900-01-01 16:33:55,7.5,-29.997822499999998,7.5,-29.997822499999998,7.5,-29.997822499999998,7.5,-29.997822499999998,7.5,-29.997822499999998,6.624062765990456,-29.141471148465918,7.766227337539864,-28.284847719803864,7.766227337539864,-29.998094577127972,5.481898194441047,-28.284847719803864,5.481898194441047,-29.998094577127972
1900-01-01 16:33:55,7.5,-29.997822499999998,7.5,-29.997822499999998,7.5,-29.997822499999998,7.5,-29.997822499999998,7.5,-29.997822499999998,6.667140062414269,-29.242506592592754,7.764213685631262,-28.419701375180008,7.764213685631262,-30.065311810005497,5.570066439197277,-28.419701375180008,5.570066439197277,-30.065311810005497
1900-01-01 16:33:55,7.5,-29.997822499999998,7.5,-29.997822499999998,7.5,-29.997822499999998,7.5,-29.997822499999998,7.5,-29.997822499999998,6.733431108170299,-29.32989470096672,7.755973576818826,-28.562987849480322,7.755973576818826,-30.096801552453112,5.710888639521772,-28.562987849480322,5.710888639521772,-30.096801552453115
1900-01-01 16:33:55,7.5,-29.997822499999998,7.5,-29.997822499999998,7.5,-29.997822499999998,7.5,-29.997822499999998,7.5,-29.997822499999998,6.801327279245022,-29.3959663354384,7.74236341938942,-28.690189230330102,7.74236341938942,-30.101743440546695,5.860291139100627,-28.690189230330102,5.86029113910062,-30.1017434405467
1900-01-01 16:33:55,7.5,-29.997822499999998,7.5,-29.997822499999998,7.5,-29.997822499999998,7.5,-29.997822499999998,7.5,-29.997822499999998,6.891958362090678,-29.462371693480623,7.721551127762712,-28.8401771192266,7.721551127762712,-30.084566267734655,6.062365596418643,-28.8401771192266,6.062365596418643,-30.084566267734647
