timestamp,wearabletimestamp,b1d,b2d,b3d,b4d,xa,ya,za
13:32:41.042,320667,6.51,13.309999999999999,12.229999999999999,17.84,-0.27,4.35,9.89
13:32:41.145,320770,6.5200000000000005,13.309999999999999,12.229999999999999,17.84,-1.33,5.3,10.12
13:32:41.248,320873,6.5200000000000005,13.28,12.17,21.02,-0.47,5.96,10.63
13:32:41.349,320975,6.5200000000000005,13.28,12.17,21.02,0.86,7.02,8.12
13:32:41.451,321077,6.5200000000000005,13.28,12.17,21.02,1.22,6.9,11.18
13:32:41.553,321179,6.38,13.08,15.21,16.57,1.96,7.18,13.85
13:32:41.654,321280,6.61,12.989999999999998,15.21,16.57,3.18,7.26,8.9
13:32:41.756,321382,6.61,12.989999999999998,12.04,16.41,3.3,7.49,6.94
13:32:41.858,321484,6.34,12.91,11.809999999999999,16.23,2.86,8.36,6.94
13:32:41.961,321586,6.34,12.91,11.809999999999999,16.23,1.14,6.55,-0.39
13:32:42.063,321688,6.41,13.059999999999999,11.819999999999999,16.11,1.96,10.79,-1.41
13:32:42.165,321791,6.54,12.809999999999999,11.67,16.11,2.0,12.91,2.08
13:32:42.268,321894,6.54,12.809999999999999,11.67,16.08,4.71,8.98,-1.02
13:32:42.370,321995,6.640000000000001,12.809999999999999,11.58,15.870000000000001,-2.75,11.85,1.65
13:32:42.472,322098,7.01,12.809999999999999,11.58,15.870000000000001,-0.75,6.47,0.2
13:32:42.575,322200,7.01,12.76,11.549999999999999,15.71,-2.35,10.55,0.39
13:32:42.677,322302,7.420000000000001,12.739999999999998,11.51,15.559999999999999,-1.1,12.4,-3.33
13:32:42.779,322405,7.420000000000001,12.739999999999998,11.51,15.559999999999999,1.65,14.0,2.39
13:32:42.881,322507,7.3999999999999995,12.809999999999999,11.61,15.41,1.49,10.08,0.51
13:32:42.982,322608,7.510000000000001,12.62,11.61,15.41,0.2,6.83,-0.43
13:32:43.084,322710,7.510000000000001,12.62,11.41,15.29,0.16,8.94,0.12
13:32:43.186,322812,7.62,12.629999999999999,11.25,15.059999999999999,-0.31,11.3,-1.88
13:32:43.290,322915,7.760000000000001,12.629999999999999,11.25,15.059999999999999,-1.84,12.55,-0.78
13:32:43.391,323016,7.760000000000001,12.44,11.17,14.85,-0.08,6.86,-1.84
13:32:43.494,323119,7.78,12.27,11.03,14.67,0.55,10.98,1.57
13:32:43.596,323222,7.78,12.27,11.03,14.67,-0.47,6.86,-0.31
13:32:43.698,323323,7.989999999999999,12.17,10.85,14.5,-0.9,11.06,-2.08
13:32:43.801,323426,8.209999999999999,12.17,10.85,14.5,-0.78,12.79,-3.88
13:32:43.903,323528,8.209999999999999,12.17,10.85,14.25,-0.94,5.65,-3.14
13:32:44.005,323630,8.41,12.149999999999999,10.729999999999999,14.09,1.92,7.22,-1.18
13:32:44.108,323733,8.41,12.149999999999999,10.729999999999999,14.09,1.29,8.39,-0.67
13:32:44.210,323835,8.489999999999998,12.17,10.639999999999999,13.93,-0.2,11.77,-0.55
13:32:44.312,323938,8.75,12.27,10.549999999999999,13.93,-0.51,14.79,-1.45
13:32:44.413,324039,8.75,12.27,10.549999999999999,13.67,0.2,5.45,-2.71
13:32:44.515,324140,8.87,12.09,10.41,13.36,0.55,11.96,-0.71
13:32:44.617,324243,8.979999999999999,12.09,10.41,13.36,0.94,6.12,-0.55
13:32:44.719,324344,8.979999999999999,11.92,10.59,13.239999999999998,-0.98,10.36,-1.88
13:32:44.821,324446,8.979999999999999,11.92,10.59,13.239999999999998,0.39,12.55,-2.24
13:32:44.923,324548,8.979999999999999,11.92,10.59,13.239999999999998,-0.75,6.98,0.75
13:32:45.024,324650,9.33,11.879999999999999,10.379999999999999,12.889999999999999,3.84,9.92,1.29
13:32:45.127,324752,9.5,11.879999999999999,10.379999999999999,12.889999999999999,0.71,8.83,0.63
13:32:45.229,324855,9.5,11.879999999999999,10.27,12.6,-0.08,10.32,0.47
13:32:45.331,324957,9.61,11.83,10.35,12.379999999999999,2.24,14.16,-0.08
13:32:45.432,325058,9.61,11.83,10.35,12.379999999999999,-2.12,10.36,2.63
13:32:45.534,325160,9.819999999999999,11.889999999999999,10.45,12.37,-0.27,11.34,-0.16
13:32:45.637,325262,9.959999999999999,11.69,10.399999999999999,12.37,-0.75,6.32,-0.35
13:32:45.739,325365,9.959999999999999,11.69,10.399999999999999,12.26,0.35,8.59,-0.98
13:32:45.843,325468,9.989999999999998,11.549999999999999,10.319999999999999,11.94,0.63,13.89,0.16
13:32:45.945,325571,10.08,11.549999999999999,10.319999999999999,11.94,-0.43,14.63,5.33
13:32:46.048,325673,10.08,11.459999999999999,10.43,11.739999999999998,2.55,11.85,0.08
13:32:46.150,325775,10.19,11.44,10.53,11.54,-1.41,7.57,0.12
13:32:46.252,325878,10.19,11.44,10.53,11.54,-0.08,8.2,-1.57
13:32:46.356,325981,10.309999999999999,11.309999999999999,10.54,11.51,0.16,12.36,-1.88
13:32:46.459,326084,10.379999999999999,11.1,10.649999999999999,11.51,-1.65,13.22,-1.37
13:32:46.561,326186,10.379999999999999,11.1,10.649999999999999,11.37,-1.69,7.26,-2.47
13:32:46.663,326288,10.459999999999999,11.12,10.69,11.309999999999999,1.06,10.79,0.75
13:32:46.766,326391,10.52,11.12,10.69,11.309999999999999,-0.86,7.88,-0.78
13:32:46.868,326493,10.52,11.02,17.04,11.219999999999999,-1.18,10.51,-1.45
13:32:46.970,326595,10.6,10.92,10.79,11.219999999999999,-1.14,9.69,-0.47
13:32:47.073,326698,10.6,10.92,10.79,11.12,-0.86,12.67,-0.59
13:32:47.175,326800,10.66,10.79,12.94,10.969999999999999,2.86,7.49,-0.98
13:32:47.277,326903,10.76,10.879999999999999,12.94,10.969999999999999,-0.47,10.98,-0.55
13:32:47.379,327004,10.76,10.879999999999999,17.09,10.91,0.51,9.92,-0.43
13:32:47.482,327107,10.799999999999999,10.989999999999998,11.03,10.83,0.75,9.77,-0.82
13:32:47.584,327209,10.799999999999999,10.989999999999998,11.03,10.83,0.71,10.04,-1.33
13:32:47.686,327311,10.809999999999999,10.969999999999999,10.93,10.819999999999999,-0.35,9.26,-0.39
13:32:47.789,327414,10.83,10.959999999999999,10.809999999999999,10.819999999999999,-0.2,9.45,-0.2
13:32:47.891,327516,10.83,10.959999999999999,10.809999999999999,10.77,-1.1,10.9,-0.78
13:32:47.993,327618,10.78,10.95,10.819999999999999,10.899999999999999,-0.63,9.73,-1.1
13:32:48.096,327721,10.77,10.95,10.819999999999999,10.899999999999999,-0.63,10.08,-1.14
13:32:48.199,327824,10.77,10.94,10.78,10.819999999999999,-0.63,10.0,-1.26
13:32:48.300,327926,10.77,10.94,10.78,10.819999999999999,0.67,8.2,-1.02
13:32:48.403,328028,10.77,10.94,10.78,10.819999999999999,-0.04,10.47,-1.57
13:32:48.504,328130,10.819999999999999,10.92,10.75,19.32,1.29,10.24,0.04
13:32:48.605,328231,10.92,10.95,10.75,19.32,0.55,9.85,-0.75
13:32:48.708,328333,10.92,10.95,10.69,24.759999999999998,0.04,9.92,-1.45
13:32:48.810,328435,10.92,10.989999999999998,10.709999999999999,24.82,0.86,9.77,-0.39
13:32:48.912,328538,10.92,10.989999999999998,10.709999999999999,24.82,0.27,10.75,-0.47
13:32:49.014,328640,10.899999999999999,10.959999999999999,10.76,24.32,-0.2,8.79,-1.41
13:32:49.117,328742,10.969999999999999,10.989999999999998,10.709999999999999,24.32,0.94,11.38,-0.12
13:32:49.220,328845,10.969999999999999,10.989999999999998,10.709999999999999,17.74,0.04,9.1,-1.61
13:32:49.323,328948,10.899999999999999,11.0,10.66,24.02,1.1,9.65,-1.45
13:32:49.425,329050,10.899999999999999,11.0,10.66,24.02,-1.33,10.4,-1.96
13:32:49.528,329153,10.899999999999999,11.0,10.66,24.02,0.55,8.67,-1.49
13:32:49.630,329255,10.95,11.0,10.889999999999999,10.93,0.0,10.12,-1.41
13:32:49.733,329358,10.95,11.0,10.889999999999999,10.93,-0.24,10.04,-1.49
13:32:49.835,329460,10.83,10.989999999999998,10.93,10.959999999999999,0.08,9.89,-1.06
13:32:49.937,329563,10.92,11.02,10.93,10.959999999999999,0.08,9.73,-1.22
13:32:50.040,329664,10.92,11.02,10.93,24.46,0.35,10.28,-1.02
13:32:50.142,329767,10.95,11.0,10.93,24.419999999999998,0.55,9.53,-0.86
13:32:50.244,329869,10.899999999999999,11.0,10.93,24.419999999999998,0.04,10.16,-1.73
13:32:50.346,329972,10.899999999999999,11.02,10.899999999999999,24.439999999999998,0.2,9.57,-0.67
13:32:50.449,330074,10.92,10.969999999999999,10.889999999999999,24.419999999999998,0.9,10.16,-0.9
13:32:50.551,330176,10.92,10.969999999999999,10.889999999999999,24.419999999999998,0.9,9.89,-1.53
13:32:50.653,330278,10.95,11.0,10.92,22.9,0.24,10.24,-0.71
13:32:50.756,330381,10.93,11.0,10.92,22.9,0.04,9.96,-0.94
13:32:50.858,330483,10.93,11.0,10.879999999999999,24.38,-0.24,10.08,-1.61
13:32:50.960,330585,10.83,11.01,10.77,19.46,-0.08,9.49,-2.28
13:32:51.063,330688,10.83,11.01,10.77,19.46,-0.55,9.61,-1.77
13:32:51.164,330790,10.799999999999999,10.93,11.049999999999999,23.669999999999998,-0.12,9.77,-1.41
13:32:51.267,330892,10.84,10.969999999999999,10.83,23.669999999999998,-0.63,9.81,-1.61
13:32:51.370,330995,10.84,10.969999999999999,10.83,23.73,-0.67,9.89,-1.57
13:32:51.471,331097,10.87,10.95,10.78,10.87,-0.75,9.61,-1.96
13:32:51.575,331199,10.729999999999999,10.959999999999999,10.78,10.87,-0.75,9.57,-1.61
13:32:51.677,331302,10.729999999999999,10.959999999999999,10.78,11.25,-0.43,9.53,-1.65
13:32:51.779,331404,10.729999999999999,10.959999999999999,10.78,11.25,-0.67,9.85,-1.45
13:32:51.881,331506,10.729999999999999,10.959999999999999,10.78,11.25,-0.82,9.81,-1.29
13:32:51.983,331608,10.77,10.85,10.84,10.739999999999998,-1.1,9.73,-1.29
13:32:52.086,331711,10.75,10.879999999999999,10.76,10.739999999999998,-0.27,9.96,-0.98
13:32:52.187,331813,10.75,10.879999999999999,10.76,10.739999999999998,0.51,9.65,-0.43
13:32:52.289,331914,10.75,10.879999999999999,10.76,10.739999999999998,0.04,10.08,-0.08
13:32:52.392,332017,10.79,10.879999999999999,10.76,10.739999999999998,-0.43,10.0,0.27
13:32:52.494,332119,10.79,10.84,10.92,10.77,-0.27,10.4,1.1
13:32:52.597,332222,10.79,10.83,10.92,10.899999999999999,-0.12,10.51,1.29
13:32:52.699,332324,10.79,10.83,10.92,10.899999999999999,-0.27,11.02,1.77
13:32:52.801,332426,10.83,10.799999999999999,11.01,12.459999999999999,-0.2,10.47,1.73
13:32:52.903,332529,10.799999999999999,10.78,11.01,12.459999999999999,0.16,10.67,0.71
13:32:53.006,332631,10.799999999999999,10.78,10.959999999999999,10.77,-0.16,10.55,0.55
13:32:53.107,332733,10.85,10.79,11.02,10.79,-0.47,9.77,0.59
13:32:53.210,332835,10.85,10.79,11.02,10.79,0.04,10.24,0.24
13:32:53.312,332937,10.76,10.78,11.069999999999999,17.22,0.24,10.0,-0.24
13:32:53.415,333040,10.78,10.83,11.08,17.22,-0.2,10.08,-0.24
13:32:53.517,333143,10.78,10.83,11.08,10.91,0.0,9.65,-1.41
13:32:53.619,333244,10.69,10.69,11.11,10.899999999999999,-2.43,13.34,-0.82
13:32:53.721,333347,10.51,10.69,11.11,10.899999999999999,1.37,8.2,-1.45
13:32:53.824,333449,10.51,10.67,11.069999999999999,10.989999999999998,-3.14,7.06,0.39
13:32:53.926,333552,10.41,10.649999999999999,11.309999999999999,11.139999999999999,-0.94,12.0,-1.77
13:32:54.029,333654,10.41,10.649999999999999,11.309999999999999,11.139999999999999,-0.12,8.04,-1.02
13:32:54.131,333756,10.299999999999999,10.469999999999999,11.36,11.18,-0.94,9.26,-0.94
13:32:54.231,333857,10.239999999999998,10.459999999999999,11.36,11.18,-1.29,9.02,-0.71
13:32:54.334,333959,10.239999999999998,10.459999999999999,19.86,11.28,-1.18,10.59,-1.49
13:32:54.436,334061,10.299999999999999,10.389999999999999,13.94,11.34,-1.92,12.4,-2.04
13:32:54.538,334164,10.059999999999999,10.389999999999999,13.94,11.34,-0.31,8.32,-0.39
13:32:54.640,334266,10.059999999999999,10.18,14.26,11.43,0.12,9.96,-1.61
13:32:54.743,334368,10.319999999999999,10.03,11.75,11.569999999999999,-0.31,8.67,-1.45
13:32:54.846,334471,10.319999999999999,10.03,11.75,11.569999999999999,-0.08,8.0,-1.49
13:32:54.948,334573,10.479999999999999,9.91,20.2,11.68,-0.12,9.61,-1.02
13:32:55.048,334674,10.43,9.879999999999999,20.2,11.68,-0.75,10.83,-1.69
13:32:55.150,334775,10.43,9.879999999999999,11.93,11.79,-0.31,11.73,-2.12
13:32:55.251,334876,10.43,9.879999999999999,11.93,11.79,1.37,10.32,0.75
13:32:55.354,334979,10.43,9.879999999999999,11.93,11.79,-3.22,8.51,-0.2
13:32:55.456,335081,9.91,9.629999999999999,12.27,12.04,-0.2,10.94,0.08
13:32:55.558,335183,9.52,9.62,12.45,12.04,-1.26,7.34,0.12
13:32:55.660,335285,9.52,9.62,12.45,12.18,-0.39,10.04,-0.67
13:32:55.763,335388,9.2,9.52,12.42,12.28,-1.18,11.45,-1.77
13:32:55.865,335490,9.229999999999999,9.52,12.42,12.28,-0.31,11.92,-1.92
13:32:55.967,335592,9.229999999999999,9.34,12.66,12.43,-0.16,7.45,-0.71
13:32:56.070,335695,9.11,9.209999999999999,12.799999999999999,12.44,2.08,10.24,-1.18
13:32:56.172,335797,9.11,9.209999999999999,12.799999999999999,12.44,0.71,9.92,-0.43
13:32:56.274,335899,9.01,9.139999999999999,12.85,19.66,0.31,8.83,-0.04
13:32:56.376,336002,9.17,9.1,12.85,19.66,0.59,10.2,-0.59
13:32:56.479,336104,9.17,9.1,13.02,12.78,0.2,10.47,-1.92
13:32:56.581,336206,9.09,9.059999999999999,13.1,12.84,-0.82,12.36,-0.71
13:32:56.684,336309,9.09,9.059999999999999,13.1,12.84,0.35,8.32,0.59
13:32:56.785,336411,8.94,8.94,13.2,12.969999999999999,-2.39,10.16,0.0
13:32:56.888,336513,8.84,8.92,13.319999999999999,12.969999999999999,1.37,9.85,0.12
13:32:56.991,336616,8.84,8.92,13.319999999999999,13.059999999999999,-0.71,9.81,1.22
13:32:57.094,336719,8.719999999999999,8.94,13.37,18.43,-0.86,11.61,0.55
13:32:57.196,336822,8.77,8.94,13.37,18.43,-1.06,9.65,-0.75
13:32:57.299,336924,8.77,8.819999999999999,13.459999999999999,26.64,1.33,10.4,0.16
13:32:57.401,337026,8.79,8.77,13.51,21.45,-0.27,10.08,-0.2
13:32:57.504,337129,8.79,8.77,13.51,21.45,0.82,9.65,-0.9
13:32:57.605,337231,8.75,8.37,13.61,25.36,1.06,10.2,-0.31
13:32:57.706,337332,8.709999999999999,8.34,13.61,25.36,1.22,10.04,-0.39
13:32:57.809,337434,8.709999999999999,8.34,13.709999999999999,20.68,0.39,10.94,-0.71
13:32:57.911,337536,8.649999999999999,8.36,13.85,25.34,0.51,8.94,-1.14
13:32:58.013,337639,8.629999999999999,8.36,13.85,25.34,0.55,10.71,-0.9
13:32:58.115,337740,8.629999999999999,8.43,13.83,25.55,-0.31,9.18,-0.67
13:32:58.218,337843,8.549999999999999,8.35,13.78,25.55,-0.27,10.43,-0.51
13:32:58.321,337946,8.549999999999999,8.35,13.78,19.37,0.24,9.96,-0.63
13:32:58.422,338047,8.59,8.379999999999999,13.76,25.36,0.04,10.12,-0.63
13:32:58.525,338150,8.569999999999999,8.42,13.76,25.36,0.67,9.96,-0.75
13:32:58.627,338253,8.569999999999999,8.42,13.79,25.31,0.16,9.89,-1.41
13:32:58.730,338355,8.569999999999999,8.42,13.79,25.31,-0.2,9.69,-1.53
13:32:58.832,338457,8.569999999999999,8.42,13.79,25.31,-0.35,9.92,-1.77
13:32:58.934,338559,8.559999999999999,8.58,13.68,18.529999999999998,-0.43,9.61,-1.61
13:32:59.036,338661,8.54,8.58,13.68,18.529999999999998,0.08,9.96,-1.1
13:32:59.137,338763,8.54,8.58,13.68,13.42,0.08,9.96,-1.57
13:32:59.240,338865,8.54,8.58,13.639999999999999,13.379999999999999,0.27,10.16,-1.1
13:32:59.342,338967,8.549999999999999,8.58,13.639999999999999,13.379999999999999,0.43,9.89,-1.02
13:32:59.444,339070,8.549999999999999,8.709999999999999,13.62,13.34,-1.41,9.96,-1.37
13:32:59.547,339172,8.549999999999999,8.729999999999999,13.53,13.36,-0.08,10.28,-0.94
13:32:59.649,339275,8.549999999999999,8.729999999999999,13.53,13.36,-0.94,9.1,-0.98
13:32:59.751,339376,8.53,8.77,13.51,13.34,-0.82,10.4,-0.75
13:32:59.854,339479,8.52,8.709999999999999,13.51,13.34,-1.06,9.1,-1.18
13:32:59.956,339581,8.52,8.709999999999999,13.41,13.33,-1.06,9.49,-1.22
13:33:00.058,339683,8.479999999999999,8.739999999999998,13.399999999999999,13.379999999999999,-0.75,9.73,-1.41
13:33:00.161,339786,8.479999999999999,8.739999999999998,13.399999999999999,13.379999999999999,-1.53,12.4,-2.24
13:33:00.262,339888,8.45,8.819999999999999,13.34,13.51,1.65,9.06,-0.98
13:33:00.365,339990,8.25,8.83,13.379999999999999,13.51,2.31,9.22,1.57
13:33:00.468,340093,8.25,8.83,13.379999999999999,13.58,3.22,10.32,-2.12
13:33:00.570,340195,8.16,8.83,13.34,13.76,-0.12,8.55,-0.67
13:33:00.671,340297,8.16,8.83,13.34,13.76,0.94,8.75,-0.82
13:33:00.774,340398,8.16,8.83,13.29,13.729999999999999,1.18,10.16,-0.94
13:33:00.876,340501,8.09,8.969999999999999,13.29,13.78,1.14,12.94,-2.04
13:33:00.978,340603,8.09,8.969999999999999,13.29,13.78,0.71,12.67,-0.08
13:33:01.080,340705,8.03,9.17,13.2,13.809999999999999,-2.28,6.43,0.12
13:33:01.183,340808,7.94,9.2,13.12,13.809999999999999,0.59,12.55,-0.16
13:33:01.285,340910,7.94,9.2,13.12,13.91,0.08,7.81,-1.22
13:33:01.388,341012,7.87,9.299999999999999,13.03,13.95,-0.98,8.2,-1.18
13:33:01.490,341115,7.88,9.299999999999999,13.03,13.95,-0.04,11.45,-1.77
13:33:01.592,341217,7.88,9.469999999999999,12.94,14.049999999999999,-0.24,12.08,-3.53
13:33:01.694,341320,7.78,9.54,12.87,14.049999999999999,-0.31,6.04,-0.35
13:33:01.797,341422,7.78,9.54,12.87,14.049999999999999,3.8,10.24,-1.84
13:33:01.898,341524,7.69,9.7,13.0,14.219999999999999,0.63,8.36,-0.16
13:33:01.999,341625,7.53,9.719999999999999,13.0,14.219999999999999,1.65,8.63,-1.26
13:33:02.100,341726,7.53,9.719999999999999,12.809999999999999,14.209999999999999,0.55,10.2,-2.08
13:33:02.202,341827,7.53,9.719999999999999,12.809999999999999,14.209999999999999,0.12,11.38,-3.73
13:33:02.305,341930,7.53,9.719999999999999,12.809999999999999,14.209999999999999,1.96,12.63,0.0
13:33:02.407,342032,7.420000000000001,9.93,12.639999999999999,14.309999999999999,-0.63,7.06,0.39
13:33:02.509,342134,7.44,10.08,12.59,14.309999999999999,1.92,12.91,-0.51
13:33:02.612,342237,7.44,10.08,12.59,14.42,-0.39,8.2,-0.47
13:33:02.713,342339,7.38,10.229999999999999,12.59,14.5,-0.08,9.3,-0.39
13:33:02.816,342441,7.330000000000001,10.229999999999999,12.59,14.5,-0.39,11.1,-1.29
13:33:02.918,342543,7.330000000000001,10.299999999999999,12.58,14.559999999999999,-0.04,10.0,-1.37
13:33:03.020,342646,7.180000000000001,10.389999999999999,12.639999999999999,14.68,0.59,10.79,-0.78
13:33:03.123,342748,7.180000000000001,10.389999999999999,12.639999999999999,14.68,1.45,8.32,0.43
13:33:03.225,342850,7.140000000000001,10.389999999999999,12.719999999999999,14.819999999999999,3.3,10.63,0.12
13:33:03.327,342953,7.04,18.12,12.719999999999999,14.819999999999999,2.59,10.59,0.47
13:33:03.429,343055,7.04,18.12,12.66,14.93,2.39,10.08,0.27
13:33:03.531,343157,6.92,12.69,12.69,14.93,2.12,10.67,0.39
13:33:03.634,343260,6.92,12.69,12.69,14.93,2.0,10.32,0.2
13:33:03.737,343361,6.92,19.14,12.7,14.979999999999999,0.67,10.32,0.12
13:33:03.838,343463,6.92,19.14,12.7,14.979999999999999,2.0,10.2,-0.04
13:33:03.940,343565,6.92,19.14,12.7,14.979999999999999,1.26,10.36,-0.39
13:33:04.042,343667,6.99,25.86,12.67,15.0,0.86,9.92,-0.75
13:33:04.145,343770,6.95,25.86,12.67,15.0,0.51,10.04,-0.51
13:33:04.246,343872,6.95,25.86,12.719999999999999,14.94,1.02,9.92,-0.75
13:33:04.349,343974,7.0200000000000005,15.379999999999999,6.95,14.93,0.9,9.81,-0.98
13:33:04.451,344077,7.0200000000000005,15.379999999999999,6.95,14.93,1.02,9.92,-0.82
13:33:04.553,344179,6.92,13.149999999999999,12.67,14.959999999999999,0.59,10.08,-0.82
13:33:04.656,344281,6.930000000000001,15.259999999999998,12.67,14.959999999999999,1.02,10.08,-1.18
13:33:04.758,344383,6.930000000000001,15.259999999999998,12.67,14.959999999999999,2.0,8.71,-1.22
13:33:04.860,344485,6.91,10.709999999999999,12.649999999999999,14.959999999999999,1.88,10.2,-1.18
13:33:04.963,344588,6.92,10.709999999999999,12.649999999999999,14.959999999999999,1.8,8.9,-1.22
13:33:05.065,344690,6.92,22.2,12.709999999999999,14.85,2.67,9.89,-1.29
13:33:05.167,344793,6.930000000000001,21.65,12.549999999999999,14.75,2.2,9.96,-1.88
13:33:05.270,344895,6.930000000000001,21.65,12.549999999999999,14.75,1.8,12.04,-0.78
13:33:05.371,344997,7.0600000000000005,16.419999999999998,12.479999999999999,14.67,1.69,9.96,-0.55
13:33:05.474,345099,7.0600000000000005,16.419999999999998,12.479999999999999,14.67,-2.08,10.32,0.43
13:33:05.576,345201,7.0600000000000005,16.419999999999998,12.479999999999999,14.67,1.96,8.43,-1.37
13:33:05.678,345303,7.0600000000000005,16.419999999999998,12.479999999999999,14.67,-1.02,9.3,-1.61
13:33:05.780,345405,7.0600000000000005,16.419999999999998,12.479999999999999,14.67,1.02,10.12,-1.18
13:33:05.882,345507,7.28,10.989999999999998,12.149999999999999,14.42,-0.75,8.39,-1.73
13:33:05.985,345610,7.46,11.01,12.139999999999999,14.42,-0.67,9.45,-1.53
13:33:06.087,345713,7.46,11.01,12.139999999999999,14.44,0.51,12.0,-1.96
13:33:06.189,345814,7.510000000000001,11.01,12.03,14.35,0.51,13.96,-2.31
13:33:06.291,345916,7.510000000000001,11.01,12.03,14.35,-2.16,4.67,-0.27
13:33:06.392,346018,7.510000000000001,11.01,11.979999999999999,14.16,4.82,8.79,-3.61
13:33:06.495,346120,9.42,11.219999999999999,11.67,14.11,2.08,8.08,-1.92
13:33:06.598,346223,9.42,11.219999999999999,11.67,14.11,2.51,9.34,-1.22
13:33:06.700,346325,21.15,11.35,11.59,14.08,0.59,10.79,-1.61
13:33:06.802,346427,21.96,11.399999999999999,11.5,14.08,2.39,10.0,-4.2
13:33:06.904,346529,21.96,11.399999999999999,11.5,13.94,3.33,12.98,-2.04
13:33:07.007,346632,21.22,11.51,11.33,13.75,-2.86,6.16,-0.16
13:33:07.109,346734,17.38,11.51,11.33,13.75,3.37,13.81,0.16
13:33:07.211,346836,17.38,11.569999999999999,11.26,13.66,1.45,8.04,-0.43
13:33:07.314,346939,8.18,11.69,11.149999999999999,13.569999999999999,0.43,9.61,-1.06
13:33:07.416,347041,8.18,11.69,11.149999999999999,13.569999999999999,0.27,10.71,-2.35
13:33:07.518,347143,8.35,11.76,11.069999999999999,13.51,1.14,10.63,-3.53
13:33:07.620,347245,8.5,11.83,11.069999999999999,13.51,3.3,7.77,-0.35
13:33:07.722,347348,8.5,11.83,10.86,13.389999999999999,3.8,9.53,-2.79
13:33:07.825,347450,22.49,11.899999999999999,10.68,13.34,1.65,7.96,-1.92
13:33:07.927,347552,22.49,11.899999999999999,10.68,13.34,1.49,8.71,-1.29
13:33:08.029,347654,23.31,12.02,10.58,13.26,2.51,10.0,-1.77
13:33:08.132,347757,22.58,12.139999999999999,10.479999999999999,13.26,1.53,10.51,-2.75
13:33:08.235,347860,22.58,12.139999999999999,10.479999999999999,13.11,2.79,12.71,-1.06
13:33:08.336,347961,15.669999999999998,12.149999999999999,10.309999999999999,12.979999999999999,-0.24,7.61,0.2
13:33:08.439,348064,24.21,12.149999999999999,10.309999999999999,12.979999999999999,1.29,12.08,-1.18
13:33:08.540,348166,24.21,12.239999999999998,10.309999999999999,12.85,0.82,8.75,-0.59
13:33:08.642,348267,24.21,12.35,10.309999999999999,12.85,0.71,10.16,-0.55
13:33:08.745,348370,24.21,12.35,10.309999999999999,12.85,0.67,9.65,-0.9
13:33:08.847,348472,9.34,12.34,10.11,12.799999999999999,0.75,10.55,-1.45
13:33:08.948,348573,9.43,12.45,10.11,12.799999999999999,1.96,9.3,-0.55
13:33:09.049,348674,9.43,12.45,10.03,12.76,2.12,10.08,-1.18
13:33:09.150,348775,9.43,12.45,10.03,12.76,2.04,10.28,-1.37
13:33:09.252,348878,9.43,12.45,10.03,12.76,2.39,9.89,-0.9
13:33:09.356,348981,9.43,12.58,9.85,12.67,2.31,9.49,-1.1
13:33:09.458,349084,9.43,12.559999999999999,9.889999999999999,12.67,1.8,10.63,-1.06
13:33:09.559,349185,9.43,12.559999999999999,9.889999999999999,12.66,1.53,9.14,-1.33
13:33:09.661,349286,9.54,12.549999999999999,9.819999999999999,12.69,1.73,9.96,-1.33
13:33:09.764,349389,9.62,12.549999999999999,9.819999999999999,12.69,1.65,10.0,-1.41
13:33:09.866,349491,9.62,12.549999999999999,9.809999999999999,12.639999999999999,1.22,9.65,-1.61
13:33:09.968,349593,9.629999999999999,12.59,9.78,12.67,1.18,9.61,-1.77
13:33:10.071,349696,9.629999999999999,12.59,9.78,12.67,1.18,9.85,-1.69
13:33:10.173,349798,9.61,12.639999999999999,9.86,12.639999999999999,1.14,9.65,-1.69
13:33:10.275,349900,9.6,12.639999999999999,9.799999999999999,12.639999999999999,1.26,9.81,-1.33
13:33:10.378,350003,9.6,12.639999999999999,9.799999999999999,12.61,1.53,9.85,-1.37
13:33:10.479,350105,9.59,12.61,9.809999999999999,12.67,1.22,9.61,-1.53
13:33:10.582,350207,9.629999999999999,12.61,9.809999999999999,12.67,1.1,10.0,-1.22
13:33:10.684,350309,9.629999999999999,12.629999999999999,9.809999999999999,12.66,1.8,9.53,-1.8
13:33:10.786,350412,9.649999999999999,12.66,9.819999999999999,12.639999999999999,1.92,9.26,-2.75
13:33:10.889,350514,9.649999999999999,12.66,9.819999999999999,12.639999999999999,1.14,8.79,-1.96
13:33:10.991,350616,9.709999999999999,12.69,9.819999999999999,12.639999999999999,1.73,9.22,-1.84
13:33:11.094,350719,9.709999999999999,12.76,9.819999999999999,12.639999999999999,1.84,9.69,-2.24
13:33:11.196,350821,9.709999999999999,12.76,9.739999999999998,12.59,2.0,9.38,-2.0
13:33:11.298,350923,9.7,12.78,9.6,12.559999999999999,2.75,10.12,-2.75
13:33:11.401,351026,9.85,12.78,9.6,12.559999999999999,3.53,12.24,-0.12
13:33:11.502,351127,9.85,12.819999999999999,9.559999999999999,12.41,-1.57,8.71,0.08
13:33:11.605,351230,9.93,12.899999999999999,9.37,12.29,2.59,10.83,-1.69
13:33:11.708,351333,9.93,12.899999999999999,9.37,12.29,-0.27,8.43,-1.1
13:33:11.811,351436,25.29,12.969999999999999,9.33,12.26,0.04,9.06,-1.77
13:33:11.914,351539,16.91,12.979999999999999,9.33,12.26,0.2,9.22,-2.94
13:33:12.016,351641,16.91,12.979999999999999,9.27,12.12,-0.51,11.77,-2.59
13:33:12.118,351743,25.55,13.069999999999999,9.149999999999999,11.979999999999999,1.33,12.47,-0.71
13:33:12.221,351846,25.55,13.069999999999999,9.149999999999999,11.979999999999999,0.9,9.65,-0.78
13:33:12.322,351948,25.55,13.28,8.979999999999999,11.969999999999999,-0.71,7.69,-2.04
13:33:12.425,352050,10.75,13.33,8.899999999999999,11.969999999999999,1.41,8.83,-2.35
13:33:12.527,352152,10.75,13.33,8.899999999999999,11.889999999999999,0.59,8.12,-1.92
13:33:12.629,352254,10.75,13.33,8.899999999999999,11.889999999999999,0.98,10.71,-3.18
13:33:12.732,352357,10.989999999999998,13.33,8.899999999999999,11.889999999999999,0.59,11.92,-2.9
13:33:12.834,352459,10.989999999999998,13.559999999999999,8.53,11.68,0.63,5.73,-1.57
13:33:12.936,352561,11.04,13.559999999999999,8.379999999999999,11.549999999999999,1.18,12.36,-2.35
13:33:13.038,352663,11.04,13.559999999999999,8.379999999999999,11.549999999999999,0.67,7.73,-1.73
13:33:13.139,352765,11.04,13.559999999999999,8.36,11.52,0.27,8.28,-1.57
13:33:13.242,352867,11.319999999999999,13.559999999999999,8.36,11.52,0.24,10.32,-2.9
13:33:13.344,352969,11.319999999999999,13.559999999999999,8.26,11.399999999999999,1.02,10.2,-4.51
13:33:13.446,353071,11.399999999999999,13.94,8.04,11.36,1.45,8.71,-0.78
13:33:13.549,353174,11.559999999999999,13.94,8.04,11.36,2.94,10.43,-2.24
13:33:13.651,353276,11.559999999999999,19.25,7.94,11.309999999999999,0.82,7.3,-2.55
13:33:13.753,353378,28.32,16.8,7.819999999999999,11.309999999999999,1.22,8.51,-2.16
13:33:13.856,353481,28.32,16.8,7.819999999999999,11.229999999999999,1.77,10.67,-1.77
13:33:13.958,353583,27.91,14.33,7.670000000000001,11.149999999999999,0.51,9.69,-3.1
13:33:14.061,353686,25.71,19.509999999999998,7.670000000000001,11.149999999999999,2.08,13.45,-1.49
13:33:14.162,353787,25.71,19.509999999999998,7.53,11.11,-0.12,6.71,-0.71
13:33:14.265,353890,26.22,19.52,7.3999999999999995,11.059999999999999,0.86,11.81,-2.71
13:33:14.367,353992,26.22,19.52,7.3999999999999995,11.059999999999999,0.08,7.85,-1.73
13:33:14.469,354094,25.939999999999998,19.669999999999998,7.3500000000000005,10.979999999999999,0.35,9.81,-0.67
13:33:14.572,354197,28.27,19.73,7.239999999999999,10.979999999999999,0.86,9.92,-2.39
13:33:14.674,354299,28.27,19.73,7.239999999999999,11.0,2.59,10.98,-2.2
13:33:14.776,354401,27.189999999999998,16.36,7.180000000000001,10.84,0.71,9.34,-0.16
13:33:14.879,354504,25.3,16.36,7.180000000000001,10.84,2.51,9.06,-2.79
13:33:14.981,354606,25.3,14.86,7.250000000000001,10.879999999999999,1.8,9.57,-1.22
13:33:15.083,354708,29.63,14.91,7.12,10.819999999999999,2.67,9.92,-1.49
13:33:15.186,354811,29.63,14.91,7.12,10.819999999999999,1.84,9.77,-1.33
13:33:15.287,354913,25.49,14.899999999999999,7.17,10.799999999999999,1.69,9.61,-1.49
13:33:15.388,355014,20.939999999999998,14.989999999999998,7.17,10.799999999999999,1.29,9.89,-1.69
13:33:15.491,355116,20.939999999999998,14.989999999999998,7.11,10.79,1.61,9.81,-1.26
13:33:15.593,355218,20.32,14.95,7.08,10.78,1.33,9.85,-1.77
13:33:15.695,355320,20.32,14.95,7.08,10.78,1.37,9.81,-1.45
13:33:15.797,355422,29.759999999999998,14.959999999999999,7.11,10.78,1.33,9.81,-1.65
13:33:15.900,355525,28.73,14.989999999999998,7.1000000000000005,10.78,1.65,9.81,-2.0
13:33:16.002,355627,28.73,14.989999999999998,7.1000000000000005,10.78,1.29,9.61,-1.84
13:33:16.104,355729,28.73,14.989999999999998,7.1000000000000005,10.78,1.65,9.73,-1.96
13:33:16.207,355832,28.73,14.979999999999999,7.1000000000000005,10.78,1.22,9.61,-1.88
13:33:16.308,355934,28.73,14.979999999999999,7.0600000000000005,10.799999999999999,1.14,9.89,-1.69
13:33:16.411,356036,28.39,14.969999999999999,7.09,10.78,1.26,9.49,-1.73
13:33:16.513,356139,28.39,14.969999999999999,7.09,10.78,1.53,9.41,-2.08
13:33:16.615,356241,27.97,14.95,6.96,10.76,1.92,9.38,-2.12
13:33:16.718,356343,28.54,14.959999999999999,7.04,10.76,2.12,9.81,-2.16
13:33:16.820,356445,28.54,14.959999999999999,7.04,10.719999999999999,1.88,9.57,-1.96
13:33:16.922,356547,12.41,14.959999999999999,6.95,10.67,1.14,9.92,-2.08
13:33:17.025,356650,12.41,14.959999999999999,6.95,10.67,1.18,9.38,-1.26
13:33:17.127,356752,12.41,14.95,7.11,10.649999999999999,0.24,9.89,-1.77
13:33:17.229,356855,12.309999999999999,14.889999999999999,7.12,10.66,1.18,10.12,-1.65
13:33:17.332,356957,12.309999999999999,14.889999999999999,7.12,10.66,-0.82,9.18,-1.29
13:33:17.434,357059,12.37,14.5,7.2,10.66,0.55,9.06,-1.92
13:33:17.534,357160,12.469999999999999,14.59,7.2,10.66,0.78,8.63,-2.51
13:33:17.637,357262,12.469999999999999,14.59,7.2299999999999995,10.62,0.86,8.75,-2.47
13:33:17.739,357364,12.44,14.54,7.29,10.6,0.75,9.89,-2.94
13:33:17.841,357466,12.44,14.54,7.29,10.6,0.51,9.92,-3.33
13:33:17.943,357568,12.52,14.489999999999998,7.28,10.6,-0.16,9.49,-3.88
13:33:18.046,357671,12.559999999999999,14.51,7.260000000000001,10.6,2.47,7.49,-0.63
13:33:18.149,357774,12.559999999999999,14.51,7.260000000000001,10.5,4.63,9.45,-2.2
13:33:18.250,357875,12.66,14.469999999999999,7.340000000000001,10.399999999999999,1.06,8.71,-1.26
13:33:18.353,357978,12.639999999999999,14.37,7.340000000000001,10.399999999999999,2.28,8.04,-2.51
13:33:18.454,358080,12.639999999999999,14.37,7.340000000000001,10.2,1.1,9.18,-2.55
13:33:18.556,358182,12.639999999999999,14.34,7.340000000000001,10.11,1.18,10.12,-3.96
13:33:18.659,358284,12.639999999999999,14.34,7.340000000000001,10.11,1.84,10.32,-3.77
13:33:18.761,358386,12.809999999999999,14.29,7.489999999999999,10.0,4.24,8.12,0.31
13:33:18.863,358489,12.86,14.29,7.489999999999999,10.0,2.28,10.08,-3.41
13:33:18.965,358590,12.86,14.29,7.489999999999999,9.94,0.9,7.34,-2.59
13:33:19.068,358693,12.94,14.19,7.63,9.809999999999999,0.31,7.3,-1.92
13:33:19.171,358795,12.979999999999999,14.19,7.63,9.809999999999999,0.67,10.28,-3.33
13:33:19.272,358898,12.979999999999999,14.069999999999999,7.62,9.69,1.88,9.89,-4.59
13:33:19.375,359000,13.01,14.01,7.72,9.649999999999999,3.61,10.79,-1.26
13:33:19.477,359102,13.01,14.01,7.72,9.649999999999999,2.51,9.85,-2.2
13:33:19.579,359204,13.01,14.01,7.72,9.649999999999999,0.0,7.53,-2.75
13:33:19.682,359307,13.25,14.01,7.72,9.649999999999999,0.98,8.32,-2.31
13:33:19.784,359409,13.25,14.01,7.81,9.319999999999999,2.31,8.98,-1.84
13:33:19.886,359511,13.309999999999999,13.889999999999999,7.94,9.219999999999999,2.51,9.69,-2.82
13:33:19.989,359614,13.309999999999999,13.889999999999999,7.94,9.219999999999999,1.06,12.55,-3.33
13:33:20.090,359716,13.319999999999999,13.899999999999999,8.0,9.149999999999999,0.2,5.49,-2.04
13:33:20.194,359818,13.36,13.879999999999999,8.069999999999999,9.149999999999999,0.51,10.94,-2.94
13:33:20.296,359921,13.36,13.879999999999999,8.069999999999999,9.17,2.0,8.43,-1.96
13:33:20.397,360023,13.389999999999999,13.77,8.18,9.25,0.71,8.47,-1.53
13:33:20.501,360125,13.36,13.719999999999999,8.18,9.25,-0.08,10.32,-2.04
13:33:20.602,360227,13.36,13.719999999999999,8.219999999999999,9.01,1.06,9.89,-3.18
13:33:20.705,360330,13.29,13.69,8.209999999999999,8.94,1.77,9.26,-1.69
13:33:20.805,360431,13.29,13.69,8.209999999999999,8.94,2.28,9.53,-1.18
13:33:20.907,360532,13.51,13.739999999999998,8.27,8.77,1.77,9.34,-2.94
13:33:21.010,360635,13.54,13.76,8.33,8.77,2.08,9.06,-1.61
13:33:21.112,360737,13.54,13.76,8.33,8.709999999999999,2.55,8.87,-2.16
13:33:21.214,360839,13.58,13.78,8.33,9.489999999999998,2.39,10.04,-2.55
13:33:21.317,360942,13.59,13.78,8.33,9.489999999999998,1.92,8.94,-1.8
13:33:21.419,361044,13.59,13.739999999999998,8.35,8.66,1.65,9.73,-2.39
13:33:21.521,361146,13.559999999999999,13.66,8.36,8.66,1.41,9.38,-2.16
13:33:21.624,361249,13.559999999999999,13.66,8.36,8.629999999999999,1.41,9.49,-2.43
13:33:21.726,361351,13.639999999999999,13.67,8.399999999999999,8.62,1.53,9.41,-2.47
13:33:21.827,361452,13.639999999999999,13.649999999999999,8.399999999999999,8.62,1.77,9.34,-2.47
13:33:21.928,361553,13.639999999999999,13.649999999999999,8.379999999999999,8.629999999999999,0.94,9.38,-2.31
13:33:22.031,361656,13.67,13.649999999999999,8.36,8.66,1.1,9.18,-2.39
13:33:22.133,361758,13.67,13.649999999999999,8.36,8.66,1.26,9.49,-2.31
13:33:22.235,361860,13.59,13.649999999999999,8.379999999999999,8.649999999999999,1.14,9.41,-2.08
13:33:22.338,361963,13.62,13.69,8.389999999999999,8.649999999999999,1.69,9.77,-2.28
13:33:22.440,362065,13.62,13.69,8.389999999999999,8.66,1.41,8.87,-2.55
13:33:22.542,362167,13.639999999999999,13.639999999999999,8.379999999999999,8.58,2.12,10.16,-2.28
13:33:22.645,362270,13.6,13.639999999999999,8.379999999999999,8.58,1.06,8.71,-2.39
13:33:22.747,362372,13.6,13.6,8.43,8.45,1.57,9.14,-2.9
13:33:22.849,362474,13.61,13.6,8.44,8.469999999999999,1.53,8.87,-3.14
13:33:22.951,362576,13.61,13.6,8.44,8.469999999999999,0.78,8.75,-3.45
13:33:23.053,362678,13.61,13.6,8.44,8.469999999999999,1.06,9.53,-3.61
13:33:23.156,362781,13.69,13.54,8.44,8.469999999999999,3.02,12.4,-2.94
13:33:23.258,362883,13.69,13.54,8.549999999999999,8.479999999999999,-0.43,7.14,0.16
13:33:23.360,362985,13.799999999999999,13.51,8.67,8.42,1.92,10.04,-2.55
13:33:23.463,363088,13.75,13.51,8.67,8.42,1.96,8.12,-1.57
13:33:23.565,363190,13.75,13.41,8.719999999999999,8.26,1.22,9.14,-1.18
13:33:23.667,363292,13.729999999999999,13.35,8.87,8.26,1.06,10.12,-1.22
13:33:23.770,363395,13.729999999999999,13.35,8.87,8.17,0.86,10.55,-1.33
13:33:23.872,363497,13.809999999999999,13.229999999999999,8.94,8.09,1.14,11.41,-2.0
13:33:23.974,363600,13.85,13.26,8.94,8.09,3.06,8.87,0.47
13:33:24.076,363701,13.85,13.26,9.03,7.95,3.26,10.47,-1.1
13:33:24.179,363804,13.969999999999999,13.19,9.209999999999999,7.840000000000001,1.92,9.02,0.08
13:33:24.281,363906,13.969999999999999,13.19,9.209999999999999,7.840000000000001,2.2,8.9,-0.98
13:33:24.383,364008,13.969999999999999,13.129999999999999,9.299999999999999,7.750000000000001,2.94,10.16,-0.31
13:33:24.486,364111,13.93,13.09,17.86,7.750000000000001,1.96,10.9,-1.65
13:33:24.588,364213,13.93,13.09,17.86,7.7,1.8,13.1,-0.78
13:33:24.690,364315,13.989999999999998,13.02,9.43,7.7700000000000005,0.27,6.67,0.78
13:33:24.793,364418,14.069999999999999,13.02,9.43,7.7700000000000005,3.14,11.69,-1.14
13:33:24.895,364520,14.069999999999999,12.95,9.459999999999999,7.69,0.35,7.53,-0.39
13:33:24.997,364622,14.16,12.85,9.58,7.56,0.63,8.98,-0.98
13:33:25.100,364725,14.16,12.85,9.58,7.56,-0.35,10.04,-2.24
13:33:25.202,364826,14.16,12.77,9.729999999999999,7.44,1.18,10.59,-2.43
13:33:25.304,364929,14.16,12.719999999999999,9.729999999999999,7.44,2.43,12.47,-0.63
13:33:25.405,365031,14.16,12.719999999999999,9.809999999999999,7.2700000000000005,2.75,9.53,-0.98
13:33:25.508,365133,14.16,12.75,9.94,6.99,-0.51,8.2,-0.39
13:33:25.608,365234,14.16,12.75,9.94,6.99,2.86,9.06,-1.18
13:33:25.711,365336,14.52,12.66,10.01,6.930000000000001,1.53,9.38,-1.65
13:33:25.813,365438,14.629999999999999,12.69,10.11,6.930000000000001,1.53,10.36,-1.65
13:33:25.916,365541,14.629999999999999,12.69,10.11,6.91,1.84,11.38,-2.47
13:33:26.019,365644,14.729999999999999,12.62,10.16,6.8100000000000005,4.04,9.53,-1.49
13:33:26.122,365747,14.809999999999999,12.629999999999999,10.16,6.8100000000000005,-0.67,9.57,-1.84
13:33:26.223,365849,14.809999999999999,12.629999999999999,10.34,6.8100000000000005,1.65,8.28,-1.96
13:33:26.326,365951,14.809999999999999,12.629999999999999,10.34,6.8100000000000005,1.1,8.59,-1.26
13:33:26.428,366053,14.809999999999999,12.629999999999999,10.34,6.8100000000000005,1.37,10.36,-2.2
13:33:26.530,366155,14.809999999999999,12.629999999999999,10.34,6.8100000000000005,1.45,9.49,-2.24
13:33:26.633,366258,15.139999999999999,12.559999999999999,12.559999999999999,6.8100000000000005,3.26,13.42,-2.28
13:33:26.735,366360,15.139999999999999,12.559999999999999,12.559999999999999,6.51,0.78,7.06,0.9
13:33:26.837,366462,15.21,12.569999999999999,10.86,6.5600000000000005,3.61,10.32,-2.86
13:33:26.939,366565,15.219999999999999,12.569999999999999,10.86,6.5600000000000005,2.2,9.14,-0.98
13:33:27.042,366667,15.219999999999999,12.549999999999999,12.84,6.54,3.1,9.57,-1.96
13:33:27.144,366769,15.21,12.52,23.66,6.57,2.31,9.85,-2.08
13:33:27.247,366872,15.21,12.52,23.66,6.57,1.45,9.57,-1.33
13:33:27.348,366973,15.18,12.489999999999998,23.48,6.58,1.37,9.57,-2.04
13:33:27.451,367076,15.129999999999999,12.44,23.48,6.58,2.67,9.3,-2.2
13:33:27.553,367178,15.129999999999999,12.44,23.509999999999998,6.57,1.65,9.3,-2.82
13:33:27.655,367280,15.21,12.45,23.509999999999998,6.58,1.88,9.18,-2.35
13:33:27.758,367383,15.21,12.45,23.509999999999998,6.58,1.49,9.22,-2.63
13:33:27.860,367485,15.25,12.43,23.52,6.53,2.08,9.3,-2.63
13:33:27.963,367588,15.219999999999999,12.489999999999998,23.57,6.53,1.45,9.22,-2.51
13:33:28.065,367690,15.219999999999999,12.489999999999998,23.57,6.58,1.73,9.61,-2.2
13:33:28.167,367792,15.19,12.41,19.48,6.5200000000000005,1.69,9.34,-2.47
13:33:28.270,367895,15.219999999999999,12.459999999999999,19.48,6.5200000000000005,1.77,9.38,-2.47
13:33:28.372,367996,15.219999999999999,12.459999999999999,11.0,6.53,2.12,9.3,-2.51
13:33:28.474,368099,15.21,12.379999999999999,11.0,6.48,2.35,8.79,-2.16
13:33:28.576,368201,15.21,12.379999999999999,11.0,6.48,2.16,9.69,-2.12
13:33:28.678,368303,15.21,12.37,11.0,6.51,2.43,8.51,-3.8
13:33:28.781,368406,15.21,12.42,23.72,6.51,2.51,8.16,-3.3
13:33:28.883,368508,15.21,12.42,23.72,6.54,2.47,9.1,-3.14
13:33:28.986,368610,15.16,12.37,11.069999999999999,6.59,2.35,8.36,-3.06
13:33:29.088,368713,15.0,12.37,11.069999999999999,6.59,1.61,8.28,-3.41
13:33:29.190,368815,15.0,12.209999999999999,11.11,6.69,1.57,11.65,-4.39
13:33:29.292,368917,14.93,12.059999999999999,11.149999999999999,6.8100000000000005,2.55,7.37,-1.92
13:33:29.395,369020,14.93,12.059999999999999,11.149999999999999,6.8100000000000005,-0.27,9.41,-0.94
13:33:29.498,369123,14.84,11.91,11.08,6.86,2.67,9.1,-2.31
13:33:29.601,369226,14.719999999999999,11.879999999999999,11.08,6.86,1.37,9.38,-1.45
13:33:29.703,369328,14.719999999999999,11.879999999999999,11.16,7.0200000000000005,0.55,8.94,-1.61
13:33:29.806,369430,14.569999999999999,11.79,11.27,7.12,0.63,8.71,-3.1
13:33:29.907,369532,14.569999999999999,11.79,11.27,7.12,0.86,10.16,-3.57
13:33:30.010,369635,14.569999999999999,11.79,11.27,7.12,3.06,12.51,-4.28
13:33:30.113,369738,14.54,11.51,11.569999999999999,7.250000000000001,1.1,5.81,-0.75
13:33:30.215,369840,14.54,11.51,11.569999999999999,7.250000000000001,3.84,8.79,-4.08
13:33:30.317,369942,14.43,11.36,11.649999999999999,7.79,3.22,7.96,-2.43
13:33:30.420,370045,14.37,11.309999999999999,11.649999999999999,7.79,1.18,8.83,-0.98
13:33:30.522,370147,14.37,11.309999999999999,11.68,7.510000000000001,1.53,10.4,-3.18
13:33:30.624,370249,14.319999999999999,11.16,11.91,22.0,1.45,9.1,-4.35
13:33:30.727,370351,14.319999999999999,11.16,11.91,22.0,1.96,11.65,-1.65
13:33:30.829,370453,14.19,10.95,14.54,22.15,-1.57,8.87,-1.45
13:33:30.931,370556,14.02,10.819999999999999,11.92,22.15,2.75,9.57,-2.12
13:33:31.034,370659,14.02,10.819999999999999,11.92,22.169999999999998,0.86,7.49,-1.33
13:33:31.135,370760,13.95,10.639999999999999,12.01,20.79,0.0,9.89,-2.82
13:33:31.238,370863,13.84,10.639999999999999,12.01,20.79,1.8,10.16,-4.59
13:33:31.340,370965,13.84,10.62,12.17,8.16,2.55,12.71,-2.31
13:33:31.442,371067,13.61,10.399999999999999,12.27,20.779999999999998,2.43,8.87,-2.63
13:33:31.545,371170,13.61,10.399999999999999,12.27,20.779999999999998,1.77,7.96,-2.79
13:33:31.647,371272,13.62,10.36,12.42,9.969999999999999,1.57,8.36,-2.12
13:33:31.748,371373,13.559999999999999,10.35,12.42,9.969999999999999,1.73,8.55,-2.59
13:33:31.850,371475,13.559999999999999,10.35,14.93,8.69,2.24,9.61,-3.33
13:33:31.952,371577,13.44,10.18,16.13,8.79,1.96,13.96,-3.57
13:33:32.055,371680,13.33,10.18,16.13,8.79,-2.35,5.06,0.08
13:33:32.157,371782,13.33,9.979999999999999,14.379999999999999,8.85,5.81,11.65,-3.26
13:33:32.259,371884,13.219999999999999,9.969999999999999,12.52,22.509999999999998,0.67,7.26,-1.92
13:33:32.362,371987,13.219999999999999,9.969999999999999,12.52,22.509999999999998,0.94,9.41,-2.67
13:33:32.464,372088,13.16,9.87,12.52,21.09,-0.04,9.38,-4.2
13:33:32.566,372191,13.1,9.729999999999999,12.52,21.09,2.24,10.2,-2.98
13:33:32.669,372293,13.1,9.729999999999999,12.729999999999999,17.52,2.67,8.98,-2.04
13:33:32.771,372396,13.0,9.61,12.75,9.26,1.26,8.28,-3.41
13:33:32.874,372498,13.0,9.61,12.75,9.26,2.67,9.1,-2.94
13:33:32.975,372600,12.95,9.569999999999999,12.879999999999999,17.47,1.53,8.51,-2.43
13:33:33.078,372703,12.94,9.5,12.979999999999999,17.47,2.59,9.02,-2.47
13:33:33.179,372804,12.94,9.5,12.979999999999999,9.41,2.51,9.77,-2.63
13:33:33.280,372905,12.899999999999999,9.469999999999999,13.069999999999999,16.11,1.92,8.75,-2.39
13:33:33.382,373007,12.899999999999999,9.469999999999999,13.069999999999999,16.11,1.53,9.57,-2.9
13:33:33.485,373110,12.899999999999999,9.469999999999999,13.069999999999999,16.11,1.61,8.43,-2.67
13:33:33.588,373212,12.83,9.42,13.18,9.45,1.49,9.1,-3.26
13:33:33.690,373315,12.83,9.42,13.18,9.45,1.88,9.02,-2.75
13:33:33.791,373417,12.809999999999999,9.389999999999999,13.01,9.5,1.37,9.26,-3.02
13:33:33.893,373518,12.79,9.35,13.01,9.5,1.57,8.94,-2.9
13:33:33.995,373620,12.79,9.35,13.03,9.5,1.65,9.34,-2.67
13:33:34.097,373722,12.809999999999999,9.37,13.069999999999999,9.479999999999999,2.24,9.49,-2.43
13:33:34.200,373824,12.809999999999999,9.37,13.069999999999999,9.479999999999999,1.69,9.26,-2.47
13:33:34.302,373926,12.78,9.319999999999999,13.02,17.49,1.8,9.38,-2.43
13:33:34.404,374029,12.809999999999999,9.33,12.959999999999999,17.49,1.77,9.26,-2.59
13:33:34.507,374132,12.809999999999999,9.33,12.959999999999999,16.07,1.45,9.38,-2.71
13:33:34.609,374233,12.799999999999999,9.37,13.0,22.65,1.45,9.22,-2.59
13:33:34.712,374336,12.799999999999999,9.33,13.0,22.65,1.22,9.34,-2.55
13:33:34.813,374438,12.799999999999999,9.33,12.969999999999999,16.06,0.71,9.49,-2.55
13:33:34.916,374540,12.77,9.33,13.1,22.68,1.14,8.94,-3.1
13:33:35.018,374643,12.77,9.33,13.1,22.68,2.28,8.39,-2.47
13:33:35.120,374745,12.819999999999999,9.26,18.9,22.72,3.41,9.18,-2.79
13:33:35.223,374847,12.84,9.299999999999999,15.669999999999998,22.72,2.55,9.3,-2.86
13:33:35.324,374949,12.84,9.299999999999999,15.669999999999998,22.8,1.77,8.87,-2.59
13:33:35.427,375052,12.83,9.239999999999998,13.16,10.92,2.59,9.14,-3.02
13:33:35.528,375153,12.79,9.239999999999998,13.16,10.92,1.84,7.61,-2.98
13:33:35.630,375255,12.79,9.26,13.149999999999999,11.02,2.12,9.1,-4.43
13:33:35.733,375357,12.709999999999999,9.219999999999999,13.219999999999999,9.75,2.51,10.9,-3.92
13:33:35.835,375460,12.709999999999999,9.219999999999999,13.219999999999999,9.75,3.1,10.12,-3.02
13:33:35.937,375561,12.59,9.03,13.309999999999999,16.4,-0.59,8.0,-0.86
13:33:36.039,375664,12.479999999999999,8.91,13.309999999999999,16.4,2.2,10.36,-4.2
13:33:36.141,375766,12.479999999999999,8.91,13.469999999999999,9.979999999999999,0.86,6.35,-3.65
13:33:36.244,375868,12.37,8.709999999999999,13.549999999999999,23.099999999999998,1.45,7.92,-3.73
13:33:36.346,375971,12.37,8.709999999999999,13.549999999999999,23.099999999999998,2.39,9.53,-3.88
13:33:36.448,376073,12.25,8.569999999999999,25.2,23.32,2.04,9.96,-4.63
13:33:36.551,376175,12.16,8.41,19.43,23.32,4.86,10.12,-0.82
13:33:36.653,376278,12.16,8.41,19.43,11.79,4.31,9.3,-3.06
13:33:36.755,376380,12.09,8.35,20.15,10.58,1.45,6.94,-2.16
13:33:36.856,376482,12.09,8.35,20.15,10.58,2.67,7.65,-2.71
13:33:36.958,376583,12.09,8.35,20.15,10.58,3.37,10.4,-3.53
13:33:37.061,376685,11.989999999999998,8.149999999999999,14.12,18.63,2.12,8.08,-5.18
13:33:37.163,376788,11.989999999999998,8.149999999999999,14.12,18.63,4.51,10.9,-1.33
13:33:37.264,376889,11.819999999999999,7.97,20.34,12.5,-0.63,7.96,-2.67
13:33:37.367,376992,11.68,7.8,20.34,12.5,3.53,8.51,-2.43
13:33:37.469,377094,11.68,7.8,19.74,12.5,1.65,8.08,-1.26
13:33:37.571,377196,11.68,7.8,19.74,12.5,3.02,10.12,-2.04
13:33:37.673,377298,11.68,7.8,19.74,12.5,3.3,10.32,-2.55
13:33:37.775,377400,11.549999999999999,7.54,23.099999999999998,23.43,4.75,12.47,-1.45
13:33:37.878,377503,11.52,7.46,18.43,23.43,1.69,9.26,-2.71
13:33:37.981,377606,11.52,7.46,18.43,11.479999999999999,0.75,7.57,-1.49
13:33:38.083,377707,11.45,7.36,14.84,11.739999999999998,2.59,8.36,-2.47
13:33:38.185,377810,11.399999999999999,7.28,14.84,11.739999999999998,2.55,9.53,-2.35
13:33:38.287,377912,11.399999999999999,7.28,14.86,11.78,2.24,9.26,-3.45
13:33:38.389,378014,11.33,7.180000000000001,15.01,22.63,3.69,12.47,-2.47
13:33:38.492,378117,11.33,7.180000000000001,15.01,22.63,-0.82,6.59,-0.82
13:33:38.594,378219,11.25,7.07,19.169999999999998,24.77,5.26,11.02,-3.02
13:33:38.696,378321,11.2,6.91,22.58,24.77,1.45,7.77,-1.26
13:33:38.799,378423,11.2,6.91,22.58,20.05,1.73,9.89,-1.96
13:33:38.901,378526,11.12,6.8500000000000005,24.25,28.029999999999998,2.39,10.43,-2.75
13:33:39.003,378628,11.08,6.8500000000000005,24.25,28.029999999999998,4.12,9.14,-0.75
13:33:39.105,378730,11.08,6.74,19.27,23.25,4.47,9.41,-1.8
13:33:39.208,378833,11.0,6.73,15.469999999999999,24.349999999999998,3.26,9.53,-1.45
13:33:39.310,378935,11.0,6.73,15.469999999999999,24.349999999999998,3.18,9.38,-0.98
13:33:39.412,379037,10.95,6.45,15.419999999999998,24.89,3.96,8.79,-2.39
13:33:39.514,379139,10.95,6.45,15.419999999999998,24.89,3.02,8.75,-2.16
13:33:39.616,379241,10.95,6.45,15.419999999999998,24.89,3.3,8.79,-2.47
13:33:39.718,379343,10.95,6.87,15.370000000000001,23.02,3.3,9.3,-2.43
13:33:39.819,379444,10.95,6.87,15.370000000000001,23.02,2.59,8.47,-2.55
13:33:39.921,379546,10.95,6.49,15.399999999999999,24.259999999999998,3.14,9.57,-2.24
13:33:40.023,379648,10.95,7.1000000000000005,15.529999999999998,24.259999999999998,2.98,9.38,-2.28
13:33:40.126,379751,10.95,7.1000000000000005,15.529999999999998,24.31,2.9,8.98,-2.43
13:33:40.227,379852,10.93,6.92,15.5,24.21,2.79,9.06,-2.43
13:33:40.329,379954,10.93,6.92,15.5,24.21,2.9,9.02,-2.47
13:33:40.432,380057,10.93,6.92,15.5,24.21,2.9,9.06,-2.39
13:33:40.535,380160,10.969999999999999,6.83,15.54,24.13,2.94,8.75,-2.82
13:33:40.637,380262,10.969999999999999,6.83,15.54,24.13,2.82,9.02,-2.51
13:33:40.739,380364,10.969999999999999,6.8500000000000005,15.509999999999998,24.27,2.79,8.83,-2.47
13:33:40.840,380465,11.0,6.78,15.509999999999998,24.27,3.14,9.18,-2.35
13:33:40.942,380567,11.0,6.78,15.5,24.33,2.94,8.47,-3.22
13:33:41.044,380669,10.94,6.71,15.54,24.43,3.37,9.34,-1.8
13:33:41.147,380772,11.01,6.71,15.54,24.43,4.31,8.51,-1.77
13:33:41.249,380874,11.01,6.67,15.25,24.18,4.86,9.3,-2.86
13:33:41.351,380976,10.93,6.8500000000000005,15.95,24.18,3.53,8.55,-1.8
13:33:41.454,381079,10.93,6.8500000000000005,15.95,24.13,3.41,9.45,-2.24
13:33:41.556,381181,10.93,6.75,15.509999999999998,24.16,2.51,8.63,-2.75
13:33:41.657,381282,10.739999999999998,6.61,15.509999999999998,24.16,3.65,9.45,-2.82
13:33:41.759,381383,10.739999999999998,6.61,15.19,12.62,3.26,12.36,-1.41
13:33:41.861,381486,10.69,6.67,15.19,12.44,1.1,7.26,0.78
13:33:41.963,381588,10.69,6.67,15.19,12.44,2.9,11.61,-3.3
13:33:42.064,381689,10.69,6.82,15.19,12.629999999999999,1.33,7.14,-2.2
13:33:42.167,381792,10.559999999999999,6.87,14.879999999999999,12.629999999999999,1.92,9.45,-1.57
13:33:42.269,381894,10.559999999999999,6.87,14.879999999999999,12.489999999999998,2.08,8.75,-1.92
13:33:42.371,381996,10.469999999999999,6.8100000000000005,14.809999999999999,12.44,1.26,9.49,-1.84
13:33:42.474,382099,10.319999999999999,6.8100000000000005,14.809999999999999,12.44,3.26,11.45,-3.84
13:33:42.576,382201,10.319999999999999,6.8500000000000005,14.68,12.469999999999999,7.1,11.61,0.2
13:33:42.678,382303,10.239999999999998,6.96,14.709999999999999,12.61,6.55,8.67,-2.59
13:33:42.781,382406,10.239999999999998,6.96,14.709999999999999,12.61,-0.08,6.43,-2.08
13:33:42.882,382507,10.52,7.13,14.7,12.52,6.55,9.18,1.57
13:33:42.986,382610,9.889999999999999,7.12,14.7,12.52,2.31,10.04,-0.78
13:33:43.087,382712,9.889999999999999,7.12,14.58,12.54,4.98,9.61,-3.57
13:33:43.190,382814,9.78,7.250000000000001,14.469999999999999,12.629999999999999,7.26,10.12,-0.39
13:33:43.292,382917,9.78,7.250000000000001,14.469999999999999,12.629999999999999,-2.43,10.63,-1.1
13:33:43.394,383019,9.979999999999999,7.55,14.37,12.569999999999999,3.26,6.83,-3.3
13:33:43.497,383121,9.819999999999999,7.63,14.229999999999999,12.569999999999999,1.1,8.0,-1.77
13:33:43.599,383224,9.819999999999999,7.63,14.229999999999999,12.79,0.71,10.98,-2.79
13:33:43.701,383326,9.639999999999999,7.680000000000001,14.149999999999999,13.01,0.0,10.28,-4.39
13:33:43.804,383429,9.639999999999999,7.680000000000001,14.149999999999999,13.01,-1.29,7.69,-2.04
13:33:43.907,383532,9.639999999999999,7.680000000000001,14.149999999999999,13.01,2.79,7.77,-2.31
13:33:44.010,383635,9.379999999999999,7.78,13.95,13.12,2.08,7.77,-2.35
13:33:44.112,383737,9.379999999999999,7.78,13.95,13.12,2.24,7.88,-3.33
13:33:44.215,383839,9.27,7.8500000000000005,13.959999999999999,13.28,1.84,10.32,-3.92
13:33:44.317,383941,9.27,7.920000000000001,13.86,13.28,0.94,11.14,-4.82
13:33:44.418,384043,9.27,7.920000000000001,13.86,13.239999999999998,1.8,6.08,-1.92
13:33:44.521,384146,9.09,8.129999999999999,13.76,13.29,1.33,11.02,-4.0
13:33:44.623,384248,9.02,8.129999999999999,13.76,13.29,1.22,7.26,-2.59
13:33:44.726,384350,9.02,8.11,13.75,13.44,-0.12,8.87,-1.77
13:33:44.828,384453,8.889999999999999,8.25,13.719999999999999,13.43,1.92,9.22,-3.02
13:33:44.930,384555,8.889999999999999,8.25,13.719999999999999,13.43,1.41,9.14,-3.53
13:33:45.032,384657,8.83,8.399999999999999,13.66,13.54,4.35,10.0,-1.77
13:33:45.135,384760,8.799999999999999,8.37,13.66,13.54,3.18,9.61,-0.63
13:33:45.237,384862,8.799999999999999,8.37,13.639999999999999,13.58,3.37,9.34,-2.67
13:33:45.339,384964,8.62,8.37,13.739999999999998,13.62,2.79,8.63,-2.08
13:33:45.442,385066,8.62,8.37,13.739999999999998,13.62,4.08,9.06,-2.28
13:33:45.544,385169,8.54,8.36,13.709999999999999,13.58,2.71,9.41,-2.55
13:33:45.646,385271,8.53,8.37,13.67,13.58,1.37,8.08,-2.55
13:33:45.749,385374,8.53,8.37,13.67,13.62,2.43,9.3,-2.86
13:33:45.851,385475,8.6,8.389999999999999,13.62,13.549999999999999,2.63,9.22,-2.51
13:33:45.953,385578,8.62,8.41,13.62,13.549999999999999,2.2,8.87,-2.82
13:33:46.055,385680,8.62,8.41,13.559999999999999,13.6,2.55,9.06,-2.86
13:33:46.157,385782,8.6,8.44,13.559999999999999,13.59,2.43,8.9,-2.71
13:33:46.260,385885,8.6,8.44,13.559999999999999,13.59,2.86,9.02,-2.94
13:33:46.362,385987,8.61,8.44,13.54,13.6,2.55,9.18,-2.67
13:33:46.465,386089,8.61,8.45,13.53,13.6,2.55,8.87,-2.98
13:33:46.566,386191,8.61,8.45,13.53,13.58,2.55,8.87,-2.94
13:33:46.669,386294,8.59,8.42,13.53,13.6,2.35,8.87,-3.02
13:33:46.771,386396,8.62,8.42,13.53,13.6,2.08,8.75,-3.18
13:33:46.874,386498,8.62,8.43,13.54,13.559999999999999,2.12,8.75,-2.94
13:33:46.976,386601,8.62,8.43,13.549999999999999,13.6,2.47,8.87,-2.9
13:33:47.078,386703,8.62,8.43,13.549999999999999,13.6,2.39,8.98,-2.75
13:33:47.180,386805,8.62,8.45,13.53,13.569999999999999,2.39,8.94,-2.86
13:33:47.282,386907,8.62,8.45,13.53,13.569999999999999,2.51,8.9,-2.9
13:33:47.383,387008,8.62,8.45,13.53,13.569999999999999,2.31,8.98,-2.79
13:33:47.485,387110,8.61,8.459999999999999,13.53,13.62,2.79,9.06,-2.59
13:33:47.588,387213,8.61,8.459999999999999,13.53,13.62,2.43,9.18,-2.71
13:33:47.690,387315,8.59,8.459999999999999,13.54,13.59,2.55,9.02,-2.63
13:33:47.793,387418,8.61,8.44,13.459999999999999,13.59,2.51,9.1,-2.63
13:33:47.895,387520,8.61,8.44,13.459999999999999,13.629999999999999,2.59,9.02,-2.79
13:33:47.997,387622,8.61,8.459999999999999,13.479999999999999,13.629999999999999,2.51,9.06,-2.71
13:33:48.100,387725,8.6,8.5,13.479999999999999,13.629999999999999,2.51,9.02,-2.71
13:33:48.202,387826,8.6,8.5,13.479999999999999,13.66,2.55,8.98,-2.79
13:33:48.304,387929,8.61,8.469999999999999,13.549999999999999,13.629999999999999,2.47,8.87,-2.79
13:33:48.407,388031,8.61,8.469999999999999,13.549999999999999,13.629999999999999,2.16,8.94,-2.67
13:33:48.509,388134,8.61,8.459999999999999,13.51,13.59,1.88,9.26,-2.82
13:33:48.611,388236,8.61,8.489999999999998,13.5,13.59,1.96,9.02,-2.79
13:33:48.713,388338,8.61,8.489999999999998,13.5,13.58,3.1,8.55,-2.39
13:33:48.815,388440,8.569999999999999,8.45,13.54,13.61,5.41,9.77,-3.92
13:33:48.918,388543,8.52,8.45,13.54,13.61,2.94,8.43,-2.63
13:33:49.020,388645,8.52,8.479999999999999,13.54,13.66,3.14,8.51,-2.71
13:33:49.122,388747,8.44,8.469999999999999,13.569999999999999,13.899999999999999,3.57,8.43,-3.41
13:33:49.225,388850,8.44,8.469999999999999,13.569999999999999,13.899999999999999,2.2,8.16,-3.37
13:33:49.328,388953,8.36,8.54,13.59,13.92,3.18,9.41,-5.06
13:33:49.431,389056,8.27,8.62,13.59,13.92,4.12,11.18,-3.61
13:33:49.533,389158,8.27,8.62,13.41,13.79,0.12,6.63,-0.75
13:33:49.635,389260,8.239999999999998,8.709999999999999,13.37,13.879999999999999,2.43,10.36,-3.8
13:33:49.738,389363,8.129999999999999,8.709999999999999,13.37,13.879999999999999,2.2,7.37,-2.43
13:33:49.840,389465,8.129999999999999,8.87,13.34,13.899999999999999,1.18,7.77,-2.71
13:33:49.941,389566,8.1,8.93,13.26,13.899999999999999,1.33,8.9,-4.0
13:33:50.043,389668,8.1,8.93,13.26,13.959999999999999,3.73,10.79,-4.35
13:33:50.145,389770,8.0,9.02,13.219999999999999,14.0,3.49,12.32,-2.16
13:33:50.248,389873,7.930000000000001,9.16,13.219999999999999,14.0,2.16,8.28,-2.28
13:33:50.350,389974,7.930000000000001,9.16,13.2,14.09,0.98,7.1,-2.2
13:33:50.452,390077,7.819999999999999,9.25,13.12,14.139999999999999,2.67,7.3,-3.41
13:33:50.555,390179,7.819999999999999,9.25,13.12,14.139999999999999,0.75,7.73,-2.67
13:33:50.657,390281,7.7,9.319999999999999,13.069999999999999,14.26,3.06,10.32,-4.2
13:33:50.758,390383,7.7,9.319999999999999,13.069999999999999,14.26,2.55,12.36,-4.08
13:33:50.859,390484,7.7,9.319999999999999,13.069999999999999,14.26,-1.29,5.77,-1.65
13:33:50.962,390587,7.63,9.69,13.059999999999999,14.459999999999999,5.1,10.24,-3.45
13:33:51.064,390689,7.590000000000001,9.69,13.059999999999999,14.459999999999999,1.96,7.73,-2.08
13:33:51.167,390791,7.590000000000001,9.68,12.979999999999999,14.62,1.65,7.92,-3.53
13:33:51.269,390894,7.4799999999999995,9.809999999999999,12.889999999999999,14.59,2.86,10.32,-5.1
13:33:51.372,390996,7.4799999999999995,9.809999999999999,12.889999999999999,14.59,2.16,10.94,-5.02
13:33:51.474,391098,7.39,9.93,12.969999999999999,14.649999999999999,-1.26,6.71,-1.02
13:33:51.576,391201,7.36,16.83,12.969999999999999,14.649999999999999,5.84,8.28,-4.47
13:33:51.678,391303,7.36,16.83,12.95,14.75,3.02,8.59,-2.43
13:33:51.780,391405,7.37,22.91,12.87,14.85,3.22,8.51,-2.31
13:33:51.883,391508,7.37,22.91,12.87,14.85,3.33,9.3,-3.92
13:33:51.985,391610,7.250000000000001,19.37,12.809999999999999,14.84,2.71,8.16,-3.8
13:33:52.087,391712,7.250000000000001,24.65,12.76,14.84,5.3,10.79,-1.84
13:33:52.190,391815,7.250000000000001,24.65,12.76,14.94,1.18,8.87,-2.31
13:33:52.292,391917,7.2700000000000005,24.21,12.819999999999999,14.87,3.96,9.26,-3.3
13:33:52.393,392018,7.21,10.52,12.819999999999999,14.87,1.18,8.67,-1.33
13:33:52.495,392119,7.21,10.52,12.649999999999999,14.93,2.2,11.06,-1.57
13:33:52.597,392222,7.15,10.549999999999999,12.59,14.979999999999999,2.82,7.65,-3.84
13:33:52.700,392324,7.15,10.549999999999999,12.59,14.979999999999999,2.51,9.81,-2.79
13:33:52.801,392426,7.11,22.72,12.77,14.989999999999998,1.65,7.81,-2.47
13:33:52.904,392529,7.0,23.09,12.87,14.989999999999998,3.06,9.3,-2.94
13:33:53.006,392631,7.0,23.09,12.87,15.049999999999999,2.47,8.43,-2.67
13:33:53.108,392733,6.98,13.59,12.85,15.259999999999998,2.82,9.06,-2.82
13:33:53.211,392836,6.92,13.59,12.85,15.259999999999998,3.02,8.87,-2.9
13:33:53.313,392938,6.92,22.48,12.76,15.32,2.94,8.9,-2.43
13:33:53.416,393040,6.98,22.189999999999998,12.79,15.329999999999998,3.06,9.02,-2.51
13:33:53.518,393143,6.98,22.189999999999998,12.79,15.329999999999998,3.26,8.67,-2.63
13:33:53.620,393245,6.94,20.279999999999998,12.77,15.309999999999999,3.77,8.87,-3.06
13:33:53.721,393346,6.8500000000000005,22.27,12.77,15.309999999999999,3.77,8.16,-2.86
13:33:53.823,393447,6.8500000000000005,22.27,12.69,15.34,4.24,9.14,-3.92
13:33:53.925,393550,6.73,21.36,12.61,14.989999999999998,3.14,7.81,-2.86
13:33:54.028,393652,6.73,21.36,12.61,14.989999999999998,4.43,7.77,-3.65
13:33:54.129,393754,6.87,18.73,12.559999999999999,14.86,3.61,8.36,-3.18
13:33:54.231,393856,6.87,18.73,12.559999999999999,14.86,3.3,8.55,-4.08
13:33:54.333,393957,6.87,18.73,12.559999999999999,14.86,2.55,11.26,-4.16
13:33:54.435,394059,6.96,10.86,12.559999999999999,14.61,1.22,7.26,-1.41
13:33:54.537,394161,6.96,10.86,12.559999999999999,14.61,2.94,10.63,-3.26
13:33:54.639,394263,6.96,10.86,12.559999999999999,14.5,2.59,7.53,-2.75
13:33:54.741,394366,7.239999999999999,11.36,11.979999999999999,14.41,0.08,8.32,-2.35
13:33:54.844,394468,7.239999999999999,11.36,11.979999999999999,14.41,1.49,9.02,-2.16
13:33:54.945,394570,7.340000000000001,11.19,11.959999999999999,14.42,1.1,9.18,-3.1
13:33:55.048,394673,7.4799999999999995,11.149999999999999,11.959999999999999,14.42,2.12,10.9,-4.28
13:33:55.150,394775,7.4799999999999995,11.149999999999999,11.819999999999999,14.28,3.3,11.81,-1.37
13:33:55.252,394877,7.71,11.25,11.629999999999999,14.129999999999999,2.55,9.41,-2.71
13:33:55.355,394979,7.71,11.25,11.629999999999999,14.129999999999999,0.12,5.96,-2.43
13:33:55.457,395081,7.920000000000001,11.36,11.469999999999999,14.1,2.16,7.22,-2.9
13:33:55.559,395184,7.9799999999999995,11.479999999999999,11.399999999999999,14.1,1.84,8.87,-3.41
13:33:55.662,395287,7.9799999999999995,11.479999999999999,11.399999999999999,13.879999999999999,2.63,9.57,-4.51
13:33:55.764,395388,8.129999999999999,11.549999999999999,11.27,13.819999999999999,2.98,12.83,-2.59
13:33:55.866,395491,18.99,11.549999999999999,11.27,13.819999999999999,-2.31,8.67,-1.41
13:33:55.968,395593,18.99,11.549999999999999,11.049999999999999,13.68,2.67,7.06,-2.47
13:33:56.071,395695,9.94,11.75,11.0,13.549999999999999,0.0,8.32,-2.24
13:33:56.174,395798,9.94,11.75,11.0,13.549999999999999,0.35,10.43,-2.08
13:33:56.275,395900,8.379999999999999,11.889999999999999,10.85,13.43,1.06,10.28,-2.79
13:33:56.378,396002,8.58,12.02,10.739999999999998,13.43,3.49,14.08,-2.12
13:33:56.480,396104,8.58,12.02,10.739999999999998,13.389999999999999,0.27,7.61,-0.75
13:33:56.582,396207,8.549999999999999,12.209999999999999,10.58,13.34,1.53,8.28,-1.02
13:33:56.685,396309,8.76,12.209999999999999,10.58,13.34,1.22,8.71,-2.28
13:33:56.787,396411,8.76,12.29,10.479999999999999,13.299999999999999,1.37,9.69,-1.88
13:33:56.889,396514,8.959999999999999,12.379999999999999,10.33,13.19,2.16,10.36,-3.14
13:33:56.992,396616,8.959999999999999,12.379999999999999,10.33,13.19,1.02,13.65,-2.2
13:33:57.094,396718,9.129999999999999,12.54,10.239999999999998,13.059999999999999,-3.06,6.63,-1.57
13:33:57.196,396821,9.25,13.79,10.239999999999998,13.059999999999999,3.06,9.34,-3.53
13:33:57.298,396923,9.25,13.79,9.95,13.059999999999999,0.2,7.57,-2.31
13:33:57.402,397026,9.25,13.79,9.95,13.059999999999999,0.2,8.51,-3.02
13:33:57.504,397129,25.88,13.79,9.95,13.059999999999999,0.63,11.38,-4.04
13:33:57.608,397232,25.88,19.439999999999998,9.67,12.729999999999999,1.53,14.0,-1.84
13:33:57.709,397334,25.88,19.439999999999998,9.67,12.729999999999999,-1.53,8.79,-2.43
13:33:57.811,397436,25.88,19.439999999999998,9.67,12.729999999999999,0.43,6.83,-2.71
13:33:57.913,397538,9.93,17.529999999999998,9.219999999999999,12.58,0.94,7.88,-2.16
13:33:58.016,397641,9.91,18.669999999999998,9.219999999999999,12.58,1.96,9.3,-2.35
13:33:58.118,397742,9.91,18.669999999999998,9.12,12.44,2.43,10.47,-3.88
13:33:58.220,397845,10.129999999999999,17.61,8.95,12.44,3.14,11.92,-1.14
13:33:58.323,397947,10.129999999999999,17.61,8.95,12.44,-2.55,9.45,-0.55
13:33:58.425,398049,10.28,18.84,8.92,12.29,2.86,7.81,-1.77
13:33:58.527,398152,24.72,18.91,8.76,12.29,0.9,7.85,-1.37
13:33:58.629,398254,24.72,18.91,8.76,12.149999999999999,0.67,9.92,-2.43
13:33:58.732,398356,10.78,19.99,8.489999999999998,12.02,4.0,10.04,-5.18
13:33:58.834,398459,12.6,19.99,8.489999999999998,12.02,5.14,9.69,0.9
13:33:58.936,398561,12.6,20.74,8.36,12.0,6.83,9.38,-2.2
13:33:59.039,398663,28.31,18.3,8.11,11.84,1.37,7.18,-1.02
13:33:59.141,398766,28.31,18.3,8.11,11.84,3.18,8.08,-2.59
13:33:59.243,398868,12.91,15.75,8.0,11.719999999999999,1.96,10.16,-3.69
13:33:59.344,398969,26.65,14.28,8.0,11.719999999999999,2.43,12.36,-3.61
13:33:59.446,399071,26.65,14.28,7.96,11.709999999999999,-2.43,6.43,-2.35
13:33:59.548,399173,27.72,14.26,7.7,11.5,7.57,9.92,-3.53
13:33:59.651,399275,27.72,14.26,7.7,11.5,0.94,8.0,-1.37
13:33:59.753,399377,25.279999999999998,14.379999999999999,7.69,11.469999999999999,1.22,7.77,-3.1
13:33:59.855,399480,27.79,14.5,7.69,11.469999999999999,2.39,10.2,-4.59
13:33:59.958,399583,27.79,14.5,7.69,11.35,4.0,13.49,-1.37
13:34:00.060,399684,24.91,14.799999999999999,7.55,11.229999999999999,2.0,8.9,-2.39
13:34:00.162,399786,-230.87,14.799999999999999,7.55,11.229999999999999,2.0,7.1,-1.69
13:34:00.264,399889,-230.87,14.76,7.37,11.1,2.04,8.0,-2.2
13:34:00.366,399991,27.55,14.76,7.36,10.86,2.55,9.1,-2.59
13:34:00.469,400094,27.55,14.76,7.36,10.86,4.31,9.38,-4.28
13:34:00.571,400195,17.529999999999998,14.78,7.330000000000001,10.75,2.9,12.2,-0.39
13:34:00.674,400298,12.42,14.6,7.510000000000001,10.75,-1.14,9.26,-1.45
13:34:00.776,400400,12.42,14.6,7.510000000000001,10.58,2.59,7.65,-2.24
13:34:00.877,400502,12.44,14.61,7.2,10.33,1.29,9.45,-0.94
13:34:00.980,400605,12.67,14.61,7.2,10.33,2.67,8.55,-2.75
13:34:01.083,400708,12.67,14.399999999999999,7.3500000000000005,10.37,1.26,9.77,-3.53
13:34:01.185,400810,12.67,14.399999999999999,7.3500000000000005,10.37,1.41,9.45,-3.53
13:34:01.287,400912,12.67,14.399999999999999,7.3500000000000005,10.37,5.18,11.53,0.2
13:34:01.389,401014,12.76,14.41,7.39,9.969999999999999,4.94,8.51,0.24
13:34:01.490,401115,12.95,14.379999999999999,7.39,9.969999999999999,2.79,7.85,-1.73
13:34:01.592,401216,12.95,14.379999999999999,7.3500000000000005,10.049999999999999,3.88,8.16,-1.96
13:34:01.694,401319,13.0,14.319999999999999,7.45,9.91,2.94,11.38,-2.98
13:34:01.797,401421,13.0,14.319999999999999,7.45,9.91,1.77,11.81,-3.22
13:34:01.899,401523,12.899999999999999,14.239999999999998,7.4799999999999995,9.76,-2.55,6.86,-2.55
13:34:02.001,401626,13.059999999999999,14.149999999999999,7.6000000000000005,9.76,5.53,10.43,-2.39
13:34:02.103,401728,13.059999999999999,14.149999999999999,7.6000000000000005,9.59,0.86,6.71,-2.0
13:34:02.206,401830,13.17,14.09,7.69,9.5,-0.12,7.61,-2.35
13:34:02.308,401933,13.319999999999999,14.09,7.69,9.5,4.31,9.92,-6.9
13:34:02.410,402035,13.319999999999999,14.08,7.760000000000001,9.44,5.06,12.08,-1.65
13:34:02.513,402137,13.399999999999999,13.979999999999999,7.819999999999999,9.2,7.22,10.12,-2.98
13:34:02.615,402240,13.399999999999999,13.979999999999999,7.819999999999999,9.2,2.16,6.04,-2.24
13:34:02.717,402341,13.489999999999998,14.01,8.01,8.94,3.92,7.61,-2.47
13:34:02.819,402444,13.53,13.889999999999999,8.01,8.94,4.24,9.81,-4.0
13:34:02.922,402546,13.53,13.889999999999999,8.059999999999999,8.799999999999999,2.9,11.65,-4.63
13:34:03.024,402649,13.58,13.86,8.19,8.85,-1.06,6.59,-3.92
13:34:03.126,402751,13.58,13.86,8.19,8.85,6.16,8.94,-3.77
13:34:03.228,402853,13.639999999999999,13.809999999999999,8.26,8.78,1.96,7.81,-1.61
13:34:03.331,402956,13.649999999999999,13.77,8.379999999999999,8.78,2.55,8.2,-2.67
13:34:03.432,403057,13.649999999999999,13.77,8.379999999999999,8.709999999999999,5.06,8.87,-3.18
13:34:03.533,403158,13.739999999999998,13.6,8.559999999999999,8.34,5.33,12.08,-3.1
13:34:03.636,403261,13.719999999999999,13.53,8.559999999999999,8.34,0.08,7.45,-2.08
13:34:03.738,403363,13.719999999999999,13.53,13.54,8.389999999999999,1.69,6.9,-1.53
13:34:03.841,403465,13.62,13.29,9.069999999999999,8.379999999999999,4.98,7.53,-3.26
13:34:03.943,403568,13.62,13.29,9.069999999999999,8.379999999999999,4.79,8.71,-3.49
13:34:04.045,403670,13.639999999999999,13.25,8.7,8.34,1.37,8.67,-0.98
13:34:04.148,403772,13.44,13.209999999999999,8.7,8.34,3.02,11.53,-2.67
13:34:04.249,403874,13.44,13.209999999999999,8.7,8.41,1.88,8.75,-0.78
13:34:04.352,403977,13.36,13.049999999999999,8.83,8.51,4.2,9.85,-2.47
13:34:04.455,404079,13.239999999999998,13.049999999999999,8.83,8.51,0.0,8.12,-1.49
13:34:04.558,404182,13.239999999999998,12.91,9.559999999999999,8.649999999999999,1.8,8.59,-3.26
13:34:04.660,404284,13.239999999999998,12.91,9.559999999999999,8.649999999999999,2.31,10.98,-2.94
13:34:04.762,404386,13.239999999999998,12.91,9.559999999999999,8.649999999999999,4.12,12.36,-4.04
13:34:04.863,404488,12.969999999999999,12.629999999999999,12.34,8.87,-0.71,6.59,-3.61
13:34:04.966,404591,12.819999999999999,12.45,12.34,8.87,2.0,7.85,-1.29
13:34:05.068,404693,12.819999999999999,12.45,9.729999999999999,9.049999999999999,2.39,7.65,-2.0
13:34:05.171,404795,12.69,12.34,9.739999999999998,9.219999999999999,1.26,9.3,-1.57
13:34:05.273,404898,12.69,12.34,9.739999999999998,9.219999999999999,4.75,10.4,-4.9
13:34:05.375,405000,12.569999999999999,12.12,10.02,9.35,2.79,8.55,-0.47
13:34:05.478,405102,12.36,12.069999999999999,9.809999999999999,9.35,0.31,10.16,-2.28
13:34:05.580,405205,12.36,12.069999999999999,9.809999999999999,9.379999999999999,0.82,5.92,-2.55
13:34:05.684,405308,12.239999999999998,12.1,9.87,9.61,2.31,7.92,-2.86
13:34:05.786,405411,12.11,11.83,9.87,9.61,2.24,10.43,-3.92
13:34:05.889,405513,12.11,11.83,12.559999999999999,9.649999999999999,1.77,12.16,-2.55
13:34:05.991,405615,11.969999999999999,11.629999999999999,11.959999999999999,9.79,-1.33,8.39,-1.49
13:34:06.093,405718,11.969999999999999,11.629999999999999,11.959999999999999,9.79,1.41,7.18,-2.55
13:34:06.195,405820,11.85,11.52,10.5,9.86,2.16,8.28,-1.41
13:34:06.298,405922,11.729999999999999,11.379999999999999,10.62,9.86,2.43,9.26,-2.16
13:34:06.400,406024,11.729999999999999,11.379999999999999,10.62,9.95,3.41,10.0,-3.26
13:34:06.502,406127,11.6,11.309999999999999,10.66,10.11,3.02,12.59,-2.59
13:34:06.605,406229,11.42,11.309999999999999,10.66,10.11,0.08,5.65,-1.92
13:34:06.707,406331,11.42,11.2,10.979999999999999,18.529999999999998,0.39,11.81,-1.61
13:34:06.809,406434,11.33,11.149999999999999,11.17,10.44,3.84,6.63,-3.14
13:34:06.912,406536,11.33,11.149999999999999,11.17,10.44,2.0,10.08,-0.39
13:34:07.013,406638,11.219999999999999,11.0,10.649999999999999,10.52,1.88,9.41,-1.45
13:34:07.116,406741,11.139999999999999,10.959999999999999,10.649999999999999,10.52,3.57,11.06,0.86
13:34:07.218,406843,11.139999999999999,10.959999999999999,10.77,10.58,4.71,9.14,-1.57
13:34:07.320,406945,11.149999999999999,10.83,11.03,10.62,2.55,8.2,0.59
13:34:07.423,407047,11.149999999999999,10.83,11.03,10.62,3.57,6.94,-2.24
13:34:07.525,407149,11.049999999999999,10.94,11.129999999999999,10.67,9.26,7.37,-3.22
13:34:07.627,407252,11.12,10.889999999999999,15.7,10.67,6.86,6.67,-3.41
13:34:07.730,407355,11.12,10.889999999999999,15.7,11.0,4.04,5.92,-3.8
13:34:07.832,407456,11.069999999999999,10.649999999999999,12.84,10.66,6.47,5.49,-4.2
13:34:07.935,407559,11.1,10.77,12.84,10.66,5.73,5.18,-4.39
13:34:08.037,407662,11.1,10.77,11.149999999999999,10.6,6.0,5.26,-4.94
13:34:08.139,407764,11.1,10.77,11.149999999999999,10.6,4.82,5.02,-5.14
13:34:08.242,407866,11.1,10.77,11.149999999999999,10.6,6.51,5.26,-4.51
13:34:08.343,407968,11.069999999999999,10.729999999999999,11.069999999999999,10.58,6.39,4.86,-4.04
13:34:08.446,408071,11.08,10.76,11.1,10.58,9.49,5.61,-3.69
13:34:08.548,408173,11.08,10.76,11.1,10.58,7.18,4.31,-5.41
13:34:08.651,408275,11.08,10.76,11.1,10.58,6.24,4.31,-5.3
13:34:08.753,408378,10.989999999999998,10.76,11.1,10.58,6.83,3.92,-5.45
13:34:08.855,408480,10.989999999999998,10.75,11.1,10.62,9.34,6.24,-7.18
13:34:08.958,408582,11.069999999999999,10.83,11.11,10.639999999999999,3.8,4.08,-4.79
13:34:09.060,408685,11.069999999999999,10.83,11.11,10.639999999999999,6.08,4.55,-3.53
13:34:09.162,408786,10.879999999999999,10.6,11.08,10.629999999999999,6.94,5.26,-3.14
