13:32:41.042,320667,7.31,14.11,13.03,18.64,-0.27,4.35,9.89
13:32:41.145,320770,7.32,14.11,13.03,18.64,-1.33,5.30,10.12
13:32:41.248,320873,7.32,14.08,12.97,21.82,-0.47,5.96,10.63
13:32:41.349,320975,7.32,14.08,12.97,21.82,0.86,7.02,8.12
13:32:41.451,321077,7.32,14.08,12.97,21.82,1.22,6.90,11.18
13:32:41.553,321179,7.18,13.88,16.01,17.37,1.96,7.18,13.85
13:32:41.654,321280,7.41,13.79,16.01,17.37,3.18,7.26,8.90
13:32:41.756,321382,7.41,13.79,12.84,17.21,3.30,7.49,6.94
13:32:41.858,321484,7.14,13.71,12.61,17.03,2.86,8.36,6.94
13:32:41.961,321586,7.14,13.71,12.61,17.03,1.14,6.55,-0.39
13:32:42.063,321688,7.21,13.86,12.62,16.91,1.96,10.79,-1.41
13:32:42.165,321791,7.34,13.61,12.47,16.91,2.00,12.91,2.08
13:32:42.268,321894,7.34,13.61,12.47,16.88,4.71,8.98,-1.02
13:32:42.370,321995,7.44,13.61,12.38,16.67,-2.75,11.85,1.65
13:32:42.472,322098,7.81,13.61,12.38,16.67,-0.75,6.47,0.20
13:32:42.575,322200,7.81,13.56,12.35,16.51,-2.35,10.55,0.39
13:32:42.677,322302,8.22,13.54,12.31,16.36,-1.10,12.40,-3.33
13:32:42.779,322405,8.22,13.54,12.31,16.36,1.65,14.00,2.39
13:32:42.881,322507,8.20,13.61,12.41,16.21,1.49,10.08,0.51
13:32:42.982,322608,8.31,13.42,12.41,16.21,0.20,6.83,-0.43
13:32:43.084,322710,8.31,13.42,12.21,16.09,0.16,8.94,0.12
13:32:43.186,322812,8.42,13.43,12.05,15.86,-0.31,11.30,-1.88
13:32:43.290,322915,8.56,13.43,12.05,15.86,-1.84,12.55,-0.78
13:32:43.391,323016,8.56,13.24,11.97,15.65,-0.08,6.86,-1.84
13:32:43.494,323119,8.58,13.07,11.83,15.47,0.55,10.98,1.57
13:32:43.596,323222,8.58,13.07,11.83,15.47,-0.47,6.86,-0.31
13:32:43.698,323323,8.79,12.97,11.65,15.30,-0.90,11.06,-2.08
13:32:43.801,323426,9.01,12.97,11.65,15.30,-0.78,12.79,-3.88
13:32:43.903,323528,9.01,12.97,11.65,15.05,-0.94,5.65,-3.14
13:32:44.005,323630,9.21,12.95,11.53,14.89,1.92,7.22,-1.18
13:32:44.108,323733,9.21,12.95,11.53,14.89,1.29,8.39,-0.67
13:32:44.210,323835,9.29,12.97,11.44,14.73,-0.20,11.77,-0.55
13:32:44.312,323938,9.55,13.07,11.35,14.73,-0.51,14.79,-1.45
13:32:44.413,324039,9.55,13.07,11.35,14.47,0.20,5.45,-2.71
13:32:44.515,324140,9.67,12.89,11.21,14.16,0.55,11.96,-0.71
13:32:44.617,324243,9.78,12.89,11.21,14.16,0.94,6.12,-0.55
13:32:44.719,324344,9.78,12.72,11.39,14.04,-0.98,10.36,-1.88
13:32:44.821,324446,9.78,12.72,11.39,14.04,0.39,12.55,-2.24
13:32:44.923,324548,9.78,12.72,11.39,14.04,-0.75,6.98,0.75
13:32:45.024,324650,10.13,12.68,11.18,13.69,3.84,9.92,1.29
13:32:45.127,324752,10.30,12.68,11.18,13.69,0.71,8.83,0.63
13:32:45.229,324855,10.30,12.68,11.07,13.40,-0.08,10.32,0.47
13:32:45.331,324957,10.41,12.63,11.15,13.18,2.24,14.16,-0.08
13:32:45.432,325058,10.41,12.63,11.15,13.18,-2.12,10.36,2.63
13:32:45.534,325160,10.62,12.69,11.25,13.17,-0.27,11.34,-0.16
13:32:45.637,325262,10.76,12.49,11.20,13.17,-0.75,6.32,-0.35
13:32:45.739,325365,10.76,12.49,11.20,13.06,0.35,8.59,-0.98
13:32:45.843,325468,10.79,12.35,11.12,12.74,0.63,13.89,0.16
13:32:45.945,325571,10.88,12.35,11.12,12.74,-0.43,14.63,5.33
13:32:46.048,325673,10.88,12.26,11.23,12.54,2.55,11.85,0.08
13:32:46.150,325775,10.99,12.24,11.33,12.34,-1.41,7.57,0.12
13:32:46.252,325878,10.99,12.24,11.33,12.34,-0.08,8.20,-1.57
13:32:46.356,325981,11.11,12.11,11.34,12.31,0.16,12.36,-1.88
13:32:46.459,326084,11.18,11.90,11.45,12.31,-1.65,13.22,-1.37
13:32:46.561,326186,11.18,11.90,11.45,12.17,-1.69,7.26,-2.47
13:32:46.663,326288,11.26,11.92,11.49,12.11,1.06,10.79,0.75
13:32:46.766,326391,11.32,11.92,11.49,12.11,-0.86,7.88,-0.78
13:32:46.868,326493,11.32,11.82,17.84,12.02,-1.18,10.51,-1.45
13:32:46.970,326595,11.40,11.72,11.59,12.02,-1.14,9.69,-0.47
13:32:47.073,326698,11.40,11.72,11.59,11.92,-0.86,12.67,-0.59
13:32:47.175,326800,11.46,11.59,13.74,11.77,2.86,7.49,-0.98
13:32:47.277,326903,11.56,11.68,13.74,11.77,-0.47,10.98,-0.55
13:32:47.379,327004,11.56,11.68,17.89,11.71,0.51,9.92,-0.43
13:32:47.482,327107,11.60,11.79,11.83,11.63,0.75,9.77,-0.82
13:32:47.584,327209,11.60,11.79,11.83,11.63,0.71,10.04,-1.33
13:32:47.686,327311,11.61,11.77,11.73,11.62,-0.35,9.26,-0.39
13:32:47.789,327414,11.63,11.76,11.61,11.62,-0.20,9.45,-0.20
13:32:47.891,327516,11.63,11.76,11.61,11.57,-1.10,10.90,-0.78
13:32:47.993,327618,11.58,11.75,11.62,11.70,-0.63,9.73,-1.10
13:32:48.096,327721,11.57,11.75,11.62,11.70,-0.63,10.08,-1.14
13:32:48.199,327824,11.57,11.74,11.58,11.62,-0.63,10.00,-1.26
13:32:48.300,327926,11.57,11.74,11.58,11.62,0.67,8.20,-1.02
13:32:48.403,328028,11.57,11.74,11.58,11.62,-0.04,10.47,-1.57
13:32:48.504,328130,11.62,11.72,11.55,20.12,1.29,10.24,0.04
13:32:48.605,328231,11.72,11.75,11.55,20.12,0.55,9.85,-0.75
13:32:48.708,328333,11.72,11.75,11.49,25.56,0.04,9.92,-1.45
13:32:48.810,328435,11.72,11.79,11.51,25.62,0.86,9.77,-0.39
13:32:48.912,328538,11.72,11.79,11.51,25.62,0.27,10.75,-0.47
13:32:49.014,328640,11.70,11.76,11.56,25.12,-0.20,8.79,-1.41
13:32:49.117,328742,11.77,11.79,11.51,25.12,0.94,11.38,-0.12
13:32:49.220,328845,11.77,11.79,11.51,18.54,0.04,9.10,-1.61
13:32:49.323,328948,11.70,11.80,11.46,24.82,1.10,9.65,-1.45
13:32:49.425,329050,11.70,11.80,11.46,24.82,-1.33,10.40,-1.96
13:32:49.528,329153,11.70,11.80,11.46,24.82,0.55,8.67,-1.49
13:32:49.630,329255,11.75,11.80,11.69,11.73,0.00,10.12,-1.41
13:32:49.733,329358,11.75,11.80,11.69,11.73,-0.24,10.04,-1.49
13:32:49.835,329460,11.63,11.79,11.73,11.76,0.08,9.89,-1.06
13:32:49.937,329563,11.72,11.82,11.73,11.76,0.08,9.73,-1.22
13:32:50.040,329664,11.72,11.82,11.73,25.26,0.35,10.28,-1.02
13:32:50.142,329767,11.75,11.80,11.73,25.22,0.55,9.53,-0.86
13:32:50.244,329869,11.70,11.80,11.73,25.22,0.04,10.16,-1.73
13:32:50.346,329972,11.70,11.82,11.70,25.24,0.20,9.57,-0.67
13:32:50.449,330074,11.72,11.77,11.69,25.22,0.90,10.16,-0.90
13:32:50.551,330176,11.72,11.77,11.69,25.22,0.90,9.89,-1.53
13:32:50.653,330278,11.75,11.80,11.72,23.70,0.24,10.24,-0.71
13:32:50.756,330381,11.73,11.80,11.72,23.70,0.04,9.96,-0.94
13:32:50.858,330483,11.73,11.80,11.68,25.18,-0.24,10.08,-1.61
13:32:50.960,330585,11.63,11.81,11.57,20.26,-0.08,9.49,-2.28
13:32:51.063,330688,11.63,11.81,11.57,20.26,-0.55,9.61,-1.77
13:32:51.164,330790,11.60,11.73,11.85,24.47,-0.12,9.77,-1.41
13:32:51.267,330892,11.64,11.77,11.63,24.47,-0.63,9.81,-1.61
13:32:51.370,330995,11.64,11.77,11.63,24.53,-0.67,9.89,-1.57
13:32:51.471,331097,11.67,11.75,11.58,11.67,-0.75,9.61,-1.96
13:32:51.575,331199,11.53,11.76,11.58,11.67,-0.75,9.57,-1.61
13:32:51.677,331302,11.53,11.76,11.58,12.05,-0.43,9.53,-1.65
13:32:51.779,331404,11.53,11.76,11.58,12.05,-0.67,9.85,-1.45
13:32:51.881,331506,11.53,11.76,11.58,12.05,-0.82,9.81,-1.29
13:32:51.983,331608,11.57,11.65,11.64,11.54,-1.10,9.73,-1.29
13:32:52.086,331711,11.55,11.68,11.56,11.54,-0.27,9.96,-0.98
13:32:52.187,331813,11.55,11.68,11.56,11.54,0.51,9.65,-0.43
13:32:52.289,331914,11.55,11.68,11.56,11.54,0.04,10.08,-0.08
13:32:52.392,332017,11.59,11.68,11.56,11.54,-0.43,10.00,0.27
13:32:52.494,332119,11.59,11.64,11.72,11.57,-0.27,10.40,1.10
13:32:52.597,332222,11.59,11.63,11.72,11.70,-0.12,10.51,1.29
13:32:52.699,332324,11.59,11.63,11.72,11.70,-0.27,11.02,1.77
13:32:52.801,332426,11.63,11.60,11.81,13.26,-0.20,10.47,1.73
13:32:52.903,332529,11.60,11.58,11.81,13.26,0.16,10.67,0.71
13:32:53.006,332631,11.60,11.58,11.76,11.57,-0.16,10.55,0.55
13:32:53.107,332733,11.65,11.59,11.82,11.59,-0.47,9.77,0.59
13:32:53.210,332835,11.65,11.59,11.82,11.59,0.04,10.24,0.24
13:32:53.312,332937,11.56,11.58,11.87,18.02,0.24,10.00,-0.24
13:32:53.415,333040,11.58,11.63,11.88,18.02,-0.20,10.08,-0.24
13:32:53.517,333143,11.58,11.63,11.88,11.71,0.00,9.65,-1.41
13:32:53.619,333244,11.49,11.49,11.91,11.70,-2.43,13.34,-0.82
13:32:53.721,333347,11.31,11.49,11.91,11.70,1.37,8.20,-1.45
13:32:53.824,333449,11.31,11.47,11.87,11.79,-3.14,7.06,0.39
13:32:53.926,333552,11.21,11.45,12.11,11.94,-0.94,12.00,-1.77
13:32:54.029,333654,11.21,11.45,12.11,11.94,-0.12,8.04,-1.02
13:32:54.131,333756,11.10,11.27,12.16,11.98,-0.94,9.26,-0.94
13:32:54.231,333857,11.04,11.26,12.16,11.98,-1.29,9.02,-0.71
13:32:54.334,333959,11.04,11.26,20.66,12.08,-1.18,10.59,-1.49
13:32:54.436,334061,11.10,11.19,14.74,12.14,-1.92,12.40,-2.04
13:32:54.538,334164,10.86,11.19,14.74,12.14,-0.31,8.32,-0.39
13:32:54.640,334266,10.86,10.98,15.06,12.23,0.12,9.96,-1.61
13:32:54.743,334368,11.12,10.83,12.55,12.37,-0.31,8.67,-1.45
13:32:54.846,334471,11.12,10.83,12.55,12.37,-0.08,8.00,-1.49
13:32:54.948,334573,11.28,10.71,21.00,12.48,-0.12,9.61,-1.02
13:32:55.048,334674,11.23,10.68,21.00,12.48,-0.75,10.83,-1.69
13:32:55.150,334775,11.23,10.68,12.73,12.59,-0.31,11.73,-2.12
13:32:55.251,334876,11.23,10.68,12.73,12.59,1.37,10.32,0.75
13:32:55.354,334979,11.23,10.68,12.73,12.59,-3.22,8.51,-0.20
13:32:55.456,335081,10.71,10.43,13.07,12.84,-0.20,10.94,0.08
13:32:55.558,335183,10.32,10.42,13.25,12.84,-1.26,7.34,0.12
13:32:55.660,335285,10.32,10.42,13.25,12.98,-0.39,10.04,-0.67
13:32:55.763,335388,10.00,10.32,13.22,13.08,-1.18,11.45,-1.77
13:32:55.865,335490,10.03,10.32,13.22,13.08,-0.31,11.92,-1.92
13:32:55.967,335592,10.03,10.14,13.46,13.23,-0.16,7.45,-0.71
13:32:56.070,335695,9.91,10.01,13.60,13.24,2.08,10.24,-1.18
13:32:56.172,335797,9.91,10.01,13.60,13.24,0.71,9.92,-0.43
13:32:56.274,335899,9.81,9.94,13.65,20.46,0.31,8.83,-0.04
13:32:56.376,336002,9.97,9.90,13.65,20.46,0.59,10.20,-0.59
13:32:56.479,336104,9.97,9.90,13.82,13.58,0.20,10.47,-1.92
13:32:56.581,336206,9.89,9.86,13.90,13.64,-0.82,12.36,-0.71
13:32:56.684,336309,9.89,9.86,13.90,13.64,0.35,8.32,0.59
13:32:56.785,336411,9.74,9.74,14.00,13.77,-2.39,10.16,0.00
13:32:56.888,336513,9.64,9.72,14.12,13.77,1.37,9.85,0.12
13:32:56.991,336616,9.64,9.72,14.12,13.86,-0.71,9.81,1.22
13:32:57.094,336719,9.52,9.74,14.17,19.23,-0.86,11.61,0.55
13:32:57.196,336822,9.57,9.74,14.17,19.23,-1.06,9.65,-0.75
13:32:57.299,336924,9.57,9.62,14.26,27.44,1.33,10.40,0.16
13:32:57.401,337026,9.59,9.57,14.31,22.25,-0.27,10.08,-0.20
13:32:57.504,337129,9.59,9.57,14.31,22.25,0.82,9.65,-0.90
13:32:57.605,337231,9.55,9.17,14.41,26.16,1.06,10.20,-0.31
13:32:57.706,337332,9.51,9.14,14.41,26.16,1.22,10.04,-0.39
13:32:57.809,337434,9.51,9.14,14.51,21.48,0.39,10.94,-0.71
13:32:57.911,337536,9.45,9.16,14.65,26.14,0.51,8.94,-1.14
13:32:58.013,337639,9.43,9.16,14.65,26.14,0.55,10.71,-0.90
13:32:58.115,337740,9.43,9.23,14.63,26.35,-0.31,9.18,-0.67
13:32:58.218,337843,9.35,9.15,14.58,26.35,-0.27,10.43,-0.51
13:32:58.321,337946,9.35,9.15,14.58,20.17,0.24,9.96,-0.63
13:32:58.422,338047,9.39,9.18,14.56,26.16,0.04,10.12,-0.63
13:32:58.525,338150,9.37,9.22,14.56,26.16,0.67,9.96,-0.75
13:32:58.627,338253,9.37,9.22,14.59,26.11,0.16,9.89,-1.41
13:32:58.730,338355,9.37,9.22,14.59,26.11,-0.20,9.69,-1.53
13:32:58.832,338457,9.37,9.22,14.59,26.11,-0.35,9.92,-1.77
13:32:58.934,338559,9.36,9.38,14.48,19.33,-0.43,9.61,-1.61
13:32:59.036,338661,9.34,9.38,14.48,19.33,0.08,9.96,-1.10
13:32:59.137,338763,9.34,9.38,14.48,14.22,0.08,9.96,-1.57
13:32:59.240,338865,9.34,9.38,14.44,14.18,0.27,10.16,-1.10
13:32:59.342,338967,9.35,9.38,14.44,14.18,0.43,9.89,-1.02
13:32:59.444,339070,9.35,9.51,14.42,14.14,-1.41,9.96,-1.37
13:32:59.547,339172,9.35,9.53,14.33,14.16,-0.08,10.28,-0.94
13:32:59.649,339275,9.35,9.53,14.33,14.16,-0.94,9.10,-0.98
13:32:59.751,339376,9.33,9.57,14.31,14.14,-0.82,10.40,-0.75
13:32:59.854,339479,9.32,9.51,14.31,14.14,-1.06,9.10,-1.18
13:32:59.956,339581,9.32,9.51,14.21,14.13,-1.06,9.49,-1.22
13:33:00.058,339683,9.28,9.54,14.20,14.18,-0.75,9.73,-1.41
13:33:00.161,339786,9.28,9.54,14.20,14.18,-1.53,12.40,-2.24
13:33:00.262,339888,9.25,9.62,14.14,14.31,1.65,9.06,-0.98
13:33:00.365,339990,9.05,9.63,14.18,14.31,2.31,9.22,1.57
13:33:00.468,340093,9.05,9.63,14.18,14.38,3.22,10.32,-2.12
13:33:00.570,340195,8.96,9.63,14.14,14.56,-0.12,8.55,-0.67
13:33:00.671,340297,8.96,9.63,14.14,14.56,0.94,8.75,-0.82
13:33:00.774,340398,8.96,9.63,14.09,14.53,1.18,10.16,-0.94
13:33:00.876,340501,8.89,9.77,14.09,14.58,1.14,12.94,-2.04
13:33:00.978,340603,8.89,9.77,14.09,14.58,0.71,12.67,-0.08
13:33:01.080,340705,8.83,9.97,14.00,14.61,-2.28,6.43,0.12
13:33:01.183,340808,8.74,10.00,13.92,14.61,0.59,12.55,-0.16
13:33:01.285,340910,8.74,10.00,13.92,14.71,0.08,7.81,-1.22
13:33:01.388,341012,8.67,10.10,13.83,14.75,-0.98,8.20,-1.18
13:33:01.490,341115,8.68,10.10,13.83,14.75,-0.04,11.45,-1.77
13:33:01.592,341217,8.68,10.27,13.74,14.85,-0.24,12.08,-3.53
13:33:01.694,341320,8.58,10.34,13.67,14.85,-0.31,6.04,-0.35
13:33:01.797,341422,8.58,10.34,13.67,14.85,3.80,10.24,-1.84
13:33:01.898,341524,8.49,10.50,13.80,15.02,0.63,8.36,-0.16
13:33:01.999,341625,8.33,10.52,13.80,15.02,1.65,8.63,-1.26
13:33:02.100,341726,8.33,10.52,13.61,15.01,0.55,10.20,-2.08
13:33:02.202,341827,8.33,10.52,13.61,15.01,0.12,11.38,-3.73
13:33:02.305,341930,8.33,10.52,13.61,15.01,1.96,12.63,0.00
13:33:02.407,342032,8.22,10.73,13.44,15.11,-0.63,7.06,0.39
13:33:02.509,342134,8.24,10.88,13.39,15.11,1.92,12.91,-0.51
13:33:02.612,342237,8.24,10.88,13.39,15.22,-0.39,8.20,-0.47
13:33:02.713,342339,8.18,11.03,13.39,15.30,-0.08,9.30,-0.39
13:33:02.816,342441,8.13,11.03,13.39,15.30,-0.39,11.10,-1.29
13:33:02.918,342543,8.13,11.10,13.38,15.36,-0.04,10.00,-1.37
13:33:03.020,342646,7.98,11.19,13.44,15.48,0.59,10.79,-0.78
13:33:03.123,342748,7.98,11.19,13.44,15.48,1.45,8.32,0.43
13:33:03.225,342850,7.94,11.19,13.52,15.62,3.30,10.63,0.12
13:33:03.327,342953,7.84,18.92,13.52,15.62,2.59,10.59,0.47
13:33:03.429,343055,7.84,18.92,13.46,15.73,2.39,10.08,0.27
13:33:03.531,343157,7.72,13.49,13.49,15.73,2.12,10.67,0.39
13:33:03.634,343260,7.72,13.49,13.49,15.73,2.00,10.32,0.20
13:33:03.737,343361,7.72,19.94,13.50,15.78,0.67,10.32,0.12
13:33:03.838,343463,7.72,19.94,13.50,15.78,2.00,10.20,-0.04
13:33:03.940,343565,7.72,19.94,13.50,15.78,1.26,10.36,-0.39
13:33:04.042,343667,7.79,26.66,13.47,15.80,0.86,9.92,-0.75
13:33:04.145,343770,7.75,26.66,13.47,15.80,0.51,10.04,-0.51
13:33:04.246,343872,7.75,26.66,13.52,15.74,1.02,9.92,-0.75
13:33:04.349,343974,7.82,16.18,7.75,15.73,0.90,9.81,-0.98
13:33:04.451,344077,7.82,16.18,7.75,15.73,1.02,9.92,-0.82
13:33:04.553,344179,7.72,13.95,13.47,15.76,0.59,10.08,-0.82
13:33:04.656,344281,7.73,16.06,13.47,15.76,1.02,10.08,-1.18
13:33:04.758,344383,7.73,16.06,13.47,15.76,2.00,8.71,-1.22
13:33:04.860,344485,7.71,11.51,13.45,15.76,1.88,10.20,-1.18
13:33:04.963,344588,7.72,11.51,13.45,15.76,1.80,8.90,-1.22
13:33:05.065,344690,7.72,23.00,13.51,15.65,2.67,9.89,-1.29
13:33:05.167,344793,7.73,22.45,13.35,15.55,2.20,9.96,-1.88
13:33:05.270,344895,7.73,22.45,13.35,15.55,1.80,12.04,-0.78
13:33:05.371,344997,7.86,17.22,13.28,15.47,1.69,9.96,-0.55
13:33:05.474,345099,7.86,17.22,13.28,15.47,-2.08,10.32,0.43
13:33:05.576,345201,7.86,17.22,13.28,15.47,1.96,8.43,-1.37
13:33:05.678,345303,7.86,17.22,13.28,15.47,-1.02,9.30,-1.61
13:33:05.780,345405,7.86,17.22,13.28,15.47,1.02,10.12,-1.18
13:33:05.882,345507,8.08,11.79,12.95,15.22,-0.75,8.39,-1.73
13:33:05.985,345610,8.26,11.81,12.94,15.22,-0.67,9.45,-1.53
13:33:06.087,345713,8.26,11.81,12.94,15.24,0.51,12.00,-1.96
13:33:06.189,345814,8.31,11.81,12.83,15.15,0.51,13.96,-2.31
13:33:06.291,345916,8.31,11.81,12.83,15.15,-2.16,4.67,-0.27
13:33:06.392,346018,8.31,11.81,12.78,14.96,4.82,8.79,-3.61
13:33:06.495,346120,10.22,12.02,12.47,14.91,2.08,8.08,-1.92
13:33:06.598,346223,10.22,12.02,12.47,14.91,2.51,9.34,-1.22
13:33:06.700,346325,21.95,12.15,12.39,14.88,0.59,10.79,-1.61
13:33:06.802,346427,22.76,12.20,12.30,14.88,2.39,10.00,-4.20
13:33:06.904,346529,22.76,12.20,12.30,14.74,3.33,12.98,-2.04
13:33:07.007,346632,22.02,12.31,12.13,14.55,-2.86,6.16,-0.16
13:33:07.109,346734,18.18,12.31,12.13,14.55,3.37,13.81,0.16
13:33:07.211,346836,18.18,12.37,12.06,14.46,1.45,8.04,-0.43
13:33:07.314,346939,8.98,12.49,11.95,14.37,0.43,9.61,-1.06
13:33:07.416,347041,8.98,12.49,11.95,14.37,0.27,10.71,-2.35
13:33:07.518,347143,9.15,12.56,11.87,14.31,1.14,10.63,-3.53
13:33:07.620,347245,9.30,12.63,11.87,14.31,3.30,7.77,-0.35
13:33:07.722,347348,9.30,12.63,11.66,14.19,3.80,9.53,-2.79
13:33:07.825,347450,23.29,12.70,11.48,14.14,1.65,7.96,-1.92
13:33:07.927,347552,23.29,12.70,11.48,14.14,1.49,8.71,-1.29
13:33:08.029,347654,24.11,12.82,11.38,14.06,2.51,10.00,-1.77
13:33:08.132,347757,23.38,12.94,11.28,14.06,1.53,10.51,-2.75
13:33:08.235,347860,23.38,12.94,11.28,13.91,2.79,12.71,-1.06
13:33:08.336,347961,16.47,12.95,11.11,13.78,-0.24,7.61,0.20
13:33:08.439,348064,25.01,12.95,11.11,13.78,1.29,12.08,-1.18
13:33:08.540,348166,25.01,13.04,11.11,13.65,0.82,8.75,-0.59
13:33:08.642,348267,25.01,13.15,11.11,13.65,0.71,10.16,-0.55
13:33:08.745,348370,25.01,13.15,11.11,13.65,0.67,9.65,-0.90
13:33:08.847,348472,10.14,13.14,10.91,13.60,0.75,10.55,-1.45
13:33:08.948,348573,10.23,13.25,10.91,13.60,1.96,9.30,-0.55
13:33:09.049,348674,10.23,13.25,10.83,13.56,2.12,10.08,-1.18
13:33:09.150,348775,10.23,13.25,10.83,13.56,2.04,10.28,-1.37
13:33:09.252,348878,10.23,13.25,10.83,13.56,2.39,9.89,-0.90
13:33:09.356,348981,10.23,13.38,10.65,13.47,2.31,9.49,-1.10
13:33:09.458,349084,10.23,13.36,10.69,13.47,1.80,10.63,-1.06
13:33:09.559,349185,10.23,13.36,10.69,13.46,1.53,9.14,-1.33
13:33:09.661,349286,10.34,13.35,10.62,13.49,1.73,9.96,-1.33
13:33:09.764,349389,10.42,13.35,10.62,13.49,1.65,10.00,-1.41
13:33:09.866,349491,10.42,13.35,10.61,13.44,1.22,9.65,-1.61
13:33:09.968,349593,10.43,13.39,10.58,13.47,1.18,9.61,-1.77
13:33:10.071,349696,10.43,13.39,10.58,13.47,1.18,9.85,-1.69
13:33:10.173,349798,10.41,13.44,10.66,13.44,1.14,9.65,-1.69
13:33:10.275,349900,10.40,13.44,10.60,13.44,1.26,9.81,-1.33
13:33:10.378,350003,10.40,13.44,10.60,13.41,1.53,9.85,-1.37
13:33:10.479,350105,10.39,13.41,10.61,13.47,1.22,9.61,-1.53
13:33:10.582,350207,10.43,13.41,10.61,13.47,1.10,10.00,-1.22
13:33:10.684,350309,10.43,13.43,10.61,13.46,1.80,9.53,-1.80
13:33:10.786,350412,10.45,13.46,10.62,13.44,1.92,9.26,-2.75
13:33:10.889,350514,10.45,13.46,10.62,13.44,1.14,8.79,-1.96
13:33:10.991,350616,10.51,13.49,10.62,13.44,1.73,9.22,-1.84
13:33:11.094,350719,10.51,13.56,10.62,13.44,1.84,9.69,-2.24
13:33:11.196,350821,10.51,13.56,10.54,13.39,2.00,9.38,-2.00
13:33:11.298,350923,10.50,13.58,10.40,13.36,2.75,10.12,-2.75
13:33:11.401,351026,10.65,13.58,10.40,13.36,3.53,12.24,-0.12
13:33:11.502,351127,10.65,13.62,10.36,13.21,-1.57,8.71,0.08
13:33:11.605,351230,10.73,13.70,10.17,13.09,2.59,10.83,-1.69
13:33:11.708,351333,10.73,13.70,10.17,13.09,-0.27,8.43,-1.10
13:33:11.811,351436,26.09,13.77,10.13,13.06,0.04,9.06,-1.77
13:33:11.914,351539,17.71,13.78,10.13,13.06,0.20,9.22,-2.94
13:33:12.016,351641,17.71,13.78,10.07,12.92,-0.51,11.77,-2.59
13:33:12.118,351743,26.35,13.87,9.95,12.78,1.33,12.47,-0.71
13:33:12.221,351846,26.35,13.87,9.95,12.78,0.90,9.65,-0.78
13:33:12.322,351948,26.35,14.08,9.78,12.77,-0.71,7.69,-2.04
13:33:12.425,352050,11.55,14.13,9.70,12.77,1.41,8.83,-2.35
13:33:12.527,352152,11.55,14.13,9.70,12.69,0.59,8.12,-1.92
13:33:12.629,352254,11.55,14.13,9.70,12.69,0.98,10.71,-3.18
13:33:12.732,352357,11.79,14.13,9.70,12.69,0.59,11.92,-2.90
13:33:12.834,352459,11.79,14.36,9.33,12.48,0.63,5.73,-1.57
13:33:12.936,352561,11.84,14.36,9.18,12.35,1.18,12.36,-2.35
13:33:13.038,352663,11.84,14.36,9.18,12.35,0.67,7.73,-1.73
13:33:13.139,352765,11.84,14.36,9.16,12.32,0.27,8.28,-1.57
13:33:13.242,352867,12.12,14.36,9.16,12.32,0.24,10.32,-2.90
13:33:13.344,352969,12.12,14.36,9.06,12.20,1.02,10.20,-4.51
13:33:13.446,353071,12.20,14.74,8.84,12.16,1.45,8.71,-0.78
13:33:13.549,353174,12.36,14.74,8.84,12.16,2.94,10.43,-2.24
13:33:13.651,353276,12.36,20.05,8.74,12.11,0.82,7.30,-2.55
13:33:13.753,353378,29.12,17.60,8.62,12.11,1.22,8.51,-2.16
13:33:13.856,353481,29.12,17.60,8.62,12.03,1.77,10.67,-1.77
13:33:13.958,353583,28.71,15.13,8.47,11.95,0.51,9.69,-3.10
13:33:14.061,353686,26.51,20.31,8.47,11.95,2.08,13.45,-1.49
13:33:14.162,353787,26.51,20.31,8.33,11.91,-0.12,6.71,-0.71
13:33:14.265,353890,27.02,20.32,8.20,11.86,0.86,11.81,-2.71
13:33:14.367,353992,27.02,20.32,8.20,11.86,0.08,7.85,-1.73
13:33:14.469,354094,26.74,20.47,8.15,11.78,0.35,9.81,-0.67
13:33:14.572,354197,29.07,20.53,8.04,11.78,0.86,9.92,-2.39
13:33:14.674,354299,29.07,20.53,8.04,11.80,2.59,10.98,-2.20
13:33:14.776,354401,27.99,17.16,7.98,11.64,0.71,9.34,-0.16
13:33:14.879,354504,26.10,17.16,7.98,11.64,2.51,9.06,-2.79
13:33:14.981,354606,26.10,15.66,8.05,11.68,1.80,9.57,-1.22
13:33:15.083,354708,30.43,15.71,7.92,11.62,2.67,9.92,-1.49
13:33:15.186,354811,30.43,15.71,7.92,11.62,1.84,9.77,-1.33
13:33:15.287,354913,26.29,15.70,7.97,11.60,1.69,9.61,-1.49
13:33:15.388,355014,21.74,15.79,7.97,11.60,1.29,9.89,-1.69
13:33:15.491,355116,21.74,15.79,7.91,11.59,1.61,9.81,-1.26
13:33:15.593,355218,21.12,15.75,7.88,11.58,1.33,9.85,-1.77
13:33:15.695,355320,21.12,15.75,7.88,11.58,1.37,9.81,-1.45
13:33:15.797,355422,30.56,15.76,7.91,11.58,1.33,9.81,-1.65
13:33:15.900,355525,29.53,15.79,7.90,11.58,1.65,9.81,-2.00
13:33:16.002,355627,29.53,15.79,7.90,11.58,1.29,9.61,-1.84
13:33:16.104,355729,29.53,15.79,7.90,11.58,1.65,9.73,-1.96
13:33:16.207,355832,29.53,15.78,7.90,11.58,1.22,9.61,-1.88
13:33:16.308,355934,29.53,15.78,7.86,11.60,1.14,9.89,-1.69
13:33:16.411,356036,29.19,15.77,7.89,11.58,1.26,9.49,-1.73
13:33:16.513,356139,29.19,15.77,7.89,11.58,1.53,9.41,-2.08
13:33:16.615,356241,28.77,15.75,7.76,11.56,1.92,9.38,-2.12
13:33:16.718,356343,29.34,15.76,7.84,11.56,2.12,9.81,-2.16
13:33:16.820,356445,29.34,15.76,7.84,11.52,1.88,9.57,-1.96
13:33:16.922,356547,13.21,15.76,7.75,11.47,1.14,9.92,-2.08
13:33:17.025,356650,13.21,15.76,7.75,11.47,1.18,9.38,-1.26
13:33:17.127,356752,13.21,15.75,7.91,11.45,0.24,9.89,-1.77
13:33:17.229,356855,13.11,15.69,7.92,11.46,1.18,10.12,-1.65
13:33:17.332,356957,13.11,15.69,7.92,11.46,-0.82,9.18,-1.29
13:33:17.434,357059,13.17,15.30,8.00,11.46,0.55,9.06,-1.92
13:33:17.534,357160,13.27,15.39,8.00,11.46,0.78,8.63,-2.51
13:33:17.637,357262,13.27,15.39,8.03,11.42,0.86,8.75,-2.47
13:33:17.739,357364,13.24,15.34,8.09,11.40,0.75,9.89,-2.94
13:33:17.841,357466,13.24,15.34,8.09,11.40,0.51,9.92,-3.33
13:33:17.943,357568,13.32,15.29,8.08,11.40,-0.16,9.49,-3.88
13:33:18.046,357671,13.36,15.31,8.06,11.40,2.47,7.49,-0.63
13:33:18.149,357774,13.36,15.31,8.06,11.30,4.63,9.45,-2.20
13:33:18.250,357875,13.46,15.27,8.14,11.20,1.06,8.71,-1.26
13:33:18.353,357978,13.44,15.17,8.14,11.20,2.28,8.04,-2.51
13:33:18.454,358080,13.44,15.17,8.14,11.00,1.10,9.18,-2.55
13:33:18.556,358182,13.44,15.14,8.14,10.91,1.18,10.12,-3.96
13:33:18.659,358284,13.44,15.14,8.14,10.91,1.84,10.32,-3.77
13:33:18.761,358386,13.61,15.09,8.29,10.80,4.24,8.12,0.31
13:33:18.863,358489,13.66,15.09,8.29,10.80,2.28,10.08,-3.41
13:33:18.965,358590,13.66,15.09,8.29,10.74,0.90,7.34,-2.59
13:33:19.068,358693,13.74,14.99,8.43,10.61,0.31,7.30,-1.92
13:33:19.171,358795,13.78,14.99,8.43,10.61,0.67,10.28,-3.33
13:33:19.272,358898,13.78,14.87,8.42,10.49,1.88,9.89,-4.59
13:33:19.375,359000,13.81,14.81,8.52,10.45,3.61,10.79,-1.26
13:33:19.477,359102,13.81,14.81,8.52,10.45,2.51,9.85,-2.20
13:33:19.579,359204,13.81,14.81,8.52,10.45,0.00,7.53,-2.75
13:33:19.682,359307,14.05,14.81,8.52,10.45,0.98,8.32,-2.31
13:33:19.784,359409,14.05,14.81,8.61,10.12,2.31,8.98,-1.84
13:33:19.886,359511,14.11,14.69,8.74,10.02,2.51,9.69,-2.82
13:33:19.989,359614,14.11,14.69,8.74,10.02,1.06,12.55,-3.33
13:33:20.090,359716,14.12,14.70,8.80,9.95,0.20,5.49,-2.04
13:33:20.194,359818,14.16,14.68,8.87,9.95,0.51,10.94,-2.94
13:33:20.296,359921,14.16,14.68,8.87,9.97,2.00,8.43,-1.96
13:33:20.397,360023,14.19,14.57,8.98,10.05,0.71,8.47,-1.53
13:33:20.501,360125,14.16,14.52,8.98,10.05,-0.08,10.32,-2.04
13:33:20.602,360227,14.16,14.52,9.02,9.81,1.06,9.89,-3.18
13:33:20.705,360330,14.09,14.49,9.01,9.74,1.77,9.26,-1.69
13:33:20.805,360431,14.09,14.49,9.01,9.74,2.28,9.53,-1.18
13:33:20.907,360532,14.31,14.54,9.07,9.57,1.77,9.34,-2.94
13:33:21.010,360635,14.34,14.56,9.13,9.57,2.08,9.06,-1.61
13:33:21.112,360737,14.34,14.56,9.13,9.51,2.55,8.87,-2.16
13:33:21.214,360839,14.38,14.58,9.13,10.29,2.39,10.04,-2.55
13:33:21.317,360942,14.39,14.58,9.13,10.29,1.92,8.94,-1.80
13:33:21.419,361044,14.39,14.54,9.15,9.46,1.65,9.73,-2.39
13:33:21.521,361146,14.36,14.46,9.16,9.46,1.41,9.38,-2.16
13:33:21.624,361249,14.36,14.46,9.16,9.43,1.41,9.49,-2.43
13:33:21.726,361351,14.44,14.47,9.20,9.42,1.53,9.41,-2.47
13:33:21.827,361452,14.44,14.45,9.20,9.42,1.77,9.34,-2.47
13:33:21.928,361553,14.44,14.45,9.18,9.43,0.94,9.38,-2.31
13:33:22.031,361656,14.47,14.45,9.16,9.46,1.10,9.18,-2.39
13:33:22.133,361758,14.47,14.45,9.16,9.46,1.26,9.49,-2.31
13:33:22.235,361860,14.39,14.45,9.18,9.45,1.14,9.41,-2.08
13:33:22.338,361963,14.42,14.49,9.19,9.45,1.69,9.77,-2.28
13:33:22.440,362065,14.42,14.49,9.19,9.46,1.41,8.87,-2.55
13:33:22.542,362167,14.44,14.44,9.18,9.38,2.12,10.16,-2.28
13:33:22.645,362270,14.40,14.44,9.18,9.38,1.06,8.71,-2.39
13:33:22.747,362372,14.40,14.40,9.23,9.25,1.57,9.14,-2.90
13:33:22.849,362474,14.41,14.40,9.24,9.27,1.53,8.87,-3.14
13:33:22.951,362576,14.41,14.40,9.24,9.27,0.78,8.75,-3.45
13:33:23.053,362678,14.41,14.40,9.24,9.27,1.06,9.53,-3.61
13:33:23.156,362781,14.49,14.34,9.24,9.27,3.02,12.40,-2.94
13:33:23.258,362883,14.49,14.34,9.35,9.28,-0.43,7.14,0.16
13:33:23.360,362985,14.60,14.31,9.47,9.22,1.92,10.04,-2.55
13:33:23.463,363088,14.55,14.31,9.47,9.22,1.96,8.12,-1.57
13:33:23.565,363190,14.55,14.21,9.52,9.06,1.22,9.14,-1.18
13:33:23.667,363292,14.53,14.15,9.67,9.06,1.06,10.12,-1.22
13:33:23.770,363395,14.53,14.15,9.67,8.97,0.86,10.55,-1.33
13:33:23.872,363497,14.61,14.03,9.74,8.89,1.14,11.41,-2.00
13:33:23.974,363600,14.65,14.06,9.74,8.89,3.06,8.87,0.47
13:33:24.076,363701,14.65,14.06,9.83,8.75,3.26,10.47,-1.10
13:33:24.179,363804,14.77,13.99,10.01,8.64,1.92,9.02,0.08
13:33:24.281,363906,14.77,13.99,10.01,8.64,2.20,8.90,-0.98
13:33:24.383,364008,14.77,13.93,10.10,8.55,2.94,10.16,-0.31
13:33:24.486,364111,14.73,13.89,18.66,8.55,1.96,10.90,-1.65
13:33:24.588,364213,14.73,13.89,18.66,8.50,1.80,13.10,-0.78
13:33:24.690,364315,14.79,13.82,10.23,8.57,0.27,6.67,0.78
13:33:24.793,364418,14.87,13.82,10.23,8.57,3.14,11.69,-1.14
13:33:24.895,364520,14.87,13.75,10.26,8.49,0.35,7.53,-0.39
13:33:24.997,364622,14.96,13.65,10.38,8.36,0.63,8.98,-0.98
13:33:25.100,364725,14.96,13.65,10.38,8.36,-0.35,10.04,-2.24
13:33:25.202,364826,14.96,13.57,10.53,8.24,1.18,10.59,-2.43
13:33:25.304,364929,14.96,13.52,10.53,8.24,2.43,12.47,-0.63
13:33:25.405,365031,14.96,13.52,10.61,8.07,2.75,9.53,-0.98
13:33:25.508,365133,14.96,13.55,10.74,7.79,-0.51,8.20,-0.39
13:33:25.608,365234,14.96,13.55,10.74,7.79,2.86,9.06,-1.18
13:33:25.711,365336,15.32,13.46,10.81,7.73,1.53,9.38,-1.65
13:33:25.813,365438,15.43,13.49,10.91,7.73,1.53,10.36,-1.65
13:33:25.916,365541,15.43,13.49,10.91,7.71,1.84,11.38,-2.47
13:33:26.019,365644,15.53,13.42,10.96,7.61,4.04,9.53,-1.49
13:33:26.122,365747,15.61,13.43,10.96,7.61,-0.67,9.57,-1.84
13:33:26.223,365849,15.61,13.43,11.14,7.61,1.65,8.28,-1.96
13:33:26.326,365951,15.61,13.43,11.14,7.61,1.10,8.59,-1.26
13:33:26.428,366053,15.61,13.43,11.14,7.61,1.37,10.36,-2.20
13:33:26.530,366155,15.61,13.43,11.14,7.61,1.45,9.49,-2.24
13:33:26.633,366258,15.94,13.36,13.36,7.61,3.26,13.42,-2.28
13:33:26.735,366360,15.94,13.36,13.36,7.31,0.78,7.06,0.90
13:33:26.837,366462,16.01,13.37,11.66,7.36,3.61,10.32,-2.86
13:33:26.939,366565,16.02,13.37,11.66,7.36,2.20,9.14,-0.98
13:33:27.042,366667,16.02,13.35,13.64,7.34,3.10,9.57,-1.96
13:33:27.144,366769,16.01,13.32,24.46,7.37,2.31,9.85,-2.08
13:33:27.247,366872,16.01,13.32,24.46,7.37,1.45,9.57,-1.33
13:33:27.348,366973,15.98,13.29,24.28,7.38,1.37,9.57,-2.04
13:33:27.451,367076,15.93,13.24,24.28,7.38,2.67,9.30,-2.20
13:33:27.553,367178,15.93,13.24,24.31,7.37,1.65,9.30,-2.82
13:33:27.655,367280,16.01,13.25,24.31,7.38,1.88,9.18,-2.35
13:33:27.758,367383,16.01,13.25,24.31,7.38,1.49,9.22,-2.63
13:33:27.860,367485,16.05,13.23,24.32,7.33,2.08,9.30,-2.63
13:33:27.963,367588,16.02,13.29,24.37,7.33,1.45,9.22,-2.51
13:33:28.065,367690,16.02,13.29,24.37,7.38,1.73,9.61,-2.20
13:33:28.167,367792,15.99,13.21,20.28,7.32,1.69,9.34,-2.47
13:33:28.270,367895,16.02,13.26,20.28,7.32,1.77,9.38,-2.47
13:33:28.372,367996,16.02,13.26,11.80,7.33,2.12,9.30,-2.51
13:33:28.474,368099,16.01,13.18,11.80,7.28,2.35,8.79,-2.16
13:33:28.576,368201,16.01,13.18,11.80,7.28,2.16,9.69,-2.12
13:33:28.678,368303,16.01,13.17,11.80,7.31,2.43,8.51,-3.80
13:33:28.781,368406,16.01,13.22,24.52,7.31,2.51,8.16,-3.30
13:33:28.883,368508,16.01,13.22,24.52,7.34,2.47,9.10,-3.14
13:33:28.986,368610,15.96,13.17,11.87,7.39,2.35,8.36,-3.06
13:33:29.088,368713,15.80,13.17,11.87,7.39,1.61,8.28,-3.41
13:33:29.190,368815,15.80,13.01,11.91,7.49,1.57,11.65,-4.39
13:33:29.292,368917,15.73,12.86,11.95,7.61,2.55,7.37,-1.92
13:33:29.395,369020,15.73,12.86,11.95,7.61,-0.27,9.41,-0.94
13:33:29.498,369123,15.64,12.71,11.88,7.66,2.67,9.10,-2.31
13:33:29.601,369226,15.52,12.68,11.88,7.66,1.37,9.38,-1.45
13:33:29.703,369328,15.52,12.68,11.96,7.82,0.55,8.94,-1.61
13:33:29.806,369430,15.37,12.59,12.07,7.92,0.63,8.71,-3.10
13:33:29.907,369532,15.37,12.59,12.07,7.92,0.86,10.16,-3.57
13:33:30.010,369635,15.37,12.59,12.07,7.92,3.06,12.51,-4.28
13:33:30.113,369738,15.34,12.31,12.37,8.05,1.10,5.81,-0.75
13:33:30.215,369840,15.34,12.31,12.37,8.05,3.84,8.79,-4.08
13:33:30.317,369942,15.23,12.16,12.45,8.59,3.22,7.96,-2.43
13:33:30.420,370045,15.17,12.11,12.45,8.59,1.18,8.83,-0.98
13:33:30.522,370147,15.17,12.11,12.48,8.31,1.53,10.40,-3.18
13:33:30.624,370249,15.12,11.96,12.71,22.80,1.45,9.10,-4.35
13:33:30.727,370351,15.12,11.96,12.71,22.80,1.96,11.65,-1.65
13:33:30.829,370453,14.99,11.75,15.34,22.95,-1.57,8.87,-1.45
13:33:30.931,370556,14.82,11.62,12.72,22.95,2.75,9.57,-2.12
13:33:31.034,370659,14.82,11.62,12.72,22.97,0.86,7.49,-1.33
13:33:31.135,370760,14.75,11.44,12.81,21.59,0.00,9.89,-2.82
13:33:31.238,370863,14.64,11.44,12.81,21.59,1.80,10.16,-4.59
13:33:31.340,370965,14.64,11.42,12.97,8.96,2.55,12.71,-2.31
13:33:31.442,371067,14.41,11.20,13.07,21.58,2.43,8.87,-2.63
13:33:31.545,371170,14.41,11.20,13.07,21.58,1.77,7.96,-2.79
13:33:31.647,371272,14.42,11.16,13.22,10.77,1.57,8.36,-2.12
13:33:31.748,371373,14.36,11.15,13.22,10.77,1.73,8.55,-2.59
13:33:31.850,371475,14.36,11.15,15.73,9.49,2.24,9.61,-3.33
13:33:31.952,371577,14.24,10.98,16.93,9.59,1.96,13.96,-3.57
13:33:32.055,371680,14.13,10.98,16.93,9.59,-2.35,5.06,0.08
13:33:32.157,371782,14.13,10.78,15.18,9.65,5.81,11.65,-3.26
13:33:32.259,371884,14.02,10.77,13.32,23.31,0.67,7.26,-1.92
13:33:32.362,371987,14.02,10.77,13.32,23.31,0.94,9.41,-2.67
13:33:32.464,372088,13.96,10.67,13.32,21.89,-0.04,9.38,-4.20
13:33:32.566,372191,13.90,10.53,13.32,21.89,2.24,10.20,-2.98
13:33:32.669,372293,13.90,10.53,13.53,18.32,2.67,8.98,-2.04
13:33:32.771,372396,13.80,10.41,13.55,10.06,1.26,8.28,-3.41
13:33:32.874,372498,13.80,10.41,13.55,10.06,2.67,9.10,-2.94
13:33:32.975,372600,13.75,10.37,13.68,18.27,1.53,8.51,-2.43
13:33:33.078,372703,13.74,10.30,13.78,18.27,2.59,9.02,-2.47
13:33:33.179,372804,13.74,10.30,13.78,10.21,2.51,9.77,-2.63
13:33:33.280,372905,13.70,10.27,13.87,16.91,1.92,8.75,-2.39
13:33:33.382,373007,13.70,10.27,13.87,16.91,1.53,9.57,-2.90
13:33:33.485,373110,13.70,10.27,13.87,16.91,1.61,8.43,-2.67
13:33:33.588,373212,13.63,10.22,13.98,10.25,1.49,9.10,-3.26
13:33:33.690,373315,13.63,10.22,13.98,10.25,1.88,9.02,-2.75
13:33:33.791,373417,13.61,10.19,13.81,10.30,1.37,9.26,-3.02
13:33:33.893,373518,13.59,10.15,13.81,10.30,1.57,8.94,-2.90
13:33:33.995,373620,13.59,10.15,13.83,10.30,1.65,9.34,-2.67
13:33:34.097,373722,13.61,10.17,13.87,10.28,2.24,9.49,-2.43
13:33:34.200,373824,13.61,10.17,13.87,10.28,1.69,9.26,-2.47
13:33:34.302,373926,13.58,10.12,13.82,18.29,1.80,9.38,-2.43
13:33:34.404,374029,13.61,10.13,13.76,18.29,1.77,9.26,-2.59
13:33:34.507,374132,13.61,10.13,13.76,16.87,1.45,9.38,-2.71
13:33:34.609,374233,13.60,10.17,13.80,23.45,1.45,9.22,-2.59
13:33:34.712,374336,13.60,10.13,13.80,23.45,1.22,9.34,-2.55
13:33:34.813,374438,13.60,10.13,13.77,16.86,0.71,9.49,-2.55
13:33:34.916,374540,13.57,10.13,13.90,23.48,1.14,8.94,-3.10
13:33:35.018,374643,13.57,10.13,13.90,23.48,2.28,8.39,-2.47
13:33:35.120,374745,13.62,10.06,19.70,23.52,3.41,9.18,-2.79
13:33:35.223,374847,13.64,10.10,16.47,23.52,2.55,9.30,-2.86
13:33:35.324,374949,13.64,10.10,16.47,23.60,1.77,8.87,-2.59
13:33:35.427,375052,13.63,10.04,13.96,11.72,2.59,9.14,-3.02
13:33:35.528,375153,13.59,10.04,13.96,11.72,1.84,7.61,-2.98
13:33:35.630,375255,13.59,10.06,13.95,11.82,2.12,9.10,-4.43
13:33:35.733,375357,13.51,10.02,14.02,10.55,2.51,10.90,-3.92
13:33:35.835,375460,13.51,10.02,14.02,10.55,3.10,10.12,-3.02
13:33:35.937,375561,13.39,9.83,14.11,17.20,-0.59,8.00,-0.86
13:33:36.039,375664,13.28,9.71,14.11,17.20,2.20,10.36,-4.20
13:33:36.141,375766,13.28,9.71,14.27,10.78,0.86,6.35,-3.65
13:33:36.244,375868,13.17,9.51,14.35,23.90,1.45,7.92,-3.73
13:33:36.346,375971,13.17,9.51,14.35,23.90,2.39,9.53,-3.88
13:33:36.448,376073,13.05,9.37,26.00,24.12,2.04,9.96,-4.63
13:33:36.551,376175,12.96,9.21,20.23,24.12,4.86,10.12,-0.82
13:33:36.653,376278,12.96,9.21,20.23,12.59,4.31,9.30,-3.06
13:33:36.755,376380,12.89,9.15,20.95,11.38,1.45,6.94,-2.16
13:33:36.856,376482,12.89,9.15,20.95,11.38,2.67,7.65,-2.71
13:33:36.958,376583,12.89,9.15,20.95,11.38,3.37,10.40,-3.53
13:33:37.061,376685,12.79,8.95,14.92,19.43,2.12,8.08,-5.18
13:33:37.163,376788,12.79,8.95,14.92,19.43,4.51,10.90,-1.33
13:33:37.264,376889,12.62,8.77,21.14,13.30,-0.63,7.96,-2.67
13:33:37.367,376992,12.48,8.60,21.14,13.30,3.53,8.51,-2.43
13:33:37.469,377094,12.48,8.60,20.54,13.30,1.65,8.08,-1.26
13:33:37.571,377196,12.48,8.60,20.54,13.30,3.02,10.12,-2.04
13:33:37.673,377298,12.48,8.60,20.54,13.30,3.30,10.32,-2.55
13:33:37.775,377400,12.35,8.34,23.90,24.23,4.75,12.47,-1.45
13:33:37.878,377503,12.32,8.26,19.23,24.23,1.69,9.26,-2.71
13:33:37.981,377606,12.32,8.26,19.23,12.28,0.75,7.57,-1.49
13:33:38.083,377707,12.25,8.16,15.64,12.54,2.59,8.36,-2.47
13:33:38.185,377810,12.20,8.08,15.64,12.54,2.55,9.53,-2.35
13:33:38.287,377912,12.20,8.08,15.66,12.58,2.24,9.26,-3.45
13:33:38.389,378014,12.13,7.98,15.81,23.43,3.69,12.47,-2.47
13:33:38.492,378117,12.13,7.98,15.81,23.43,-0.82,6.59,-0.82
13:33:38.594,378219,12.05,7.87,19.97,25.57,5.26,11.02,-3.02
13:33:38.696,378321,12.00,7.71,23.38,25.57,1.45,7.77,-1.26
13:33:38.799,378423,12.00,7.71,23.38,20.85,1.73,9.89,-1.96
13:33:38.901,378526,11.92,7.65,25.05,28.83,2.39,10.43,-2.75
13:33:39.003,378628,11.88,7.65,25.05,28.83,4.12,9.14,-0.75
13:33:39.105,378730,11.88,7.54,20.07,24.05,4.47,9.41,-1.80
13:33:39.208,378833,11.80,7.53,16.27,25.15,3.26,9.53,-1.45
13:33:39.310,378935,11.80,7.53,16.27,25.15,3.18,9.38,-0.98
13:33:39.412,379037,11.75,7.25,16.22,25.69,3.96,8.79,-2.39
13:33:39.514,379139,11.75,7.25,16.22,25.69,3.02,8.75,-2.16
13:33:39.616,379241,11.75,7.25,16.22,25.69,3.30,8.79,-2.47
13:33:39.718,379343,11.75,7.67,16.17,23.82,3.30,9.30,-2.43
13:33:39.819,379444,11.75,7.67,16.17,23.82,2.59,8.47,-2.55
13:33:39.921,379546,11.75,7.29,16.20,25.06,3.14,9.57,-2.24
13:33:40.023,379648,11.75,7.90,16.33,25.06,2.98,9.38,-2.28
13:33:40.126,379751,11.75,7.90,16.33,25.11,2.90,8.98,-2.43
13:33:40.227,379852,11.73,7.72,16.30,25.01,2.79,9.06,-2.43
13:33:40.329,379954,11.73,7.72,16.30,25.01,2.90,9.02,-2.47
13:33:40.432,380057,11.73,7.72,16.30,25.01,2.90,9.06,-2.39
13:33:40.535,380160,11.77,7.63,16.34,24.93,2.94,8.75,-2.82
13:33:40.637,380262,11.77,7.63,16.34,24.93,2.82,9.02,-2.51
13:33:40.739,380364,11.77,7.65,16.31,25.07,2.79,8.83,-2.47
13:33:40.840,380465,11.80,7.58,16.31,25.07,3.14,9.18,-2.35
13:33:40.942,380567,11.80,7.58,16.30,25.13,2.94,8.47,-3.22
13:33:41.044,380669,11.74,7.51,16.34,25.23,3.37,9.34,-1.80
13:33:41.147,380772,11.81,7.51,16.34,25.23,4.31,8.51,-1.77
13:33:41.249,380874,11.81,7.47,16.05,24.98,4.86,9.30,-2.86
13:33:41.351,380976,11.73,7.65,16.75,24.98,3.53,8.55,-1.80
13:33:41.454,381079,11.73,7.65,16.75,24.93,3.41,9.45,-2.24
13:33:41.556,381181,11.73,7.55,16.31,24.96,2.51,8.63,-2.75
13:33:41.657,381282,11.54,7.41,16.31,24.96,3.65,9.45,-2.82
13:33:41.759,381383,11.54,7.41,15.99,13.42,3.26,12.36,-1.41
13:33:41.861,381486,11.49,7.47,15.99,13.24,1.10,7.26,0.78
13:33:41.963,381588,11.49,7.47,15.99,13.24,2.90,11.61,-3.30
13:33:42.064,381689,11.49,7.62,15.99,13.43,1.33,7.14,-2.20
13:33:42.167,381792,11.36,7.67,15.68,13.43,1.92,9.45,-1.57
13:33:42.269,381894,11.36,7.67,15.68,13.29,2.08,8.75,-1.92
13:33:42.371,381996,11.27,7.61,15.61,13.24,1.26,9.49,-1.84
13:33:42.474,382099,11.12,7.61,15.61,13.24,3.26,11.45,-3.84
13:33:42.576,382201,11.12,7.65,15.48,13.27,7.10,11.61,0.20
13:33:42.678,382303,11.04,7.76,15.51,13.41,6.55,8.67,-2.59
13:33:42.781,382406,11.04,7.76,15.51,13.41,-0.08,6.43,-2.08
13:33:42.882,382507,11.32,7.93,15.50,13.32,6.55,9.18,1.57
13:33:42.986,382610,10.69,7.92,15.50,13.32,2.31,10.04,-0.78
13:33:43.087,382712,10.69,7.92,15.38,13.34,4.98,9.61,-3.57
13:33:43.190,382814,10.58,8.05,15.27,13.43,7.26,10.12,-0.39
13:33:43.292,382917,10.58,8.05,15.27,13.43,-2.43,10.63,-1.10
13:33:43.394,383019,10.78,8.35,15.17,13.37,3.26,6.83,-3.30
13:33:43.497,383121,10.62,8.43,15.03,13.37,1.10,8.00,-1.77
13:33:43.599,383224,10.62,8.43,15.03,13.59,0.71,10.98,-2.79
13:33:43.701,383326,10.44,8.48,14.95,13.81,0.00,10.28,-4.39
13:33:43.804,383429,10.44,8.48,14.95,13.81,-1.29,7.69,-2.04
13:33:43.907,383532,10.44,8.48,14.95,13.81,2.79,7.77,-2.31
13:33:44.010,383635,10.18,8.58,14.75,13.92,2.08,7.77,-2.35
13:33:44.112,383737,10.18,8.58,14.75,13.92,2.24,7.88,-3.33
13:33:44.215,383839,10.07,8.65,14.76,14.08,1.84,10.32,-3.92
13:33:44.317,383941,10.07,8.72,14.66,14.08,0.94,11.14,-4.82
13:33:44.418,384043,10.07,8.72,14.66,14.04,1.80,6.08,-1.92
13:33:44.521,384146,9.89,8.93,14.56,14.09,1.33,11.02,-4.00
13:33:44.623,384248,9.82,8.93,14.56,14.09,1.22,7.26,-2.59
13:33:44.726,384350,9.82,8.91,14.55,14.24,-0.12,8.87,-1.77
13:33:44.828,384453,9.69,9.05,14.52,14.23,1.92,9.22,-3.02
13:33:44.930,384555,9.69,9.05,14.52,14.23,1.41,9.14,-3.53
13:33:45.032,384657,9.63,9.20,14.46,14.34,4.35,10.00,-1.77
13:33:45.135,384760,9.60,9.17,14.46,14.34,3.18,9.61,-0.63
13:33:45.237,384862,9.60,9.17,14.44,14.38,3.37,9.34,-2.67
13:33:45.339,384964,9.42,9.17,14.54,14.42,2.79,8.63,-2.08
13:33:45.442,385066,9.42,9.17,14.54,14.42,4.08,9.06,-2.28
13:33:45.544,385169,9.34,9.16,14.51,14.38,2.71,9.41,-2.55
13:33:45.646,385271,9.33,9.17,14.47,14.38,1.37,8.08,-2.55
13:33:45.749,385374,9.33,9.17,14.47,14.42,2.43,9.30,-2.86
13:33:45.851,385475,9.40,9.19,14.42,14.35,2.63,9.22,-2.51
13:33:45.953,385578,9.42,9.21,14.42,14.35,2.20,8.87,-2.82
13:33:46.055,385680,9.42,9.21,14.36,14.40,2.55,9.06,-2.86
13:33:46.157,385782,9.40,9.24,14.36,14.39,2.43,8.90,-2.71
13:33:46.260,385885,9.40,9.24,14.36,14.39,2.86,9.02,-2.94
13:33:46.362,385987,9.41,9.24,14.34,14.40,2.55,9.18,-2.67
13:33:46.465,386089,9.41,9.25,14.33,14.40,2.55,8.87,-2.98
13:33:46.566,386191,9.41,9.25,14.33,14.38,2.55,8.87,-2.94
13:33:46.669,386294,9.39,9.22,14.33,14.40,2.35,8.87,-3.02
13:33:46.771,386396,9.42,9.22,14.33,14.40,2.08,8.75,-3.18
13:33:46.874,386498,9.42,9.23,14.34,14.36,2.12,8.75,-2.94
13:33:46.976,386601,9.42,9.23,14.35,14.40,2.47,8.87,-2.90
13:33:47.078,386703,9.42,9.23,14.35,14.40,2.39,8.98,-2.75
13:33:47.180,386805,9.42,9.25,14.33,14.37,2.39,8.94,-2.86
13:33:47.282,386907,9.42,9.25,14.33,14.37,2.51,8.90,-2.90
13:33:47.383,387008,9.42,9.25,14.33,14.37,2.31,8.98,-2.79
13:33:47.485,387110,9.41,9.26,14.33,14.42,2.79,9.06,-2.59
13:33:47.588,387213,9.41,9.26,14.33,14.42,2.43,9.18,-2.71
13:33:47.690,387315,9.39,9.26,14.34,14.39,2.55,9.02,-2.63
13:33:47.793,387418,9.41,9.24,14.26,14.39,2.51,9.10,-2.63
13:33:47.895,387520,9.41,9.24,14.26,14.43,2.59,9.02,-2.79
13:33:47.997,387622,9.41,9.26,14.28,14.43,2.51,9.06,-2.71
13:33:48.100,387725,9.40,9.30,14.28,14.43,2.51,9.02,-2.71
13:33:48.202,387826,9.40,9.30,14.28,14.46,2.55,8.98,-2.79
13:33:48.304,387929,9.41,9.27,14.35,14.43,2.47,8.87,-2.79
13:33:48.407,388031,9.41,9.27,14.35,14.43,2.16,8.94,-2.67
13:33:48.509,388134,9.41,9.26,14.31,14.39,1.88,9.26,-2.82
13:33:48.611,388236,9.41,9.29,14.30,14.39,1.96,9.02,-2.79
13:33:48.713,388338,9.41,9.29,14.30,14.38,3.10,8.55,-2.39
13:33:48.815,388440,9.37,9.25,14.34,14.41,5.41,9.77,-3.92
13:33:48.918,388543,9.32,9.25,14.34,14.41,2.94,8.43,-2.63
13:33:49.020,388645,9.32,9.28,14.34,14.46,3.14,8.51,-2.71
13:33:49.122,388747,9.24,9.27,14.37,14.70,3.57,8.43,-3.41
13:33:49.225,388850,9.24,9.27,14.37,14.70,2.20,8.16,-3.37
13:33:49.328,388953,9.16,9.34,14.39,14.72,3.18,9.41,-5.06
13:33:49.431,389056,9.07,9.42,14.39,14.72,4.12,11.18,-3.61
13:33:49.533,389158,9.07,9.42,14.21,14.59,0.12,6.63,-0.75
13:33:49.635,389260,9.04,9.51,14.17,14.68,2.43,10.36,-3.80
13:33:49.738,389363,8.93,9.51,14.17,14.68,2.20,7.37,-2.43
13:33:49.840,389465,8.93,9.67,14.14,14.70,1.18,7.77,-2.71
13:33:49.941,389566,8.90,9.73,14.06,14.70,1.33,8.90,-4.00
13:33:50.043,389668,8.90,9.73,14.06,14.76,3.73,10.79,-4.35
13:33:50.145,389770,8.80,9.82,14.02,14.80,3.49,12.32,-2.16
13:33:50.248,389873,8.73,9.96,14.02,14.80,2.16,8.28,-2.28
13:33:50.350,389974,8.73,9.96,14.00,14.89,0.98,7.10,-2.20
13:33:50.452,390077,8.62,10.05,13.92,14.94,2.67,7.30,-3.41
13:33:50.555,390179,8.62,10.05,13.92,14.94,0.75,7.73,-2.67
13:33:50.657,390281,8.50,10.12,13.87,15.06,3.06,10.32,-4.20
13:33:50.758,390383,8.50,10.12,13.87,15.06,2.55,12.36,-4.08
13:33:50.859,390484,8.50,10.12,13.87,15.06,-1.29,5.77,-1.65
13:33:50.962,390587,8.43,10.49,13.86,15.26,5.10,10.24,-3.45
13:33:51.064,390689,8.39,10.49,13.86,15.26,1.96,7.73,-2.08
13:33:51.167,390791,8.39,10.48,13.78,15.42,1.65,7.92,-3.53
13:33:51.269,390894,8.28,10.61,13.69,15.39,2.86,10.32,-5.10
13:33:51.372,390996,8.28,10.61,13.69,15.39,2.16,10.94,-5.02
13:33:51.474,391098,8.19,10.73,13.77,15.45,-1.26,6.71,-1.02
13:33:51.576,391201,8.16,17.63,13.77,15.45,5.84,8.28,-4.47
13:33:51.678,391303,8.16,17.63,13.75,15.55,3.02,8.59,-2.43
13:33:51.780,391405,8.17,23.71,13.67,15.65,3.22,8.51,-2.31
13:33:51.883,391508,8.17,23.71,13.67,15.65,3.33,9.30,-3.92
13:33:51.985,391610,8.05,20.17,13.61,15.64,2.71,8.16,-3.80
13:33:52.087,391712,8.05,25.45,13.56,15.64,5.30,10.79,-1.84
13:33:52.190,391815,8.05,25.45,13.56,15.74,1.18,8.87,-2.31
13:33:52.292,391917,8.07,25.01,13.62,15.67,3.96,9.26,-3.30
13:33:52.393,392018,8.01,11.32,13.62,15.67,1.18,8.67,-1.33
13:33:52.495,392119,8.01,11.32,13.45,15.73,2.20,11.06,-1.57
13:33:52.597,392222,7.95,11.35,13.39,15.78,2.82,7.65,-3.84
13:33:52.700,392324,7.95,11.35,13.39,15.78,2.51,9.81,-2.79
13:33:52.801,392426,7.91,23.52,13.57,15.79,1.65,7.81,-2.47
13:33:52.904,392529,7.80,23.89,13.67,15.79,3.06,9.30,-2.94
13:33:53.006,392631,7.80,23.89,13.67,15.85,2.47,8.43,-2.67
13:33:53.108,392733,7.78,14.39,13.65,16.06,2.82,9.06,-2.82
13:33:53.211,392836,7.72,14.39,13.65,16.06,3.02,8.87,-2.90
13:33:53.313,392938,7.72,23.28,13.56,16.12,2.94,8.90,-2.43
13:33:53.416,393040,7.78,22.99,13.59,16.13,3.06,9.02,-2.51
13:33:53.518,393143,7.78,22.99,13.59,16.13,3.26,8.67,-2.63
13:33:53.620,393245,7.74,21.08,13.57,16.11,3.77,8.87,-3.06
13:33:53.721,393346,7.65,23.07,13.57,16.11,3.77,8.16,-2.86
13:33:53.823,393447,7.65,23.07,13.49,16.14,4.24,9.14,-3.92
13:33:53.925,393550,7.53,22.16,13.41,15.79,3.14,7.81,-2.86
13:33:54.028,393652,7.53,22.16,13.41,15.79,4.43,7.77,-3.65
13:33:54.129,393754,7.67,19.53,13.36,15.66,3.61,8.36,-3.18
13:33:54.231,393856,7.67,19.53,13.36,15.66,3.30,8.55,-4.08
13:33:54.333,393957,7.67,19.53,13.36,15.66,2.55,11.26,-4.16
13:33:54.435,394059,7.76,11.66,13.36,15.41,1.22,7.26,-1.41
13:33:54.537,394161,7.76,11.66,13.36,15.41,2.94,10.63,-3.26
13:33:54.639,394263,7.76,11.66,13.36,15.30,2.59,7.53,-2.75
13:33:54.741,394366,8.04,12.16,12.78,15.21,0.08,8.32,-2.35
13:33:54.844,394468,8.04,12.16,12.78,15.21,1.49,9.02,-2.16
13:33:54.945,394570,8.14,11.99,12.76,15.22,1.10,9.18,-3.10
13:33:55.048,394673,8.28,11.95,12.76,15.22,2.12,10.90,-4.28
13:33:55.150,394775,8.28,11.95,12.62,15.08,3.30,11.81,-1.37
13:33:55.252,394877,8.51,12.05,12.43,14.93,2.55,9.41,-2.71
13:33:55.355,394979,8.51,12.05,12.43,14.93,0.12,5.96,-2.43
13:33:55.457,395081,8.72,12.16,12.27,14.90,2.16,7.22,-2.90
13:33:55.559,395184,8.78,12.28,12.20,14.90,1.84,8.87,-3.41
13:33:55.662,395287,8.78,12.28,12.20,14.68,2.63,9.57,-4.51
13:33:55.764,395388,8.93,12.35,12.07,14.62,2.98,12.83,-2.59
13:33:55.866,395491,19.79,12.35,12.07,14.62,-2.31,8.67,-1.41
13:33:55.968,395593,19.79,12.35,11.85,14.48,2.67,7.06,-2.47
13:33:56.071,395695,10.74,12.55,11.80,14.35,0.00,8.32,-2.24
13:33:56.174,395798,10.74,12.55,11.80,14.35,0.35,10.43,-2.08
13:33:56.275,395900,9.18,12.69,11.65,14.23,1.06,10.28,-2.79
13:33:56.378,396002,9.38,12.82,11.54,14.23,3.49,14.08,-2.12
13:33:56.480,396104,9.38,12.82,11.54,14.19,0.27,7.61,-0.75
13:33:56.582,396207,9.35,13.01,11.38,14.14,1.53,8.28,-1.02
13:33:56.685,396309,9.56,13.01,11.38,14.14,1.22,8.71,-2.28
13:33:56.787,396411,9.56,13.09,11.28,14.10,1.37,9.69,-1.88
13:33:56.889,396514,9.76,13.18,11.13,13.99,2.16,10.36,-3.14
13:33:56.992,396616,9.76,13.18,11.13,13.99,1.02,13.65,-2.20
13:33:57.094,396718,9.93,13.34,11.04,13.86,-3.06,6.63,-1.57
13:33:57.196,396821,10.05,14.59,11.04,13.86,3.06,9.34,-3.53
13:33:57.298,396923,10.05,14.59,10.75,13.86,0.20,7.57,-2.31
13:33:57.402,397026,10.05,14.59,10.75,13.86,0.20,8.51,-3.02
13:33:57.504,397129,26.68,14.59,10.75,13.86,0.63,11.38,-4.04
13:33:57.608,397232,26.68,20.24,10.47,13.53,1.53,14.00,-1.84
13:33:57.709,397334,26.68,20.24,10.47,13.53,-1.53,8.79,-2.43
13:33:57.811,397436,26.68,20.24,10.47,13.53,0.43,6.83,-2.71
13:33:57.913,397538,10.73,18.33,10.02,13.38,0.94,7.88,-2.16
13:33:58.016,397641,10.71,19.47,10.02,13.38,1.96,9.30,-2.35
13:33:58.118,397742,10.71,19.47,9.92,13.24,2.43,10.47,-3.88
13:33:58.220,397845,10.93,18.41,9.75,13.24,3.14,11.92,-1.14
13:33:58.323,397947,10.93,18.41,9.75,13.24,-2.55,9.45,-0.55
13:33:58.425,398049,11.08,19.64,9.72,13.09,2.86,7.81,-1.77
13:33:58.527,398152,25.52,19.71,9.56,13.09,0.90,7.85,-1.37
13:33:58.629,398254,25.52,19.71,9.56,12.95,0.67,9.92,-2.43
13:33:58.732,398356,11.58,20.79,9.29,12.82,4.00,10.04,-5.18
13:33:58.834,398459,13.40,20.79,9.29,12.82,5.14,9.69,0.90
13:33:58.936,398561,13.40,21.54,9.16,12.80,6.83,9.38,-2.20
13:33:59.039,398663,29.11,19.10,8.91,12.64,1.37,7.18,-1.02
13:33:59.141,398766,29.11,19.10,8.91,12.64,3.18,8.08,-2.59
13:33:59.243,398868,13.71,16.55,8.80,12.52,1.96,10.16,-3.69
13:33:59.344,398969,27.45,15.08,8.80,12.52,2.43,12.36,-3.61
13:33:59.446,399071,27.45,15.08,8.76,12.51,-2.43,6.43,-2.35
13:33:59.548,399173,28.52,15.06,8.50,12.30,7.57,9.92,-3.53
13:33:59.651,399275,28.52,15.06,8.50,12.30,0.94,8.00,-1.37
13:33:59.753,399377,26.08,15.18,8.49,12.27,1.22,7.77,-3.10
13:33:59.855,399480,28.59,15.30,8.49,12.27,2.39,10.20,-4.59
13:33:59.958,399583,28.59,15.30,8.49,12.15,4.00,13.49,-1.37
13:34:00.060,399684,25.71,15.60,8.35,12.03,2.00,8.90,-2.39
13:34:00.162,399786,-230.07,15.60,8.35,12.03,2.00,7.10,-1.69
13:34:00.264,399889,-230.07,15.56,8.17,11.90,2.04,8.00,-2.20
13:34:00.366,399991,28.35,15.56,8.16,11.66,2.55,9.10,-2.59
13:34:00.469,400094,28.35,15.56,8.16,11.66,4.31,9.38,-4.28
13:34:00.571,400195,18.33,15.58,8.13,11.55,2.90,12.20,-0.39
13:34:00.674,400298,13.22,15.40,8.31,11.55,-1.14,9.26,-1.45
13:34:00.776,400400,13.22,15.40,8.31,11.38,2.59,7.65,-2.24
13:34:00.877,400502,13.24,15.41,8.00,11.13,1.29,9.45,-0.94
13:34:00.980,400605,13.47,15.41,8.00,11.13,2.67,8.55,-2.75
13:34:01.083,400708,13.47,15.20,8.15,11.17,1.26,9.77,-3.53
13:34:01.185,400810,13.47,15.20,8.15,11.17,1.41,9.45,-3.53
13:34:01.287,400912,13.47,15.20,8.15,11.17,5.18,11.53,0.20
13:34:01.389,401014,13.56,15.21,8.19,10.77,4.94,8.51,0.24
13:34:01.490,401115,13.75,15.18,8.19,10.77,2.79,7.85,-1.73
13:34:01.592,401216,13.75,15.18,8.15,10.85,3.88,8.16,-1.96
13:34:01.694,401319,13.80,15.12,8.25,10.71,2.94,11.38,-2.98
13:34:01.797,401421,13.80,15.12,8.25,10.71,1.77,11.81,-3.22
13:34:01.899,401523,13.70,15.04,8.28,10.56,-2.55,6.86,-2.55
13:34:02.001,401626,13.86,14.95,8.40,10.56,5.53,10.43,-2.39
13:34:02.103,401728,13.86,14.95,8.40,10.39,0.86,6.71,-2.00
13:34:02.206,401830,13.97,14.89,8.49,10.30,-0.12,7.61,-2.35
13:34:02.308,401933,14.12,14.89,8.49,10.30,4.31,9.92,-6.90
13:34:02.410,402035,14.12,14.88,8.56,10.24,5.06,12.08,-1.65
13:34:02.513,402137,14.20,14.78,8.62,10.00,7.22,10.12,-2.98
13:34:02.615,402240,14.20,14.78,8.62,10.00,2.16,6.04,-2.24
13:34:02.717,402341,14.29,14.81,8.81,9.74,3.92,7.61,-2.47
13:34:02.819,402444,14.33,14.69,8.81,9.74,4.24,9.81,-4.00
13:34:02.922,402546,14.33,14.69,8.86,9.60,2.90,11.65,-4.63
13:34:03.024,402649,14.38,14.66,8.99,9.65,-1.06,6.59,-3.92
13:34:03.126,402751,14.38,14.66,8.99,9.65,6.16,8.94,-3.77
13:34:03.228,402853,14.44,14.61,9.06,9.58,1.96,7.81,-1.61
13:34:03.331,402956,14.45,14.57,9.18,9.58,2.55,8.20,-2.67
13:34:03.432,403057,14.45,14.57,9.18,9.51,5.06,8.87,-3.18
13:34:03.533,403158,14.54,14.40,9.36,9.14,5.33,12.08,-3.10
13:34:03.636,403261,14.52,14.33,9.36,9.14,0.08,7.45,-2.08
13:34:03.738,403363,14.52,14.33,14.34,9.19,1.69,6.90,-1.53
13:34:03.841,403465,14.42,14.09,9.87,9.18,4.98,7.53,-3.26
13:34:03.943,403568,14.42,14.09,9.87,9.18,4.79,8.71,-3.49
13:34:04.045,403670,14.44,14.05,9.50,9.14,1.37,8.67,-0.98
13:34:04.148,403772,14.24,14.01,9.50,9.14,3.02,11.53,-2.67
13:34:04.249,403874,14.24,14.01,9.50,9.21,1.88,8.75,-0.78
13:34:04.352,403977,14.16,13.85,9.63,9.31,4.20,9.85,-2.47
13:34:04.455,404079,14.04,13.85,9.63,9.31,0.00,8.12,-1.49
13:34:04.558,404182,14.04,13.71,10.36,9.45,1.80,8.59,-3.26
13:34:04.660,404284,14.04,13.71,10.36,9.45,2.31,10.98,-2.94
13:34:04.762,404386,14.04,13.71,10.36,9.45,4.12,12.36,-4.04
13:34:04.863,404488,13.77,13.43,13.14,9.67,-0.71,6.59,-3.61
13:34:04.966,404591,13.62,13.25,13.14,9.67,2.00,7.85,-1.29
13:34:05.068,404693,13.62,13.25,10.53,9.85,2.39,7.65,-2.00
13:34:05.171,404795,13.49,13.14,10.54,10.02,1.26,9.30,-1.57
13:34:05.273,404898,13.49,13.14,10.54,10.02,4.75,10.40,-4.90
13:34:05.375,405000,13.37,12.92,10.82,10.15,2.79,8.55,-0.47
13:34:05.478,405102,13.16,12.87,10.61,10.15,0.31,10.16,-2.28
13:34:05.580,405205,13.16,12.87,10.61,10.18,0.82,5.92,-2.55
13:34:05.684,405308,13.04,12.90,10.67,10.41,2.31,7.92,-2.86
13:34:05.786,405411,12.91,12.63,10.67,10.41,2.24,10.43,-3.92
13:34:05.889,405513,12.91,12.63,13.36,10.45,1.77,12.16,-2.55
13:34:05.991,405615,12.77,12.43,12.76,10.59,-1.33,8.39,-1.49
13:34:06.093,405718,12.77,12.43,12.76,10.59,1.41,7.18,-2.55
13:34:06.195,405820,12.65,12.32,11.30,10.66,2.16,8.28,-1.41
13:34:06.298,405922,12.53,12.18,11.42,10.66,2.43,9.26,-2.16
13:34:06.400,406024,12.53,12.18,11.42,10.75,3.41,10.00,-3.26
13:34:06.502,406127,12.40,12.11,11.46,10.91,3.02,12.59,-2.59
13:34:06.605,406229,12.22,12.11,11.46,10.91,0.08,5.65,-1.92
13:34:06.707,406331,12.22,12.00,11.78,19.33,0.39,11.81,-1.61
13:34:06.809,406434,12.13,11.95,11.97,11.24,3.84,6.63,-3.14
13:34:06.912,406536,12.13,11.95,11.97,11.24,2.00,10.08,-0.39
13:34:07.013,406638,12.02,11.80,11.45,11.32,1.88,9.41,-1.45
13:34:07.116,406741,11.94,11.76,11.45,11.32,3.57,11.06,0.86
13:34:07.218,406843,11.94,11.76,11.57,11.38,4.71,9.14,-1.57
13:34:07.320,406945,11.95,11.63,11.83,11.42,2.55,8.20,0.59
13:34:07.423,407047,11.95,11.63,11.83,11.42,3.57,6.94,-2.24
13:34:07.525,407149,11.85,11.74,11.93,11.47,9.26,7.37,-3.22
13:34:07.627,407252,11.92,11.69,16.50,11.47,6.86,6.67,-3.41
13:34:07.730,407355,11.92,11.69,16.50,11.80,4.04,5.92,-3.80
13:34:07.832,407456,11.87,11.45,13.64,11.46,6.47,5.49,-4.20
13:34:07.935,407559,11.90,11.57,13.64,11.46,5.73,5.18,-4.39
13:34:08.037,407662,11.90,11.57,11.95,11.40,6.00,5.26,-4.94
13:34:08.139,407764,11.90,11.57,11.95,11.40,4.82,5.02,-5.14
13:34:08.242,407866,11.90,11.57,11.95,11.40,6.51,5.26,-4.51
13:34:08.343,407968,11.87,11.53,11.87,11.38,6.39,4.86,-4.04
13:34:08.446,408071,11.88,11.56,11.90,11.38,9.49,5.61,-3.69
13:34:08.548,408173,11.88,11.56,11.90,11.38,7.18,4.31,-5.41
13:34:08.651,408275,11.88,11.56,11.90,11.38,6.24,4.31,-5.30
13:34:08.753,408378,11.79,11.56,11.90,11.38,6.83,3.92,-5.45
13:34:08.855,408480,11.79,11.55,11.90,11.42,9.34,6.24,-7.18
13:34:08.958,408582,11.87,11.63,11.91,11.44,3.80,4.08,-4.79
13:34:09.060,408685,11.87,11.63,11.91,11.44,6.08,4.55,-3.53
13:34:09.162,408786,11.68,11.40,11.88,11.43,6.94,5.26,-3.14
