timestamp,wearabletimestamp,b1d,b2d,b3d,b4d,xa,ya,za
13:30:43.392,203018,11.38,11.33,12.07,12.29,3.10,9.81,3.18
13:30:43.493,203120,11.40,11.31,11.97,11.98,7.81,11.26,3.06
13:30:43.594,203221,11.41,11.31,11.97,11.98,5.14,13.81,4.75
13:30:43.697,203323,11.41,11.32,11.91,11.75,-3.69,12.91,4.35
13:30:43.799,203425,11.26,11.37,11.97,11.89,-1.29,9.89,4.43
13:30:43.901,203528,11.26,11.37,11.97,11.89,-1.84,9.57,3.06
13:30:44.003,203629,11.26,11.43,12.07,11.92,-4.82,8.04,2.98
13:30:44.105,203732,11.29,11.50,12.07,11.92,0.39,9.30,4.75
13:30:44.208,203834,11.29,11.50,12.06,11.91,3.77,8.59,2.55
13:30:44.309,203936,11.46,11.64,12.03,11.79,5.49,7.57,0.08
13:30:44.412,204039,11.46,11.64,12.03,11.79,3.88,7.61,-0.20
13:30:44.514,204141,11.60,11.68,11.84,11.66,6.94,8.67,-0.04
13:30:44.615,204242,11.62,11.63,11.77,11.66,5.96,8.67,-0.78
13:30:44.718,204344,11.62,11.63,11.77,11.66,5.06,8.98,-1.37
13:30:44.819,204446,11.67,11.65,11.77,11.60,4.16,10.00,-0.24
13:30:44.922,204548,11.67,11.65,11.77,11.60,4.51,8.67,-2.43
13:30:45.024,204650,11.67,11.66,11.78,11.56,1.29,8.94,-1.80
13:30:45.126,204753,11.70,11.67,11.73,11.55,2.12,7.85,-3.77
13:30:45.229,204855,11.70,11.67,11.73,11.55,2.28,8.39,-2.16
13:30:45.330,204957,11.64,11.61,11.72,11.53,3.88,8.04,-2.51
13:30:45.434,205060,11.74,11.64,11.76,11.53,2.67,9.85,0.00
13:30:45.535,205162,11.74,11.64,11.76,11.55,3.49,9.96,-0.75
13:30:45.638,205264,11.72,11.63,11.74,11.70,3.33,9.61,-0.90
13:30:45.740,205367,11.75,11.63,11.74,11.70,4.47,9.30,-0.94
13:30:45.842,205469,11.75,11.63,11.72,11.98,3.96,10.04,1.14
13:30:45.945,205571,11.74,11.63,11.74,11.69,3.30,10.16,0.86
13:30:46.047,205674,11.74,11.63,11.74,11.69,3.61,9.18,-0.55
13:30:46.149,205776,11.80,11.60,11.75,11.69,3.92,9.77,0.27
13:30:46.250,205877,11.78,11.64,11.75,11.69,3.80,9.53,0.59
13:30:46.352,205978,11.78,11.64,11.73,11.65,4.04,9.65,0.51
13:30:46.454,206081,11.78,11.66,11.71,11.63,4.82,9.34,0.27
13:30:46.557,206183,11.78,11.66,11.71,11.63,4.90,9.61,0.78
13:30:46.658,206285,11.77,11.63,11.70,11.67,4.43,9.69,0.98
13:30:46.760,206387,11.77,11.63,11.70,11.67,4.51,9.34,0.16
13:30:46.862,206488,11.77,11.63,11.70,11.67,4.51,9.96,0.24
13:30:46.964,206591,11.76,11.59,11.68,11.76,4.98,9.26,0.08
13:30:47.066,206693,11.77,11.59,11.68,11.76,4.90,9.57,1.06
13:30:47.169,206795,11.77,11.64,11.70,11.86,4.55,9.73,0.27
13:30:47.271,206898,11.75,11.48,11.80,11.90,4.04,9.26,-0.08
13:30:47.374,207000,11.75,11.48,11.80,11.90,4.04,9.81,-0.20
13:30:47.475,207102,11.75,11.54,11.77,11.81,4.98,9.38,1.29
13:30:47.578,207205,11.76,11.58,11.77,11.81,4.51,9.53,0.31
13:30:47.680,207307,11.76,11.58,11.71,11.78,4.63,9.92,2.04
13:30:47.782,207409,11.79,11.63,11.72,11.67,4.75,9.26,1.10
13:30:47.885,207511,11.79,11.63,11.72,11.67,4.47,9.18,0.98
13:30:47.987,207613,11.82,11.65,11.70,11.65,4.04,10.08,1.22
13:30:48.089,207716,11.80,11.70,11.80,11.65,4.00,9.65,1.73
13:30:48.192,207819,11.80,11.70,11.80,11.62,4.71,9.53,1.96
13:30:48.294,207920,11.81,11.64,11.77,11.61,4.28,9.65,1.65
13:30:48.397,208023,11.80,11.67,11.77,11.61,4.51,9.02,0.08
13:30:48.498,208125,11.80,11.67,11.80,11.62,5.84,8.39,-0.20
13:30:48.601,208227,11.78,11.62,11.83,11.62,4.86,10.04,2.28
13:30:48.703,208330,11.78,11.62,11.83,11.62,4.98,8.90,0.90
13:30:48.804,208431,11.75,11.66,11.87,11.63,4.94,9.18,1.06
13:30:48.908,208534,11.78,11.70,11.75,11.63,5.33,8.67,-0.16
13:30:49.009,208636,11.78,11.70,11.75,11.65,4.55,9.65,1.18
13:30:49.112,208738,11.82,11.59,11.70,11.68,5.57,8.87,1.41
13:30:49.214,208841,11.88,11.59,11.70,11.68,6.04,8.79,2.12
13:30:49.316,208943,11.88,11.65,11.67,11.66,7.45,8.00,0.12
13:30:49.419,209045,11.87,11.63,11.65,11.64,5.73,9.02,2.08
13:30:49.521,209148,11.87,11.63,11.65,11.64,6.12,8.28,2.12
13:30:49.623,209250,11.85,11.64,11.63,11.60,6.79,8.55,2.08
13:30:49.726,209352,11.90,11.70,11.63,11.60,6.47,8.79,1.06
13:30:49.828,209454,11.90,11.70,11.68,11.57,6.47,7.81,2.12
13:30:49.930,209556,11.91,11.66,11.63,11.55,6.20,8.39,1.45
13:30:50.032,209659,11.91,11.66,11.63,11.55,6.39,8.51,1.77
13:30:50.136,209762,11.94,11.66,11.65,11.56,6.90,7.81,2.16
13:30:50.237,209864,11.94,11.66,11.65,11.56,6.43,7.69,1.80
13:30:50.340,209966,11.94,11.66,11.65,11.56,5.61,9.38,3.96
13:30:50.441,210068,11.95,11.66,11.79,11.48,10.24,10.90,4.43
13:30:50.543,210170,11.95,11.66,11.79,11.48,4.12,8.12,1.45
13:30:50.645,210271,11.95,11.66,11.98,11.49,6.83,8.28,1.53
13:30:50.748,210374,12.02,11.44,11.97,11.42,5.53,8.63,0.51
13:30:50.850,210476,12.02,11.44,11.97,11.42,5.30,8.32,2.12
13:30:50.952,210578,11.98,11.32,12.02,11.42,5.41,8.16,1.69
13:30:51.054,210681,12.09,11.29,12.02,11.42,5.41,8.28,1.45
13:30:51.156,210783,12.09,11.29,12.12,11.32,5.30,9.69,0.90
13:30:51.259,210885,12.13,11.26,12.15,11.25,9.26,11.38,2.24
13:30:51.361,210988,12.22,11.26,12.15,11.25,4.04,6.83,1.65
13:30:51.463,211089,12.22,11.19,12.17,11.19,7.65,6.16,0.39
13:30:51.566,211192,12.34,11.19,12.22,11.13,6.32,7.61,1.33
13:30:51.668,211295,12.34,11.19,12.22,11.13,6.47,7.73,2.43
13:30:51.770,211396,12.41,11.17,12.30,11.01,7.06,7.37,2.08
13:30:51.872,211499,12.51,11.12,12.30,11.01,6.04,8.63,3.30
13:30:51.974,211601,12.51,11.12,12.37,10.95,6.04,8.83,2.82
13:30:52.077,211703,12.59,11.11,12.43,10.93,11.06,9.89,3.10
13:30:52.179,211806,12.59,11.11,12.43,10.93,2.20,8.24,-1.41
13:30:52.282,211908,12.68,11.01,12.58,10.85,5.61,8.32,1.53
13:30:52.382,212009,12.75,10.86,12.57,10.85,5.14,8.47,-0.08
13:30:52.484,212110,12.75,10.86,12.57,10.85,5.73,7.96,1.57
13:30:52.586,212213,12.87,10.89,12.68,10.79,5.61,7.77,1.22
13:30:52.689,212315,12.90,10.89,12.68,10.79,5.14,8.47,1.61
13:30:52.792,212417,12.90,10.87,12.76,10.73,5.77,10.32,1.18
13:30:52.894,212520,13.00,10.83,12.81,10.70,8.47,10.24,0.98
13:30:52.996,212622,13.00,10.83,12.81,10.70,4.75,6.24,-1.02
13:30:53.097,212724,13.10,10.80,12.83,10.62,8.00,6.51,0.55
13:30:53.200,212827,13.20,10.77,12.83,10.62,4.94,8.83,1.22
13:30:53.303,212929,13.20,10.77,12.92,10.62,5.33,8.24,2.35
13:30:53.404,213030,13.20,10.77,12.92,10.62,6.16,8.04,0.71
13:30:53.506,213133,13.20,10.77,12.92,10.62,5.84,8.36,1.49
13:30:53.608,213234,13.37,10.75,13.02,10.36,7.02,7.96,1.53
13:30:53.710,213336,13.37,10.75,13.02,10.36,7.41,8.63,1.65
13:30:53.812,213438,13.37,10.75,13.02,10.36,10.24,9.61,1.06
13:30:53.913,213540,13.56,10.67,13.17,10.34,5.18,9.10,3.14
13:30:54.016,213643,13.60,10.64,13.17,10.34,8.12,8.00,0.47
13:30:54.118,213745,13.60,10.64,13.33,10.26,4.67,8.87,0.59
13:30:54.221,213847,13.66,10.60,13.32,10.15,5.57,7.81,-0.12
13:30:54.323,213950,13.66,10.60,13.32,10.15,6.00,8.51,0.39
13:30:54.425,214051,13.77,10.58,13.36,10.11,6.28,8.32,0.59
13:30:54.528,214154,13.90,10.58,13.46,10.11,7.10,8.63,1.73
13:30:54.630,214256,13.90,10.58,13.46,10.09,5.14,7.92,-0.31
13:30:54.732,214358,13.97,10.64,13.54,10.03,7.22,7.96,0.63
13:30:54.835,214461,13.99,10.64,13.54,10.03,6.51,8.32,0.59
13:30:54.936,214563,13.99,10.56,13.56,10.03,6.20,8.55,1.06
13:30:55.039,214666,14.00,10.53,13.61,10.08,6.86,7.96,0.86
13:30:55.141,214768,14.00,10.53,13.61,10.08,6.47,8.87,1.61
13:30:55.243,214870,13.97,10.61,13.55,10.09,7.10,8.08,0.27
13:30:55.344,214971,13.98,10.58,13.55,10.09,6.94,8.08,0.71
13:30:55.446,215073,13.98,10.58,13.54,10.10,6.79,7.73,0.47
13:30:55.549,215175,14.00,10.54,13.62,10.16,7.77,8.63,1.06
13:30:55.651,215277,14.00,10.54,13.62,10.16,6.59,8.55,0.08
13:30:55.753,215379,13.97,10.55,13.61,10.22,6.51,7.49,0.00
13:30:55.856,215482,13.92,10.44,13.63,10.22,6.67,7.06,0.90
13:30:55.958,215585,13.92,10.44,13.63,10.33,6.90,7.57,-0.04
13:30:56.060,215686,13.85,10.40,13.63,10.33,7.49,8.59,0.98
13:30:56.163,215789,13.79,10.40,13.63,10.33,11.49,10.04,-0.67
13:30:56.264,215891,13.79,10.29,13.69,10.10,3.80,6.86,0.16
13:30:56.367,215993,13.72,10.25,13.75,10.20,8.24,7.10,-1.96
13:30:56.469,216096,13.72,10.25,13.75,10.20,5.45,8.12,-0.24
13:30:56.573,216199,13.64,10.08,13.85,10.33,6.24,6.90,0.12
13:30:56.676,216302,13.53,9.95,13.93,10.33,4.90,8.67,0.51
13:30:56.777,216404,13.53,9.95,13.93,10.57,5.73,8.51,0.16
13:30:56.880,216506,13.39,9.85,14.09,10.73,7.57,9.38,1.45
13:30:56.982,216609,13.31,9.85,14.09,10.73,8.67,9.73,-0.31
13:30:57.085,216712,13.31,9.66,14.21,10.74,7.18,8.16,5.02
13:30:57.188,216814,13.31,9.66,14.21,10.74,7.92,8.32,0.94
13:30:57.289,216916,13.31,9.66,14.21,10.74,6.35,6.94,2.35
13:30:57.391,217018,13.14,9.42,14.40,10.99,7.10,7.26,-0.47
13:30:57.494,217120,13.13,9.32,14.40,10.99,6.12,7.61,1.57
13:30:57.596,217223,13.13,9.32,14.52,11.16,7.49,7.53,0.20
13:30:57.698,217325,13.00,9.18,14.59,11.26,8.83,9.41,0.75
13:30:57.801,217427,13.00,9.18,14.59,11.26,9.61,7.69,-1.92
13:30:57.903,217529,12.92,9.07,14.71,11.45,5.96,7.73,1.37
13:30:58.005,217632,12.79,8.92,14.84,11.45,8.63,7.06,0.08
13:30:58.106,217733,12.79,8.92,14.84,11.59,5.45,7.85,0.24
13:30:58.208,217834,12.74,8.85,14.96,11.74,6.51,7.22,0.59
13:30:58.310,217937,12.60,8.85,14.96,11.74,6.86,8.04,1.02
13:30:58.412,218039,12.60,8.63,15.01,11.86,7.22,8.08,0.31
13:30:58.515,218141,12.52,8.49,15.13,12.02,6.47,8.98,0.43
13:30:58.617,218244,12.52,8.49,15.13,12.02,8.55,8.90,-2.82
13:30:58.721,218347,12.35,8.35,15.28,12.21,5.45,8.55,3.10
13:30:58.824,218450,12.27,8.15,15.43,12.21,7.22,7.10,1.29
13:30:58.925,218552,12.27,8.15,15.43,12.34,5.81,8.20,1.73
13:30:59.028,218654,12.22,8.06,15.56,12.47,5.81,7.37,0.08
13:30:59.130,218757,12.14,8.06,15.56,12.47,7.34,8.04,1.29
13:30:59.232,218859,12.14,7.93,15.62,12.57,7.85,10.12,0.86
13:30:59.335,218961,12.09,7.87,15.68,12.69,5.53,7.77,-1.57
13:30:59.437,219064,12.09,7.87,15.68,12.69,6.32,6.47,0.75
13:30:59.541,219167,12.00,7.83,15.73,12.83,10.12,7.22,-2.59
13:30:59.644,219270,11.93,7.76,15.73,12.83,5.96,7.81,-1.22
13:30:59.746,219372,11.93,7.76,15.84,12.86,6.47,7.14,-0.27
13:30:59.848,219474,11.88,7.70,15.94,12.94,5.84,8.24,-1.53
13:30:59.950,219577,11.88,7.70,15.94,12.94,5.96,7.45,-1.53
13:31:00.052,219679,11.94,7.76,15.99,12.98,6.28,7.69,-1.41
13:31:00.153,219780,11.95,7.73,16.12,12.98,6.94,6.67,0.67
13:31:00.256,219882,11.95,7.73,16.12,13.05,8.98,7.96,0.63
13:31:00.357,219984,11.95,7.59,16.25,13.15,8.75,7.18,1.88
13:31:00.460,220086,12.00,7.59,16.25,13.15,9.69,6.63,0.20
13:31:00.561,220188,12.00,7.57,16.25,13.15,8.67,6.12,-0.20
13:31:00.663,220289,12.00,7.57,16.25,13.15,7.88,6.67,0.08
13:31:00.765,220392,12.00,7.57,16.25,13.15,9.22,6.47,0.00
13:31:00.867,220493,11.96,7.34,16.25,13.19,8.98,6.67,-0.12
13:31:00.969,220596,11.97,7.31,16.25,13.19,8.20,6.63,1.06
13:31:01.072,220698,11.97,7.31,16.30,13.29,8.36,6.75,-0.27
13:31:01.174,220800,11.92,7.24,16.31,13.21,8.55,5.84,0.35
13:31:01.277,220903,11.88,7.24,16.31,13.21,9.10,7.85,3.02
13:31:01.378,221005,11.88,7.30,16.33,13.34,7.45,6.94,1.41
13:31:01.479,221106,11.86,7.31,16.29,13.34,7.02,6.47,0.82
13:31:01.582,221208,11.86,7.31,16.29,13.29,7.22,7.65,0.59
13:31:01.683,221310,11.79,7.31,16.18,13.27,11.89,8.98,0.90
13:31:01.786,221413,11.69,7.42,16.18,13.27,4.90,5.65,-0.86
13:31:01.888,221514,11.69,7.42,16.07,13.35,8.79,6.75,-0.75
13:31:01.990,221617,11.65,7.49,16.08,13.31,6.47,7.18,-2.31
13:31:02.093,221719,11.65,7.49,16.08,13.31,7.18,5.26,-0.71
13:31:02.195,221821,11.49,7.50,15.98,13.36,7.06,7.02,0.55
13:31:02.298,221924,11.37,7.55,15.86,13.36,7.02,6.83,-0.20
13:31:02.399,222026,11.37,7.55,15.86,13.39,8.71,7.61,0.04
13:31:02.502,222128,11.22,7.60,15.83,13.44,12.04,9.92,2.31
13:31:02.604,222231,11.13,7.60,15.83,13.44,8.43,8.08,7.37
13:31:02.706,222333,11.13,7.69,15.71,13.48,9.30,7.02,-0.94
13:31:02.809,222435,11.03,7.73,15.61,13.57,5.57,7.34,1.80
13:31:02.911,222538,11.03,7.73,15.61,13.57,6.90,6.55,0.35
13:31:03.013,222639,10.93,7.78,15.70,13.57,6.63,7.41,0.86
13:31:03.116,222742,10.80,7.81,15.70,13.57,6.94,8.94,-1.37
13:31:03.218,222844,10.80,7.81,15.50,13.57,11.18,11.06,1.33
13:31:03.320,222946,10.68,7.88,15.46,13.61,3.80,5.57,-0.04
13:31:03.422,223049,10.68,7.88,15.46,13.61,10.12,7.49,1.73
13:31:03.525,223151,10.59,8.07,15.44,13.65,5.81,6.98,-2.67
13:31:03.627,223254,10.51,8.11,15.31,13.65,5.96,5.81,-0.47
13:31:03.730,223356,10.51,8.11,15.31,13.70,5.41,7.49,-0.27
13:31:03.831,223458,10.41,8.21,15.24,13.79,7.10,8.43,-1.22
13:31:03.934,223560,10.23,8.21,15.24,13.79,7.26,10.83,0.16
13:31:04.035,223662,10.23,8.34,15.12,13.84,7.26,7.34,2.28
13:31:04.137,223763,10.23,8.34,15.12,13.84,8.36,6.98,-0.08
13:31:04.239,223866,10.23,8.34,15.12,13.84,5.92,7.34,0.94
13:31:04.341,223967,9.99,8.51,15.05,13.94,6.08,7.49,1.57
13:31:04.443,224070,9.84,8.71,15.05,13.94,7.57,8.87,2.08
13:31:04.545,224172,9.84,8.71,14.95,14.01,5.49,9.02,0.55
13:31:04.648,224274,9.74,8.84,14.85,14.16,11.26,9.92,0.63
13:31:04.750,224377,9.65,8.84,14.85,14.16,6.16,7.53,-0.71
13:31:04.852,224479,9.65,8.77,14.76,14.16,6.39,8.87,1.14
13:31:04.953,224580,9.56,8.89,14.69,14.16,5.81,7.88,0.27
13:31:05.055,224682,9.56,8.89,14.69,14.22,6.08,7.85,0.35
13:31:05.157,224784,9.48,8.96,14.71,14.23,5.88,8.36,0.31
13:31:05.260,224887,9.41,8.97,14.71,14.23,5.77,8.04,-0.08
13:31:05.362,224988,9.41,8.97,14.70,14.24,6.63,7.73,-1.14
13:31:05.464,225091,9.36,8.97,14.67,14.30,8.43,7.18,0.63
13:31:05.567,225193,9.36,8.97,14.67,14.30,6.12,8.08,-0.67
13:31:05.669,225295,9.33,8.98,14.63,14.33,6.55,7.69,-0.24
13:31:05.771,225398,9.29,9.04,14.68,14.33,6.79,8.04,0.12
13:31:05.874,225500,9.29,9.04,14.68,14.34,6.55,7.92,-0.12
13:31:05.976,225602,9.26,9.05,14.66,14.31,6.94,7.10,-0.67
13:31:06.078,225705,9.24,9.05,14.66,14.31,8.16,8.75,2.39
13:31:06.180,225807,9.24,9.07,14.73,14.36,7.81,8.00,1.41
13:31:06.283,225909,9.18,9.08,14.74,14.37,8.51,6.12,-1.06
13:31:06.385,226012,9.18,9.08,14.74,14.37,7.22,6.75,0.51
13:31:06.487,226113,9.13,9.11,14.69,14.41,6.98,7.37,0.71
13:31:06.589,226216,9.05,9.15,14.69,14.41,7.73,8.04,0.16
13:31:06.691,226318,9.05,9.15,14.59,14.45,11.30,9.65,0.63
13:31:06.794,226420,8.98,9.19,14.59,14.48,3.88,6.39,-1.06
13:31:06.896,226523,8.98,9.19,14.59,14.48,8.87,6.04,-1.22
13:31:06.998,226625,8.89,9.31,14.58,14.60,5.10,7.26,-2.08
13:31:07.101,226727,8.82,9.42,14.52,14.60,6.67,6.04,-0.39
13:31:07.203,226830,8.82,9.42,14.52,14.62,5.61,7.65,0.00
13:31:07.307,226933,8.70,9.52,14.42,14.69,7.49,9.30,0.63
13:31:07.410,227036,8.60,9.60,14.42,14.69,10.59,9.53,-0.75
13:31:07.513,227139,8.60,9.60,14.38,14.85,8.16,6.43,2.31
13:31:07.614,227240,8.60,9.60,14.38,14.85,8.36,6.47,-2.00
13:31:07.716,227343,8.60,9.60,14.38,14.85,6.28,6.94,1.49
13:31:07.818,227445,8.40,10.15,14.31,14.94,5.92,7.45,0.98
13:31:07.921,227547,8.31,10.08,14.23,14.94,7.34,8.24,1.14
13:31:08.023,227649,8.31,10.08,14.23,14.97,9.02,9.41,0.98
13:31:08.125,227752,8.19,10.11,14.17,15.04,6.94,8.36,-2.51
13:31:08.228,227854,8.14,10.11,14.17,15.04,7.92,7.88,2.75
13:31:08.330,227956,8.14,10.27,14.14,15.14,8.00,7.34,-2.43
13:31:08.433,228059,8.06,11.08,13.97,15.23,5.18,7.96,1.26
13:31:08.534,228161,8.06,11.08,13.97,15.23,5.96,7.34,0.00
13:31:08.636,228263,7.99,10.74,13.92,15.25,7.22,8.59,-0.08
13:31:08.737,228364,7.92,11.02,13.92,15.25,10.00,8.55,-1.22
13:31:08.840,228466,7.92,11.02,13.90,15.30,5.14,7.49,0.59
13:31:08.942,228568,7.81,10.60,13.96,15.43,8.98,6.51,-0.04
13:31:09.044,228671,7.81,10.60,13.96,15.43,6.55,7.92,1.45
13:31:09.146,228773,7.76,10.79,13.96,15.45,6.55,6.59,0.27
13:31:09.249,228875,7.65,10.85,13.89,15.45,5.92,7.53,1.10
13:31:09.351,228978,7.65,10.85,13.89,15.60,7.26,8.00,0.20
13:31:09.455,229081,7.59,10.93,13.86,15.69,8.83,10.20,1.37
13:31:09.557,229184,7.57,10.93,13.86,15.69,5.14,6.67,-3.10
13:31:09.659,229286,7.57,11.02,13.75,15.64,7.45,6.79,2.24
13:31:09.762,229388,7.57,11.16,13.74,15.77,9.65,7.77,-0.67
13:31:09.864,229491,7.57,11.16,13.74,15.77,6.63,7.85,0.27
13:31:09.968,229594,7.53,11.26,13.70,15.76,7.02,7.49,0.12
13:31:10.071,229697,7.56,11.34,13.70,15.76,6.24,7.69,-0.78
13:31:10.173,229799,7.56,11.34,13.70,15.82,7.06,7.73,0.16
13:31:10.275,229901,7.57,11.44,13.74,15.87,6.55,6.71,-1.80
13:31:10.377,230004,7.54,11.44,13.74,15.87,8.55,6.35,0.47
13:31:10.480,230106,7.54,11.46,13.63,15.88,7.34,7.57,-0.31
13:31:10.583,230209,7.51,11.39,13.65,15.89,7.53,7.61,1.18
13:31:10.684,230311,7.51,11.39,13.65,15.89,7.92,7.18,0.12
13:31:10.786,230413,7.46,11.40,13.64,15.92,7.69,6.98,-0.39
13:31:10.887,230514,7.51,11.41,13.64,15.92,7.53,7.14,0.04
13:31:10.988,230615,7.51,11.41,13.63,15.89,7.61,7.81,0.98
13:31:11.090,230716,7.51,11.41,13.63,15.89,8.83,7.02,0.16
13:31:11.192,230819,7.51,11.41,13.63,15.89,8.28,5.77,-0.82
13:31:11.295,230921,7.51,11.43,13.58,15.88,8.00,5.45,0.43
13:31:11.396,231022,7.54,11.50,13.55,15.88,7.69,5.81,-0.43
13:31:11.497,231123,7.54,11.50,13.55,15.86,8.24,6.08,0.24
13:31:11.600,231226,7.54,11.49,13.43,15.80,10.28,8.24,0.43
13:31:11.702,231328,7.60,11.49,13.43,15.80,5.81,5.49,-5.49
13:31:11.804,231431,7.60,11.64,13.36,15.73,9.02,6.63,4.39
13:31:11.907,231533,7.71,11.65,13.26,15.65,9.38,6.04,-3.10
13:31:12.009,231635,7.71,11.65,13.26,15.65,7.22,7.10,1.29
13:31:12.111,231737,7.81,11.76,13.12,15.56,6.71,6.24,-0.24
13:31:12.213,231840,7.94,11.77,13.12,15.56,6.59,6.35,-0.90
13:31:12.316,231942,7.94,11.77,12.99,15.44,6.86,7.22,-1.41
13:31:12.418,232044,8.02,11.89,12.86,15.36,10.87,11.57,1.02
13:31:12.520,232147,8.15,11.89,12.86,15.36,6.63,5.73,3.33
13:31:12.622,232249,8.15,12.02,12.78,15.35,9.10,4.24,-4.31
13:31:12.725,232351,8.26,12.07,12.58,15.35,7.30,5.69,-1.26
13:31:12.828,232454,8.26,12.07,12.58,15.19,6.51,6.24,0.67
13:31:12.929,232556,8.38,12.21,12.43,15.14,6.28,6.55,-0.90
13:31:13.030,232657,8.50,12.26,12.43,15.14,8.08,7.37,0.86
13:31:13.132,232758,8.50,12.26,12.30,15.04,13.14,8.32,0.35
13:31:13.235,232861,8.63,12.37,12.20,14.86,5.30,6.16,-4.75
13:31:13.337,232963,8.63,12.37,12.20,14.86,9.30,4.98,-1.06
13:31:13.439,233065,8.75,12.39,12.02,14.86,7.26,5.69,-3.10
13:31:13.541,233168,8.91,12.55,11.91,14.86,6.79,5.30,-0.75
13:31:13.643,233270,8.91,12.55,11.91,14.68,6.90,6.51,0.43
13:31:13.746,233372,9.04,12.70,11.74,14.61,8.43,6.83,-0.82
13:31:13.849,233475,9.18,12.70,11.74,14.61,13.77,7.96,0.55
13:31:13.951,233577,9.18,12.83,11.58,14.56,8.87,5.84,-2.55
13:31:14.053,233679,9.30,12.89,11.47,14.43,8.08,4.79,-0.24
13:31:14.155,233782,9.30,12.89,11.47,14.43,7.88,7.02,2.00
13:31:14.257,233884,9.43,13.02,11.33,14.31,7.49,6.79,1.33
13:31:14.360,233986,9.56,13.05,11.33,14.31,7.53,6.55,1.02
13:31:14.462,234089,9.56,13.05,11.22,14.27,8.47,6.63,0.35
13:31:14.564,234191,9.56,13.05,11.22,14.27,11.26,7.26,-0.51
13:31:14.667,234293,9.56,13.05,11.22,14.27,6.20,6.32,-0.71
13:31:14.769,234395,9.76,13.17,10.96,13.99,7.81,6.43,0.27
13:31:14.871,234498,9.87,13.18,10.94,13.99,9.14,5.22,-2.86
13:31:14.972,234599,9.87,13.18,10.94,13.98,5.96,8.98,0.75
13:31:15.074,234700,10.00,13.25,10.86,13.87,7.41,7.10,-0.67
13:31:15.177,234803,10.05,13.26,10.86,13.87,7.37,8.36,0.04
13:31:15.279,234905,10.05,13.26,10.80,13.79,6.79,7.22,-0.43
13:31:15.381,235007,10.08,13.25,10.76,13.79,8.55,6.20,-0.16
13:31:15.484,235110,10.08,13.25,10.76,13.79,8.28,6.24,-1.29
13:31:15.585,235212,10.08,13.32,10.76,13.78,7.77,6.79,-0.55
13:31:15.686,235313,10.12,13.32,10.75,13.78,7.85,7.06,-0.08
13:31:15.788,235414,10.12,13.32,10.75,13.74,7.65,6.94,-0.63
13:31:15.890,235516,10.15,13.35,10.65,13.78,7.37,6.51,-0.16
13:31:15.991,235618,10.13,13.35,10.65,13.78,7.81,6.47,-0.78
13:31:16.093,235719,10.13,13.40,10.65,13.70,9.02,6.86,-1.84
13:31:16.195,235822,10.20,13.46,10.62,13.70,7.81,6.86,0.27
13:31:16.299,235925,10.20,13.46,10.62,13.77,7.69,5.06,-0.04
13:31:16.400,236026,10.23,13.51,10.55,13.63,6.71,6.08,-0.47
13:31:16.503,236129,10.30,13.55,10.55,13.63,8.43,6.55,-0.75
13:31:16.605,236231,10.30,13.55,10.49,13.66,12.51,8.24,-0.98
13:31:16.707,236333,10.44,13.68,10.35,13.55,5.37,5.96,-1.22
13:31:16.810,236436,10.44,13.68,10.35,13.55,9.89,5.65,-0.27
13:31:16.911,236538,10.55,13.75,10.22,13.49,5.65,7.49,-2.71
13:31:17.014,236640,10.67,13.80,10.07,13.49,5.45,5.06,-3.92
13:31:17.117,236743,10.67,13.80,10.07,13.35,6.51,6.39,-0.39
13:31:17.218,236845,10.84,13.98,9.97,13.26,7.18,8.36,-1.14
13:31:17.321,236947,10.96,13.98,9.97,13.26,11.57,8.94,-0.59
13:31:17.423,237049,10.96,14.04,9.85,13.19,6.71,4.94,-1.49
13:31:17.526,237152,11.06,14.19,9.70,13.19,7.37,5.88,-2.04
13:31:17.628,237254,11.06,14.19,9.70,13.19,6.51,7.22,1.57
13:31:17.730,237356,11.22,14.33,9.56,13.11,6.32,5.65,-0.39
13:31:17.832,237459,11.34,14.43,9.56,13.11,8.04,7.41,1.65
13:31:17.933,237560,11.34,14.43,9.41,12.99,9.81,8.08,-1.65
13:31:18.035,237661,11.34,14.43,9.41,12.99,7.61,7.77,-2.12
13:31:18.138,237764,11.61,14.43,9.41,12.99,8.83,6.28,1.02
13:31:18.239,237866,11.61,14.65,9.14,12.78,7.65,6.55,-2.35
13:31:18.342,237968,11.61,14.77,9.01,12.78,6.32,6.63,0.63
13:31:18.444,238070,11.61,14.77,9.01,12.63,6.20,6.67,0.39
13:31:18.545,238172,11.61,14.89,8.87,12.61,7.73,8.12,0.16
13:31:18.646,238273,12.08,15.02,8.87,12.61,10.32,8.47,-1.45
13:31:18.748,238375,12.08,15.02,8.74,12.58,6.28,5.96,-0.94
13:31:18.851,238477,12.20,15.15,8.57,12.45,10.04,4.90,-0.78
13:31:18.953,238580,12.20,15.15,8.57,12.45,7.22,7.45,-0.31
13:31:19.055,238681,12.31,15.24,8.45,12.40,5.77,6.43,1.53
13:31:19.158,238784,12.48,15.33,8.45,12.40,7.26,6.71,-0.35
13:31:19.261,238887,12.48,15.33,8.45,12.28,6.67,9.34,0.59
13:31:19.363,238989,12.48,15.39,8.45,12.13,9.14,9.65,-0.08
13:31:19.465,239092,12.71,15.39,8.45,12.13,4.00,7.61,-3.02
13:31:19.568,239194,12.71,15.50,8.10,12.01,7.14,7.10,-0.24
13:31:19.670,239296,12.82,15.57,8.03,11.95,6.00,8.67,-2.24
13:31:19.773,239399,12.82,15.57,8.03,11.95,6.86,7.10,-1.57
13:31:19.875,239501,12.93,15.54,7.98,11.89,5.96,7.77,-1.92
13:31:19.977,239603,12.99,15.69,7.98,11.89,4.86,7.92,-1.80
13:31:20.079,239705,12.99,15.69,7.88,11.77,7.81,8.94,0.94
13:31:20.181,239807,13.08,15.77,7.86,11.76,7.14,8.00,1.92
13:31:20.284,239910,13.08,15.77,7.86,11.76,6.35,7.81,-1.49
13:31:20.385,240012,13.11,15.80,7.84,11.81,7.06,7.81,0.12
13:31:20.488,240115,13.14,15.80,7.82,11.81,7.10,7.45,-0.86
13:31:20.591,240217,13.14,15.80,7.82,11.80,6.79,7.65,-0.86
13:31:20.693,240319,13.15,15.79,7.82,11.79,6.86,7.85,-0.12
13:31:20.795,240421,13.16,15.79,7.82,11.79,6.71,7.77,-0.55
13:31:20.897,240523,13.16,15.88,7.79,11.76,6.90,7.96,-0.20
13:31:21.000,240626,13.16,15.83,7.77,11.78,6.67,7.49,-0.75
13:31:21.102,240728,13.16,15.83,7.77,11.78,6.86,7.96,-0.04
13:31:21.204,240830,13.20,15.88,7.79,11.79,6.79,8.00,-0.59
13:31:21.307,240933,13.24,15.84,7.77,11.79,7.34,7.57,-0.04
13:31:21.409,241035,13.24,15.84,7.77,11.74,6.63,7.45,-0.98
13:31:21.512,241137,13.24,15.84,7.77,11.74,7.22,7.92,-0.39
13:31:21.614,241240,13.28,15.84,7.77,11.74,7.34,8.20,0.04
13:31:21.716,241342,13.28,15.91,7.71,11.79,6.47,7.69,0.39
13:31:21.818,241444,13.36,15.87,7.67,11.73,6.43,7.53,-0.31
13:31:21.921,241547,13.36,15.87,7.67,11.73,5.02,7.37,-1.14
13:31:22.022,241649,13.35,15.86,7.84,11.62,7.14,8.51,0.82
13:31:22.123,241750,13.46,15.84,7.84,11.62,8.79,9.57,-0.12
13:31:22.226,241852,13.46,15.84,7.81,11.53,5.49,6.35,-1.22
13:31:22.327,241954,13.43,15.82,7.84,11.46,7.49,7.22,1.84
13:31:22.430,242056,13.43,15.82,7.84,11.46,7.22,8.55,-0.63
13:31:22.532,242158,13.45,15.72,7.81,11.36,6.08,7.26,0.55
13:31:22.635,242261,13.44,15.68,7.83,11.36,6.16,6.75,-0.35
13:31:22.737,242364,13.44,15.68,7.83,11.30,5.88,7.85,0.00
13:31:22.839,242465,13.54,15.63,7.86,11.24,7.18,9.81,-0.04
13:31:22.942,242568,13.57,15.63,7.86,11.24,10.87,9.41,0.27
13:31:23.044,242670,13.57,15.53,7.91,11.08,7.57,7.22,0.78
13:31:23.146,242772,13.67,15.47,7.92,10.98,7.41,7.06,0.24
13:31:23.248,242875,13.67,15.47,7.92,10.98,7.69,6.16,-0.16
13:31:23.352,242978,13.70,15.42,8.00,10.88,6.24,6.94,1.18
13:31:23.455,243081,13.80,15.36,8.08,10.88,6.98,6.55,-0.90
13:31:23.557,243183,13.80,15.36,8.08,10.79,7.85,8.51,-2.67
13:31:23.659,243285,13.85,15.27,8.14,10.64,8.87,8.71,-2.12
13:31:23.762,243388,13.90,15.27,8.14,10.64,6.24,6.98,0.63
13:31:23.864,243490,13.90,15.16,8.27,10.50,7.77,7.14,-1.84
13:31:23.966,243592,13.96,15.06,8.32,10.39,5.41,7.45,-0.12
13:31:24.069,243695,13.96,15.06,8.32,10.39,5.41,6.75,0.04
13:31:24.170,243797,13.98,14.99,8.43,10.30,5.77,8.20,-0.04
13:31:24.271,243898,13.98,14.94,8.43,10.30,7.45,8.98,-1.37
13:31:24.374,244000,13.98,14.94,8.49,10.17,5.37,10.00,-2.00
13:31:24.475,244102,14.07,14.88,8.59,10.03,7.30,6.83,0.82
13:31:24.578,244204,14.07,14.88,8.59,10.03,6.94,6.94,-0.59
13:31:24.680,244306,14.19,14.85,8.73,9.93,5.69,7.02,0.00
13:31:24.783,244409,14.26,14.79,8.77,9.93,5.14,8.24,1.45
13:31:24.885,244511,14.26,14.79,8.77,9.82,6.12,8.79,0.12
13:31:24.987,244613,14.26,14.79,8.77,9.82,7.45,9.77,0.04
13:31:25.089,244716,14.31,14.79,8.77,9.82,8.39,9.81,-0.35
13:31:25.191,244818,14.31,14.65,8.93,9.63,5.45,7.88,0.55
13:31:25.294,244920,14.28,14.54,9.10,9.58,6.32,7.69,-2.24
13:31:25.396,245023,14.28,14.54,9.10,9.58,6.04,7.85,-0.12
13:31:25.500,245126,14.32,14.51,9.15,9.52,6.24,7.53,-0.78
13:31:25.603,245229,14.32,14.48,9.21,9.52,6.79,8.83,0.94
13:31:25.705,245331,14.32,14.48,9.21,9.50,6.16,6.71,-1.77
13:31:25.807,245433,14.36,14.54,9.22,9.47,8.55,7.49,-1.06
13:31:25.910,245536,14.43,14.54,9.22,9.47,7.53,7.10,0.35
13:31:26.011,245638,14.43,14.48,9.17,9.42,7.69,7.10,-0.78
13:31:26.114,245740,14.42,14.47,9.16,9.42,7.41,7.57,-0.16
13:31:26.217,245843,14.42,14.47,9.16,9.38,7.37,7.34,-0.63
13:31:26.318,245945,14.42,14.46,9.21,9.38,7.06,7.53,-0.39
13:31:26.421,246048,14.43,14.45,9.21,9.38,7.34,7.57,-0.27
13:31:26.523,246149,14.43,14.45,9.23,9.37,6.98,7.53,-0.51
13:31:26.625,246252,14.46,14.44,9.26,9.34,7.22,7.61,-0.24
13:31:26.728,246354,14.46,14.44,9.26,9.34,7.26,7.57,-0.20
13:31:26.831,246456,14.47,14.48,9.21,9.33,7.30,7.45,-0.47
13:31:26.932,246559,14.48,14.44,9.25,9.33,6.94,7.77,-0.16
13:31:27.035,246661,14.48,14.44,9.25,9.31,7.37,7.41,-0.78
13:31:27.137,246763,14.49,14.50,9.29,9.29,7.10,6.83,-1.06
13:31:27.239,246866,14.51,14.50,9.29,9.29,7.34,7.73,-0.27
13:31:27.342,246968,14.51,14.52,9.28,9.23,8.43,7.65,-1.18
13:31:27.444,247070,14.60,14.40,9.27,9.20,6.47,6.63,0.20
13:31:27.547,247173,14.60,14.40,9.27,9.20,6.51,6.51,-0.75
13:31:27.648,247275,14.69,14.41,9.31,9.11,7.26,6.98,-0.08
13:31:27.751,247377,14.74,14.36,9.31,9.11,9.61,8.55,0.51
13:31:27.854,247479,14.74,14.36,9.48,9.04,8.00,8.98,-1.77
13:31:27.955,247581,14.71,14.37,9.50,9.04,7.57,6.59,3.14
13:31:28.058,247684,14.71,14.37,9.50,9.04,9.81,6.75,-1.18
13:31:28.160,247786,14.77,14.31,9.51,8.96,6.04,8.08,-0.75
13:31:28.262,247889,14.75,14.28,9.61,8.96,6.24,5.88,-0.59
13:31:28.365,247991,14.75,14.28,9.61,8.87,5.77,7.37,-0.59
13:31:28.467,248093,14.75,14.28,9.61,8.87,6.47,9.45,-0.59
13:31:28.569,248195,14.89,14.28,9.61,8.87,7.41,10.32,-1.53
13:31:28.671,248298,14.89,14.14,9.86,8.64,7.69,6.43,4.75
13:31:28.774,248400,14.93,14.08,9.89,8.54,8.51,5.84,-3.41
13:31:28.876,248503,14.93,14.08,9.89,8.54,6.55,7.10,1.80
13:31:28.977,248604,14.93,14.06,10.00,8.46,6.20,6.83,0.39
13:31:29.080,248706,14.93,13.99,10.00,8.46,7.77,8.00,0.86
13:31:29.182,248808,14.93,13.99,10.19,8.36,8.51,10.00,0.35
13:31:29.284,248910,15.25,13.89,10.25,8.29,3.73,7.06,-4.28
13:31:29.387,249013,15.31,13.89,10.25,8.29,7.61,6.75,1.45
13:31:29.489,249115,15.31,13.87,10.40,8.22,6.83,6.86,-2.28
13:31:29.591,249218,15.32,13.79,10.53,8.09,5.37,6.98,0.55
13:31:29.694,249320,15.32,13.79,10.53,8.09,6.20,6.86,-0.75
13:31:29.795,249422,15.41,13.75,10.81,7.97,6.94,8.55,0.08
13:31:29.898,249525,15.53,13.69,10.81,7.97,10.36,9.18,0.82
13:31:30.000,249627,15.53,13.69,10.81,7.84,6.75,7.81,-0.63
13:31:30.103,249729,15.64,13.62,10.76,7.74,7.22,5.88,-1.06
13:31:30.205,249831,15.64,13.62,10.76,7.74,6.55,8.08,1.33
13:31:30.307,249933,15.76,13.58,10.84,7.66,6.43,7.26,0.78
13:31:30.410,250036,15.86,13.57,11.08,7.66,7.41,7.34,0.78
13:31:30.512,250139,15.86,13.57,11.08,7.87,7.65,8.08,-1.06
13:31:30.614,250240,15.86,13.57,11.19,7.65,9.53,8.75,-0.51
13:31:30.716,250343,15.91,13.57,11.19,7.65,5.26,7.06,-0.82
13:31:30.818,250445,15.91,13.52,11.20,7.52,7.69,6.35,-1.26
13:31:30.921,250547,15.90,13.47,11.36,7.49,7.02,7.73,-1.14
13:31:31.023,250650,15.90,13.47,11.36,7.49,6.00,8.20,0.27
13:31:31.125,250751,16.03,13.43,11.48,7.46,5.37,8.24,-0.78
13:31:31.228,250854,16.06,13.36,11.48,7.46,5.65,8.36,-0.71
13:31:31.330,250956,16.06,13.36,11.55,7.46,7.53,7.96,0.63
13:31:31.432,251058,16.16,13.35,11.62,7.31,6.63,7.77,0.43
13:31:31.535,251161,16.24,13.35,11.62,7.31,8.08,7.61,1.57
13:31:31.637,251263,16.24,13.37,11.74,7.24,7.41,7.41,-0.27
13:31:31.740,251366,16.28,13.44,11.70,7.31,6.00,8.16,2.35
13:31:31.841,251468,16.28,13.44,11.70,7.31,7.45,8.12,1.84
13:31:31.944,251570,16.28,13.44,11.70,7.31,5.88,7.77,2.51
13:31:32.046,251673,16.31,13.50,11.70,7.31,7.81,7.96,2.16
13:31:32.148,251775,16.31,13.50,11.73,7.30,6.08,8.47,2.51
13:31:32.251,251877,16.32,13.45,11.75,7.29,6.94,8.36,2.67
13:31:32.353,251979,16.32,13.45,11.75,7.29,6.83,8.16,2.79
13:31:32.455,252081,16.33,13.47,11.76,7.30,6.90,7.85,2.12
13:31:32.558,252184,16.30,13.39,11.70,7.30,6.04,8.39,3.02
13:31:32.660,252287,16.30,13.39,11.70,7.29,6.51,8.75,3.41
13:31:32.762,252388,16.34,13.39,11.73,7.31,5.69,9.53,3.92
13:31:32.864,252491,16.29,13.39,11.73,7.31,6.39,8.39,3.73
13:31:32.967,252593,16.29,13.44,11.77,7.36,6.47,7.30,3.33
13:31:33.069,252695,16.22,13.39,11.75,7.39,6.47,7.49,2.51
13:31:33.172,252798,16.22,13.39,11.75,7.39,5.61,8.71,4.24
13:31:33.273,252900,16.17,13.32,11.86,7.42,6.16,9.06,4.35
13:31:33.376,253002,16.07,13.19,11.86,7.42,8.67,10.00,5.30
13:31:33.478,253104,16.07,13.19,11.95,7.52,4.98,7.53,-0.67
13:31:33.581,253206,16.01,13.17,11.95,7.59,7.81,7.96,3.49
13:31:33.683,253309,15.98,13.17,11.95,7.59,4.90,9.81,3.18
13:31:33.785,253411,15.98,12.99,12.03,7.70,4.90,8.04,3.33
13:31:33.887,253513,15.89,12.81,12.11,7.70,4.20,7.77,3.10
13:31:33.990,253616,15.89,12.81,12.11,7.84,5.10,9.10,2.86
13:31:34.092,253718,15.71,12.73,12.19,7.96,4.20,9.92,4.04
13:31:34.194,253821,15.66,12.54,12.19,7.96,5.14,11.30,4.59
13:31:34.296,253922,15.66,12.54,12.32,8.12,6.24,8.16,7.73
13:31:34.398,254025,15.57,12.48,12.41,8.16,4.98,8.20,3.37
13:31:34.501,254127,15.57,12.48,12.41,8.16,5.06,7.34,3.02
13:31:34.604,254229,15.50,12.34,12.53,8.40,4.79,7.81,3.02
13:31:34.706,254332,15.42,12.20,12.62,8.40,5.92,9.41,5.14
13:31:34.808,254434,15.42,12.20,12.62,8.51,5.22,10.43,5.06
13:31:34.910,254536,15.22,12.04,12.67,8.66,5.30,8.47,0.12
13:31:35.012,254639,15.16,12.04,12.67,8.66,6.67,8.08,5.73
13:31:35.115,254741,15.16,11.92,12.68,8.82,7.45,9.14,3.57
13:31:35.217,254843,15.01,11.79,12.79,8.94,4.24,7.92,4.90
13:31:35.319,254945,15.01,11.79,12.79,8.94,5.10,7.92,4.24
13:31:35.421,255047,15.01,11.79,12.79,8.94,4.94,9.06,4.20
13:31:35.524,255150,14.81,11.51,12.79,8.94,5.77,10.00,3.96
13:31:35.626,255252,14.81,11.51,12.98,9.18,5.77,10.16,1.96
13:31:35.728,255354,14.68,11.40,13.13,9.32,5.49,7.73,7.34
13:31:35.830,255457,14.68,11.40,13.13,9.32,6.67,8.75,3.41
13:31:35.932,255559,14.58,11.25,13.18,9.53,4.94,7.53,4.43
13:31:36.035,255661,14.53,11.13,13.24,9.53,5.14,7.96,4.55
13:31:36.138,255764,14.53,11.13,13.24,9.41,5.14,8.39,4.28
13:31:36.239,255866,14.35,11.02,13.36,9.55,5.22,10.04,5.49
13:31:36.342,255968,14.31,11.02,13.36,9.55,8.04,11.45,7.45
13:31:36.444,256070,14.31,10.88,13.47,9.95,3.96,7.22,-0.55
13:31:36.547,256173,14.21,10.81,13.55,10.01,6.16,7.96,4.24
13:31:36.649,256275,14.21,10.81,13.55,10.01,4.43,9.34,2.16
13:31:36.751,256377,14.05,10.68,13.56,9.96,4.24,8.98,3.22
13:31:36.854,256480,14.04,10.51,13.66,9.96,3.61,9.69,3.10
13:31:36.955,256582,14.04,10.51,13.66,10.06,5.26,9.61,3.84
13:31:37.058,256684,13.99,10.49,13.71,10.15,6.32,7.85,4.79
13:31:37.160,256787,14.03,10.49,13.71,10.15,6.94,9.30,3.80
13:31:37.262,256889,14.03,10.45,13.73,10.30,4.86,8.16,3.92
13:31:37.365,256991,13.99,10.42,13.79,10.57,6.04,8.79,3.53
13:31:37.467,257094,13.99,10.42,13.79,10.57,5.65,8.83,4.90
13:31:37.569,257195,13.99,10.40,13.86,10.65,6.86,7.85,3.06
13:31:37.672,257298,14.01,10.35,13.86,10.65,5.30,8.83,4.51
13:31:37.774,257400,14.01,10.35,13.93,10.30,5.88,8.39,3.65
13:31:37.876,257502,13.98,10.30,13.81,10.69,6.59,8.08,3.96
13:31:37.979,257605,13.98,10.30,13.81,10.69,6.12,8.20,3.80
13:31:38.081,257707,13.91,10.33,13.82,10.64,6.12,8.47,3.61
13:31:38.183,257809,13.90,10.27,13.88,10.64,6.04,8.32,3.77
13:31:38.286,257912,13.90,10.27,13.88,10.47,6.16,9.38,4.71
13:31:38.389,258015,13.87,10.25,13.94,10.46,6.08,8.51,3.96
13:31:38.492,258118,13.90,10.25,13.94,10.46,6.20,7.57,3.61
13:31:38.594,258220,13.90,10.18,13.97,10.55,6.00,7.69,3.10
13:31:38.697,258322,13.82,10.13,14.03,10.65,5.92,8.00,3.22
13:31:38.798,258424,13.82,10.13,14.03,10.65,7.77,9.30,5.65
13:31:38.901,258526,13.82,10.13,14.03,10.65,7.02,9.45,0.35
13:31:39.003,258629,13.68,9.95,14.03,10.65,6.00,7.81,7.18
13:31:39.105,258731,13.68,9.95,14.08,10.83,8.39,8.47,1.88
13:31:39.207,258833,13.65,9.86,14.18,10.76,4.28,8.24,2.67
13:31:39.310,258936,13.52,9.86,14.18,10.76,5.84,7.10,3.02
13:31:39.412,259038,13.52,9.75,14.34,10.93,5.84,8.79,4.39
13:31:39.515,259140,13.50,9.59,14.41,10.93,8.36,9.38,2.39
13:31:39.617,259243,13.50,9.59,14.41,11.08,6.04,10.67,0.98
13:31:39.719,259345,13.39,9.45,14.53,11.13,5.37,8.08,5.92
13:31:39.819,259446,13.32,9.33,14.53,11.13,6.16,8.16,3.37
13:31:39.921,259547,13.32,9.33,14.60,11.19,4.86,7.81,2.86
13:31:40.024,259650,13.18,9.15,14.78,11.11,5.10,7.57,4.12
13:31:40.126,259752,13.18,9.15,14.78,11.11,6.32,9.38,4.04
13:31:40.228,259854,13.09,9.01,14.89,11.25,6.04,10.32,3.57
13:31:40.331,259957,12.98,8.89,15.02,11.25,5.41,8.75,1.37
13:31:40.433,260059,12.98,8.89,15.02,11.43,6.90,7.77,5.26
13:31:40.535,260161,13.01,8.75,14.99,11.61,7.49,7.85,2.94
13:31:40.637,260264,12.99,8.75,14.99,11.61,5.92,7.26,3.45
13:31:40.740,260366,12.99,8.68,15.15,11.74,6.04,7.41,2.35
13:31:40.842,260468,12.88,8.56,15.27,11.90,7.22,8.79,2.90
13:31:40.944,260571,12.88,8.56,15.27,11.90,6.75,9.92,3.69
13:31:41.047,260672,12.75,8.42,15.41,11.93,5.49,7.22,0.63
13:31:41.149,260775,12.68,8.20,15.41,11.93,7.30,7.77,4.86
13:31:41.251,260877,12.68,8.20,15.47,12.16,5.14,7.92,5.14
13:31:41.353,260979,12.55,8.06,15.63,12.25,5.41,7.30,3.22
13:31:41.456,261082,12.55,8.06,15.63,12.25,5.81,7.77,3.57
13:31:41.558,261184,12.32,7.98,15.66,12.40,6.16,8.90,3.57
13:31:41.660,261286,12.17,7.87,15.66,12.40,8.75,10.20,3.10
13:31:41.762,261388,12.17,7.87,15.66,12.54,3.80,7.69,1.69
13:31:41.863,261490,12.17,7.73,15.66,12.65,7.41,8.16,3.92
13:31:41.966,261592,12.01,7.68,15.66,12.65,5.26,9.61,2.20
13:31:42.069,261694,12.01,7.68,15.93,12.84,5.22,8.24,3.10
13:31:42.170,261797,11.89,7.57,15.94,12.90,5.37,8.94,2.82
13:31:42.273,261899,11.89,7.57,15.94,12.90,5.96,8.55,2.75
13:31:42.375,262001,11.89,7.57,15.94,12.90,7.14,8.59,4.08
13:31:42.478,262104,11.91,7.43,16.15,12.90,6.51,7.92,3.80
13:31:42.580,262206,11.91,7.43,16.15,13.01,6.90,7.96,3.73
13:31:42.682,262308,11.91,7.43,16.19,13.10,6.79,7.65,3.18
13:31:42.784,262410,11.91,7.43,16.19,13.10,6.98,7.61,4.16
13:31:42.886,262512,11.91,7.45,16.24,13.09,6.16,8.08,4.86
13:31:42.988,262614,11.94,7.37,16.28,13.16,6.83,7.65,4.31
13:31:43.091,262717,11.94,7.37,16.28,13.16,6.71,8.16,3.84
13:31:43.192,262818,11.92,7.35,16.30,13.18,6.12,8.43,4.00
13:31:43.295,262921,11.94,7.34,16.30,13.18,6.35,8.28,3.57
13:31:43.397,263023,11.94,7.34,16.31,13.19,6.51,8.47,3.10
13:31:43.499,263125,11.88,7.45,16.24,13.19,5.96,8.24,4.00
13:31:43.602,263228,11.88,7.45,16.24,13.19,6.39,8.04,4.12
13:31:43.704,263330,11.83,7.43,16.34,13.28,6.55,7.57,4.12
13:31:43.806,263433,11.81,7.25,16.29,13.28,6.55,7.18,3.65
13:31:43.910,263535,11.81,7.25,16.29,13.32,7.22,7.49,3.84
13:31:44.011,263637,11.81,7.35,16.32,13.32,8.87,9.41,5.10
13:31:44.114,263740,11.66,7.37,16.32,13.32,5.22,7.61,-0.67
13:31:44.215,263841,11.66,7.37,16.18,13.35,6.43,7.85,7.06
13:31:44.318,263944,11.63,7.48,16.21,13.39,7.18,8.47,2.04
13:31:44.420,264046,11.63,7.48,16.21,13.39,6.04,7.65,4.28
13:31:44.522,264148,11.54,7.53,16.15,13.47,5.88,7.41,4.12
13:31:44.625,264251,11.41,7.59,16.01,13.47,5.30,8.59,3.73
13:31:44.727,264353,11.41,7.59,16.01,13.44,6.94,9.65,3.26
13:31:44.829,264455,11.27,7.66,15.93,13.47,6.43,10.94,1.14
13:31:44.931,264558,11.19,7.66,15.93,13.47,4.59,6.32,8.36
13:31:45.034,264660,11.19,7.69,15.89,13.56,8.87,7.69,1.73
13:31:45.137,264762,11.07,7.76,15.73,13.59,4.20,7.69,4.35
13:31:45.238,264865,11.07,7.76,15.73,13.59,5.77,7.18,3.33
13:31:45.341,264966,10.95,7.85,15.73,13.60,5.30,8.47,4.51
13:31:45.443,265069,10.82,7.94,15.73,13.60,7.37,9.81,4.28
13:31:45.545,265171,10.82,7.94,15.65,13.68,6.00,9.41,2.94
13:31:45.647,265273,10.74,8.07,15.61,13.70,7.37,7.85,5.77
13:31:45.749,265375,10.74,8.07,15.61,13.70,8.04,8.16,2.28
13:31:45.852,265478,10.74,8.07,15.61,13.70,5.22,7.18,3.77
13:31:45.954,265580,10.50,8.30,15.36,13.70,5.53,7.65,3.26
13:31:46.057,265683,10.50,8.30,15.36,13.81,6.67,8.87,4.12
13:31:46.159,265785,10.38,8.37,15.27,13.86,8.71,10.47,6.59
13:31:46.261,265887,10.33,8.37,15.27,13.86,6.55,7.34,4.39
13:31:46.363,265989,10.33,8.45,15.23,13.98,8.75,6.24,1.53
13:31:46.466,266092,10.18,8.55,15.23,14.00,5.84,7.73,5.18
13:31:46.568,266194,10.18,8.55,15.23,14.00,5.73,7.22,4.82
13:31:46.670,266296,10.08,8.63,15.11,14.02,6.63,7.41,3.88
13:31:46.772,266399,9.94,8.72,15.11,14.02,7.10,8.75,3.26
13:31:46.875,266501,9.94,8.72,14.95,14.09,9.34,9.77,6.47
13:31:46.977,266603,9.83,8.83,14.94,14.12,6.59,7.81,1.77
13:31:47.079,266706,9.69,8.83,14.94,14.12,6.00,8.63,2.35
13:31:47.181,266807,9.69,8.99,14.83,14.16,4.47,7.96,3.96
13:31:47.284,266910,9.62,9.09,14.83,14.28,7.57,7.85,1.41
13:31:47.386,267013,9.62,9.09,14.83,14.28,5.33,9.10,4.12
13:31:47.488,267114,9.52,9.10,14.82,14.24,6.90,7.49,2.55
13:31:47.591,267217,9.50,9.11,14.82,14.24,7.53,7.45,3.65
13:31:47.693,267319,9.50,9.11,14.79,14.27,7.45,7.45,2.20
13:31:47.795,267421,9.48,9.07,14.72,14.31,7.69,7.61,3.77
13:31:47.897,267524,9.48,9.07,14.72,14.31,9.45,5.61,3.33
13:31:47.999,267626,9.45,8.99,14.72,14.28,8.00,7.14,4.98
13:31:48.102,267728,9.45,8.98,14.81,14.28,8.43,6.98,3.84
13:31:48.205,267831,9.45,8.98,14.81,14.31,7.69,6.71,4.00
13:31:48.306,267933,9.43,9.00,14.76,14.31,8.43,6.79,3.14
13:31:48.409,268035,9.36,9.00,14.76,14.31,6.67,7.49,4.00
13:31:48.511,268137,9.36,9.00,14.77,14.36,7.69,7.65,5.10
13:31:48.613,268240,9.37,9.09,14.74,14.40,8.28,7.96,3.49
13:31:48.716,268342,9.37,9.09,14.74,14.40,7.45,6.28,3.96
13:31:48.818,268444,9.33,9.18,14.76,14.40,7.37,6.32,2.55
13:31:48.919,268545,9.27,9.27,14.76,14.40,7.45,7.49,4.43
13:31:49.021,268647,9.27,9.27,14.74,14.46,11.81,7.53,2.71
13:31:49.123,268749,9.17,9.28,14.65,14.48,7.61,8.08,0.71
13:31:49.225,268851,9.17,9.28,14.65,14.48,6.20,7.02,7.88
13:31:49.327,268953,9.17,9.28,14.65,14.48,8.67,8.28,0.47
13:31:49.430,269056,8.98,9.51,14.48,14.48,4.90,6.55,4.47
13:31:49.532,269159,8.98,9.51,14.48,14.61,7.06,6.20,3.45
13:31:49.634,269260,8.87,9.63,14.43,14.64,6.43,8.55,3.80
13:31:49.737,269363,8.72,9.70,14.43,14.64,11.14,8.75,4.67
13:31:49.839,269465,8.72,9.70,14.39,14.74,7.73,8.59,3.33
13:31:49.941,269567,8.56,9.75,14.37,14.91,7.18,6.04,4.90
13:31:50.044,269670,8.56,9.75,14.37,14.91,6.32,6.75,5.06
13:31:50.146,269772,8.43,9.94,14.37,14.96,5.30,6.20,4.08
13:31:50.248,269875,8.32,10.06,14.26,14.96,7.37,6.04,3.53
13:31:50.350,269976,8.32,10.06,14.26,15.02,8.75,8.12,3.73
13:31:50.453,270079,8.22,10.13,14.18,15.11,10.79,9.49,7.69
13:31:50.555,270181,8.13,10.13,14.18,15.11,7.61,7.06,0.98
13:31:50.657,270283,8.13,10.30,14.03,15.13,6.86,7.02,2.04
13:31:50.760,270386,8.06,10.44,13.97,15.23,5.41,6.59,2.51
13:31:50.862,270488,8.06,10.44,13.97,15.23,6.16,7.02,3.33
13:31:50.964,270590,7.97,10.59,13.95,15.29,5.61,8.04,3.88
13:31:51.067,270693,7.89,10.73,13.95,15.29,6.63,8.32,3.61
13:31:51.169,270795,7.89,10.73,13.93,15.41,8.75,11.22,5.65
13:31:51.271,270897,7.77,10.85,13.89,15.48,6.39,6.43,3.41
13:31:51.373,270999,7.77,10.85,13.89,15.48,7.53,6.98,3.10
13:31:51.475,271101,7.68,10.92,13.94,15.55,6.86,6.86,4.00
13:31:51.578,271204,7.64,10.99,13.89,15.55,5.65,7.14,4.71
13:31:51.680,271307,7.64,10.99,13.89,15.62,6.04,7.22,5.77
13:31:51.782,271408,7.56,11.11,13.84,15.66,7.88,8.51,5.81
13:31:51.885,271511,7.54,11.11,13.84,15.66,7.65,8.94,3.14
13:31:51.987,271613,7.54,11.19,13.78,15.65,5.65,8.16,5.45
13:31:52.089,271715,7.55,11.27,13.73,15.68,7.10,7.41,2.12
13:31:52.192,271818,7.55,11.27,13.73,15.68,6.90,7.69,2.79
13:31:52.293,271919,7.55,11.35,13.73,15.74,6.08,7.77,3.22
13:31:52.396,272022,7.56,11.39,13.73,15.74,8.32,8.47,4.79
13:31:52.498,272124,7.56,11.39,13.73,15.74,6.32,7.37,4.94
13:31:52.600,272226,7.53,11.37,13.73,15.78,7.57,7.61,3.10
13:31:52.702,272328,7.53,11.37,13.73,15.78,7.34,7.53,4.24
13:31:52.805,272431,7.53,11.37,13.73,15.78,7.02,7.61,4.00
13:31:52.908,272533,7.50,11.46,13.70,15.78,7.41,7.92,3.30
13:31:53.010,272636,7.50,11.46,13.70,15.90,7.53,6.08,2.63
13:31:53.112,272738,7.46,11.43,13.73,15.85,8.47,6.83,4.00
13:31:53.214,272840,7.44,11.49,13.73,15.85,7.22,8.51,6.20
13:31:53.316,272942,7.44,11.49,13.68,15.83,7.26,6.63,4.24
13:31:53.419,273045,7.49,11.46,13.69,15.91,7.73,6.12,4.12
13:31:53.521,273147,7.49,11.46,13.69,15.91,7.92,6.75,4.08
13:31:53.623,273249,7.52,11.42,13.59,15.89,7.65,6.55,4.94
13:31:53.726,273352,7.60,11.48,13.54,15.89,7.73,6.98,4.04
13:31:53.828,273454,7.60,11.48,13.54,15.86,8.20,9.38,5.06
13:31:53.930,273556,7.71,11.63,13.47,15.80,5.61,8.39,2.82
13:31:54.032,273659,7.78,11.63,13.47,15.80,8.51,6.63,4.28
13:31:54.135,273761,7.78,11.63,13.34,15.69,8.83,6.51,2.55
13:31:54.237,273863,7.96,11.67,13.23,15.62,7.10,6.32,4.51
13:31:54.339,273965,7.96,11.67,13.23,15.62,7.65,5.22,3.02
13:31:54.442,274067,8.05,11.79,13.12,15.57,7.10,7.34,4.00
13:31:54.544,274170,8.15,11.85,13.12,15.57,9.14,11.22,5.53
13:31:54.646,274272,8.15,11.85,12.94,15.37,5.96,10.32,3.18
13:31:54.748,274374,8.22,11.94,12.77,15.28,6.43,5.57,7.61
13:31:54.850,274477,8.22,11.94,12.77,15.28,6.98,7.53,2.79
13:31:54.953,274579,8.36,12.09,12.63,15.21,6.32,6.12,3.57
13:31:55.055,274681,8.45,12.15,12.50,15.21,6.39,6.35,3.96
13:31:55.158,274784,8.45,12.15,12.50,15.09,7.61,8.04,4.94
13:31:55.260,274885,8.57,12.22,12.33,14.96,9.41,9.10,4.47
13:31:55.362,274988,8.72,12.22,12.33,14.96,6.59,7.45,0.39
13:31:55.464,275090,8.72,12.31,12.19,14.88,7.53,7.30,5.14
13:31:55.566,275192,8.87,12.42,12.03,14.76,6.43,7.02,2.35
13:31:55.669,275295,8.87,12.42,12.03,14.76,6.20,6.67,4.12
13:31:55.771,275397,9.01,12.54,11.90,14.62,7.22,7.30,2.28
13:31:55.872,275498,9.15,12.58,11.90,14.62,6.47,9.26,3.57
13:31:55.974,275600,9.15,12.58,11.71,14.51,6.04,10.40,4.04
13:31:56.076,275702,9.28,12.70,11.59,14.38,6.28,6.08,6.43
13:31:56.178,275804,9.28,12.70,11.59,14.38,7.34,7.41,2.86
13:31:56.280,275906,9.28,12.70,11.59,14.38,6.75,5.65,3.88
13:31:56.383,276009,9.55,12.90,11.27,14.21,6.24,6.98,4.31
13:31:56.486,276112,9.55,12.90,11.27,14.21,7.06,8.20,4.90
13:31:56.587,276213,9.66,12.96,11.17,14.06,9.53,8.75,4.90
13:31:56.690,276316,9.80,13.06,11.17,14.06,7.37,8.43,2.04
13:31:56.793,276418,9.80,13.06,11.05,13.98,6.79,6.59,4.08
13:31:56.894,276520,9.91,13.14,10.96,13.90,9.57,7.49,2.35
13:31:56.997,276623,9.91,13.14,10.96,13.90,6.39,8.08,3.61
13:31:57.099,276725,10.03,13.14,10.89,13.78,6.51,8.04,3.77
13:31:57.200,276826,10.12,13.23,10.82,13.78,5.73,8.32,3.96
13:31:57.301,276927,10.12,13.23,10.82,13.75,7.85,7.96,3.96
13:31:57.404,277030,10.12,13.26,10.76,13.69,7.65,6.24,3.80
13:31:57.506,277132,10.14,13.26,10.76,13.69,8.75,6.71,2.28
13:31:57.609,277235,10.14,13.34,10.71,13.69,7.85,6.79,2.59
13:31:57.711,277337,10.18,13.35,10.68,13.66,7.92,6.59,2.86
13:31:57.814,277439,10.18,13.35,10.68,13.66,7.41,7.37,3.77
13:31:57.915,277541,10.21,13.33,10.65,13.61,7.69,8.79,5.57
13:31:58.018,277644,10.24,13.40,10.65,13.61,6.35,6.98,4.55
13:31:58.120,277746,10.24,13.40,10.63,13.58,7.57,6.51,4.00
13:31:58.222,277848,10.29,13.42,10.61,13.64,7.37,7.14,4.47
13:31:58.325,277951,10.39,13.42,10.61,13.64,7.81,6.51,4.12
13:31:58.427,278053,10.39,13.38,10.64,13.56,9.22,8.08,4.43
13:31:58.529,278155,10.41,13.32,10.65,13.56,6.24,8.00,2.67
13:31:58.632,278258,10.41,13.32,10.65,13.47,7.18,6.75,4.55
13:31:58.734,278360,10.52,13.28,10.68,13.37,8.90,6.79,2.16
13:31:58.835,278461,10.60,13.25,10.68,13.37,6.47,7.22,4.71
13:31:58.936,278562,10.60,13.25,10.71,13.26,6.98,6.12,3.14
13:31:59.039,278665,10.62,13.27,10.68,13.17,6.20,7.57,3.69
13:31:59.140,278766,10.62,13.27,10.68,13.17,8.04,8.79,3.61
13:31:59.241,278867,10.71,13.20,10.67,13.02,7.73,10.63,3.92
13:31:59.344,278970,10.81,13.21,10.68,13.02,5.26,6.83,6.12
13:31:59.446,279072,10.81,13.21,10.68,12.88,6.43,7.73,3.73
13:31:59.548,279174,10.89,13.11,10.74,12.78,6.43,5.65,4.08
13:31:59.651,279276,10.89,13.11,10.74,12.78,6.32,6.59,4.71
13:31:59.753,279379,10.89,13.11,10.74,12.78,8.98,7.65,4.39
13:31:59.856,279481,11.08,12.92,10.83,12.62,8.36,9.02,5.45
13:31:59.958,279584,11.08,12.92,10.83,12.62,7.30,7.10,0.75
13:32:00.060,279686,11.10,12.79,10.95,12.52,8.51,6.67,3.06
13:32:00.161,279787,11.08,12.69,10.95,12.52,6.20,7.18,2.35
13:32:00.263,279889,11.08,12.69,11.00,12.45,6.55,6.43,2.08
13:32:00.364,279990,11.08,12.49,11.07,12.31,5.77,7.61,4.24
13:32:00.467,280093,11.08,12.49,11.07,12.31,7.73,10.67,3.37
13:32:00.568,280194,11.08,12.44,11.13,12.20,7.53,8.51,1.65
13:32:00.671,280297,11.37,12.41,11.19,12.20,7.73,7.10,4.86
13:32:00.774,280400,11.37,12.41,11.19,12.08,5.45,7.92,6.55
13:32:00.875,280501,11.49,12.31,11.26,11.97,6.04,6.63,4.04
13:32:00.978,280604,11.55,12.31,11.26,11.97,5.96,6.75,5.14
13:32:01.080,280706,11.55,12.22,11.31,11.93,7.26,7.73,5.45
13:32:01.183,280808,11.60,12.16,11.42,11.84,10.55,9.49,6.12
13:32:01.285,280911,11.60,12.16,11.42,11.84,4.43,7.53,2.94
13:32:01.386,281012,11.64,11.98,11.51,11.80,7.02,7.57,2.94
13:32:01.489,281115,11.65,11.81,11.51,11.80,6.04,8.83,2.39
13:32:01.591,281217,11.65,11.81,11.60,11.74,5.06,8.71,3.26
13:32:01.694,281319,11.70,11.82,11.68,11.72,4.39,8.94,3.57
13:32:01.796,281422,11.71,11.82,11.68,11.72,5.69,9.06,3.69
13:32:01.898,281524,11.71,11.71,11.71,11.68,5.73,8.16,4.12
13:32:02.000,281626,11.72,11.76,11.67,11.68,7.69,7.65,3.96
13:32:02.103,281729,11.72,11.76,11.67,11.68,7.02,7.57,3.65
13:32:02.205,281831,11.71,11.75,11.68,11.66,7.61,7.45,3.37
13:32:02.306,281932,11.74,11.74,11.68,11.66,7.14,7.73,3.45
13:32:02.408,282033,11.74,11.74,11.71,11.67,7.34,7.49,3.69
13:32:02.510,282136,11.72,11.71,11.68,11.64,7.41,7.61,3.73
13:32:02.612,282238,11.72,11.71,11.68,11.64,7.30,7.85,3.53
13:32:02.714,282340,11.72,11.74,11.68,11.63,7.34,7.57,3.49
13:32:02.817,282443,11.75,11.80,11.67,11.63,7.06,7.65,3.77
13:32:02.919,282545,11.75,11.80,11.67,11.64,6.83,7.85,3.65
13:32:03.022,282647,11.76,11.80,11.64,11.63,7.22,7.81,3.84
13:32:03.123,282749,11.76,11.80,11.64,11.63,7.10,7.65,3.92
13:32:03.226,282852,11.76,11.80,11.64,11.63,7.10,7.81,4.35
13:32:03.328,282954,11.77,11.78,11.64,11.60,7.06,7.69,3.69
13:32:03.431,283057,11.77,11.78,11.64,11.60,6.98,7.61,3.49
13:32:03.533,283158,11.74,11.72,11.68,11.62,7.02,7.65,3.73
13:32:03.635,283261,11.78,11.72,11.68,11.62,7.30,7.65,3.45
13:32:03.737,283363,11.78,11.72,11.66,11.62,6.86,7.69,3.49
13:32:03.839,283465,11.73,11.70,11.66,11.63,7.14,7.57,3.61
13:32:03.942,283568,11.73,11.70,11.66,11.63,7.14,7.73,3.80
13:32:04.044,283670,11.79,11.74,11.63,11.63,6.94,7.88,3.88
13:32:04.146,283772,11.76,11.77,11.68,11.63,7.02,7.77,3.77
13:32:04.249,283875,11.76,11.77,11.68,11.62,6.94,7.73,3.80
13:32:04.351,283977,11.79,11.74,11.69,11.62,6.86,7.81,3.77
13:32:04.452,284078,11.80,11.76,11.69,11.62,7.18,7.73,3.41
13:32:04.554,284180,11.80,11.76,11.66,11.60,6.86,7.77,3.45
13:32:04.656,284282,11.80,11.78,11.65,11.59,7.26,7.69,3.45
13:32:04.759,284384,11.80,11.78,11.65,11.59,6.83,7.85,3.69
13:32:04.860,284486,11.80,11.73,11.67,11.58,6.98,7.96,3.57
13:32:04.963,284589,11.80,11.80,11.67,11.58,7.02,7.85,3.30
13:32:05.065,284691,11.80,11.80,11.67,11.60,7.02,7.73,3.45
13:32:05.167,284793,11.79,11.69,11.70,11.60,6.75,7.85,3.61
13:32:05.270,284896,11.80,11.69,11.70,11.60,6.98,7.96,3.73
13:32:05.372,284998,11.80,11.71,11.67,11.63,6.86,7.81,3.49
13:32:05.474,285100,11.80,11.79,11.67,11.60,6.83,7.85,3.65
13:32:05.577,285203,11.80,11.79,11.67,11.60,6.90,7.92,3.77
13:32:05.679,285304,11.80,11.72,11.69,11.61,7.26,7.77,3.88
13:32:05.781,285407,11.78,11.71,11.69,11.61,6.98,7.77,3.57
13:32:05.883,285509,11.78,11.71,11.66,11.59,7.14,7.65,3.53
13:32:05.986,285611,11.83,11.80,11.69,11.58,7.10,7.88,3.41
13:32:06.088,285714,11.83,11.80,11.69,11.58,6.83,7.88,3.30
13:32:06.190,285816,11.82,11.74,11.65,11.60,7.06,7.73,3.33
13:32:06.293,285918,11.82,11.73,11.69,11.60,7.73,7.53,3.49
13:32:06.395,286021,11.82,11.73,11.69,11.59,12.67,5.22,6.35
13:32:06.497,286123,11.81,11.75,11.70,11.63,2.31,2.20,-0.82
13:32:06.599,286224,11.81,11.75,11.70,11.63,6.43,1.57,-0.39
13:32:06.700,286326,11.81,11.75,11.70,11.63,3.45,4.82,-2.35
13:32:06.802,286428,11.89,11.61,12.07,11.45,-6.59,8.75,-4.59
13:32:06.905,286531,11.89,11.61,12.07,11.45,-12.08,8.98,-2.86
13:32:07.007,286632,12.07,11.49,11.87,11.29,-9.49,12.87,4.12
13:32:07.109,286735,12.23,11.59,11.87,11.29,-7.69,10.94,10.36
13:32:07.211,286837,12.23,11.59,11.72,11.26,-2.39,9.02,6.67
13:32:07.313,286939,12.10,11.49,11.78,11.25,-4.39,7.53,2.12
13:32:07.416,287042,12.11,11.49,11.78,11.25,0.71,9.89,9.34
13:32:07.518,287144,12.11,11.56,11.93,11.26,0.86,6.16,5.14
13:32:07.619,287245,12.04,11.73,11.91,11.26,-2.24,7.30,15.06
13:32:07.721,287347,12.04,11.73,11.91,11.25,0.00,6.51,9.30
13:32:07.823,287449,12.02,11.57,11.70,11.21,0.24,6.94,7.26
13:32:07.926,287552,12.01,11.56,11.70,11.21,0.67,6.59,5.22
13:32:08.027,287653,12.01,11.56,11.61,11.21,1.29,9.18,6.71
13:32:08.129,287755,12.01,11.56,11.61,11.21,0.00,8.32,5.49
13:32:08.231,287857,12.01,11.56,11.61,11.21,1.69,9.61,6.98
13:32:08.333,287959,12.14,11.59,11.68,11.18,0.04,8.32,5.61
13:32:08.436,288062,12.18,11.59,11.63,11.18,0.98,8.59,9.49
13:32:08.538,288163,12.18,11.59,11.63,11.19,1.69,10.51,8.98
13:32:08.640,288266,12.18,11.56,11.60,11.18,-0.94,10.51,9.73
13:32:08.743,288368,12.16,11.56,11.60,11.18,-6.08,5.73,7.61
13:32:08.845,288471,12.16,11.71,11.54,11.16,8.08,8.04,3.53
13:32:08.947,288573,12.25,11.80,11.51,11.42,6.24,7.88,2.12
13:32:09.050,288675,12.25,11.80,11.51,11.42,4.16,8.71,4.82
13:32:09.151,288777,23.50,11.87,11.66,11.11,3.26,7.14,2.71
13:32:09.254,288880,23.40,11.83,11.66,11.11,12.63,9.18,8.32
13:32:09.356,288982,23.40,11.83,11.66,11.08,2.00,8.67,4.08
13:32:09.458,289084,23.40,11.75,11.78,11.44,5.92,8.04,3.10
13:32:09.561,289186,23.40,11.75,11.78,11.44,6.20,7.92,3.61
13:32:09.663,289289,23.38,11.80,11.55,11.20,4.59,7.65,3.49
