13:37:18.180,597802,11.62,14.31,11.87,24.94,-0.75,10.08,-0.27
13:37:18.282,597904,11.62,15.63,11.87,24.94,-0.59,10.63,-0.31
13:37:18.384,598007,11.62,15.63,11.87,24.94,-0.98,11.14,-0.08
13:37:18.487,598109,11.61,15.44,11.94,24.97,-0.59,8.75,-1.37
13:37:18.589,598211,11.69,11.46,11.97,24.97,-0.75,10.00,-1.02
13:37:18.691,598313,11.69,11.46,11.97,24.79,-1.22,11.61,-0.43
13:37:18.793,598416,11.72,11.53,11.91,24.77,-0.67,7.02,-2.67
13:37:18.896,598518,11.64,11.53,11.91,24.77,-1.49,10.08,-1.18
13:37:18.997,598620,11.64,11.48,11.87,11.99,-0.94,9.61,-1.96
13:37:19.099,598721,11.64,11.48,11.87,11.99,-1.57,9.38,-1.49
13:37:19.201,598824,11.64,11.48,11.87,11.99,-1.06,9.34,-1.92
13:37:19.303,598925,11.65,11.45,11.87,12.00,-1.37,9.34,-1.41
13:37:19.406,599028,11.65,11.45,11.87,12.00,-0.86,10.75,-1.10
13:37:19.509,599130,11.65,11.45,11.87,11.95,-1.14,9.61,-1.45
13:37:19.610,599233,11.65,11.48,11.90,12.01,-0.90,9.45,-1.65
13:37:19.713,599335,11.65,11.48,11.90,12.01,-1.14,9.81,-1.29
13:37:19.815,599437,11.64,11.49,11.89,11.97,-1.02,10.00,-1.37
13:37:19.917,599540,11.64,11.47,11.88,11.97,-0.98,9.26,-1.69
13:37:20.018,599641,11.64,11.47,11.88,11.95,-1.37,9.34,-1.61
13:37:20.120,599742,11.64,11.46,11.91,11.96,-1.41,10.04,-1.10
13:37:20.222,599845,11.65,11.46,11.91,11.96,-0.75,10.04,-1.45
13:37:20.324,599947,11.65,11.47,11.90,11.95,-1.02,9.53,-1.65
13:37:20.427,600049,11.61,11.50,11.86,11.93,-1.06,9.57,-1.53
13:37:20.529,600152,11.61,11.50,11.86,11.93,-0.94,9.85,-1.57
13:37:20.631,600254,11.60,11.48,11.86,11.97,-0.75,9.73,-1.69
13:37:20.732,600355,11.66,11.47,11.86,11.97,-1.06,9.69,-1.53
13:37:20.835,600457,11.66,11.47,11.87,12.00,-1.02,9.49,-1.57
13:37:20.936,600559,11.68,11.53,11.93,12.01,-0.82,9.85,-1.69
13:37:21.039,600661,11.68,11.53,11.93,12.01,-0.86,10.04,-1.37
13:37:21.141,600763,11.67,11.44,11.92,12.03,-0.94,9.69,-1.57
13:37:21.244,600866,11.68,11.48,11.89,12.03,-0.71,9.49,-1.69
13:37:21.347,600969,11.68,11.48,11.89,12.01,-0.98,9.65,-1.53
13:37:21.450,601072,11.66,11.50,11.94,11.95,-1.14,9.61,-1.37
13:37:21.553,601175,11.67,11.49,11.94,11.95,-0.98,9.61,-1.53
13:37:21.654,601277,11.67,11.49,11.86,11.94,-0.82,10.04,-1.45
13:37:21.757,601379,11.66,11.49,11.90,11.98,-1.02,9.69,-1.37
13:37:21.859,601482,11.66,11.49,11.90,11.98,-0.94,9.73,-1.45
13:37:21.961,601584,11.68,11.49,11.86,11.94,-0.78,9.77,-1.37
13:37:22.064,601686,11.69,11.51,11.93,11.94,-1.10,9.96,-1.06
13:37:22.167,601789,11.69,11.51,11.93,12.00,-0.82,9.77,-1.33
13:37:22.268,601891,11.68,11.54,11.89,12.00,-0.90,9.85,-1.41
13:37:22.371,601993,11.69,11.54,11.89,12.00,-0.78,10.00,-1.26
13:37:22.472,602095,11.69,11.52,11.93,11.98,-0.94,9.73,-1.33
13:37:22.574,602196,11.69,11.52,11.93,11.98,-0.94,9.81,-1.22
13:37:22.676,602299,11.69,11.52,11.93,11.98,-1.06,9.61,-1.41
13:37:22.780,602402,11.67,11.50,11.90,11.94,-1.02,9.65,-1.33
13:37:22.883,602505,11.67,11.49,11.90,11.94,-0.86,9.73,-1.26
13:37:22.985,602607,11.67,11.49,11.88,11.99,-1.22,9.96,-1.10
13:37:23.087,602709,11.67,11.47,11.84,11.97,-1.22,9.41,-1.37
13:37:23.190,602812,11.66,11.47,11.84,11.97,-0.75,10.04,-1.22
13:37:23.291,602914,11.66,11.51,11.87,11.95,-1.14,9.92,-0.94
13:37:23.394,603016,11.65,11.50,11.86,11.95,-0.82,9.77,-1.45
13:37:23.496,603119,11.65,11.50,11.86,11.91,-0.90,9.77,-1.29
13:37:23.599,603221,11.65,11.50,11.86,11.91,-0.63,9.81,-1.45
13:37:23.701,603323,11.65,11.50,11.86,11.91,-0.71,9.73,-1.41
13:37:23.803,603426,11.65,11.50,11.86,11.91,-0.86,9.65,-1.18
13:37:23.906,603529,11.65,11.51,11.87,11.92,-0.78,9.89,-1.14
13:37:24.009,603631,11.65,11.51,11.87,11.92,-0.75,10.12,-1.10
13:37:24.111,603733,11.66,11.50,11.87,11.92,-0.82,9.61,-1.29
13:37:24.213,603836,11.65,11.50,11.85,11.92,-0.78,9.49,-1.45
13:37:24.315,603938,11.65,11.50,11.85,11.92,-0.98,10.00,-0.90
13:37:24.418,604040,11.64,11.47,11.87,11.91,-0.90,10.08,-1.06
13:37:24.520,604143,11.66,11.47,11.87,11.91,-0.71,10.16,-1.06
13:37:24.622,604245,11.66,11.51,11.85,11.89,-0.90,10.00,-1.10
13:37:24.725,604347,11.66,11.49,11.87,11.94,-0.90,9.61,-1.45
13:37:24.827,604450,11.66,11.49,11.87,11.94,-0.98,9.73,-1.26
13:37:24.929,604551,11.65,11.57,11.83,11.93,-1.06,9.69,-0.98
13:37:25.032,604654,11.61,11.51,11.83,11.93,-0.78,9.92,-1.14
13:37:25.134,604756,11.61,11.51,11.81,11.94,-0.71,9.85,-1.14
13:37:25.236,604858,11.64,11.49,11.83,11.93,-0.75,9.65,-1.41
13:37:25.338,604961,11.64,11.49,11.83,11.93,-0.86,9.85,-1.22
13:37:25.441,605063,11.67,11.53,11.83,11.94,-0.78,10.00,-1.14
13:37:25.543,605166,11.67,11.50,11.83,11.94,-0.71,9.96,-1.33
13:37:25.644,605267,11.67,11.50,11.83,11.91,-0.94,9.69,-1.29
13:37:25.746,605368,11.65,11.50,11.83,11.95,-0.98,9.81,-1.22
13:37:25.847,605470,11.65,11.50,11.83,11.95,-0.75,9.89,-1.22
13:37:25.950,605573,11.65,11.51,11.83,11.92,-0.71,9.73,-1.41
13:37:26.052,605674,11.65,11.51,11.83,11.92,-0.63,9.81,-1.26
13:37:26.155,605777,11.65,11.51,11.83,11.92,-0.71,10.04,-1.06
13:37:26.257,605879,11.66,11.55,11.82,11.93,-0.86,9.81,-1.06
13:37:26.359,605982,11.65,11.52,11.84,11.93,-0.67,9.89,-1.29
13:37:26.461,606083,11.65,11.52,11.84,11.91,-0.67,9.81,-1.22
13:37:26.563,606186,11.65,11.51,11.84,11.94,-0.86,9.85,-1.26
13:37:26.666,606288,11.65,11.51,11.84,11.94,-0.82,9.89,-1.22
13:37:26.769,606391,11.65,11.48,11.86,11.92,-0.67,9.57,-1.37
13:37:26.870,606493,11.66,11.48,11.88,11.95,-0.86,9.85,-0.98
13:37:26.973,606595,11.66,11.48,11.88,11.95,-0.86,9.85,-1.02
13:37:27.075,606697,11.65,11.49,11.84,11.98,-0.78,9.77,-1.29
13:37:27.177,606800,11.65,11.49,11.84,11.98,-1.02,9.77,-0.82
13:37:27.280,606902,11.65,11.49,11.85,11.92,-0.98,10.04,-1.10
13:37:27.382,607004,11.63,11.47,11.88,11.94,-0.78,9.89,-1.29
13:37:27.484,607107,11.63,11.47,11.88,11.94,-0.78,9.65,-1.33
13:37:27.586,607209,11.65,11.51,11.85,11.94,-0.82,9.81,-1.10
13:37:27.689,607311,11.64,11.50,11.85,11.94,-0.90,9.85,-1.02
13:37:27.792,607414,11.64,11.50,11.85,11.95,-0.86,9.85,-1.14
13:37:27.893,607516,11.65,11.51,11.86,11.94,-0.82,9.85,-1.18
13:37:27.996,607619,11.64,11.50,11.86,11.94,-0.86,9.57,-1.22
13:37:28.098,607720,11.64,11.50,11.84,11.96,-0.98,10.04,-0.86
13:37:28.201,607823,11.64,11.46,11.83,11.94,-0.98,10.00,-0.86
13:37:28.303,607925,11.64,11.46,11.83,11.94,-0.78,9.89,-1.10
13:37:28.405,608027,11.59,11.47,11.83,11.94,-0.98,9.85,-1.02
13:37:28.508,608130,11.63,11.47,11.86,11.94,-0.94,9.77,-1.10
13:37:28.610,608232,11.63,11.47,11.86,11.94,-0.94,9.77,-1.06
13:37:28.712,608334,11.64,11.44,11.87,11.95,-0.94,10.04,-0.90
13:37:28.815,608437,11.64,11.44,11.87,11.95,-0.98,9.85,-0.94
13:37:28.917,608539,11.64,11.47,11.83,11.96,-0.86,9.77,-1.22
13:37:29.019,608642,11.63,11.49,11.86,11.93,-0.67,9.85,-1.14
13:37:29.122,608744,11.63,11.49,11.86,11.93,-0.90,9.85,-0.90
13:37:29.223,608846,11.65,11.46,11.84,11.95,-0.67,10.24,-0.90
13:37:29.324,608947,11.64,11.51,11.84,11.95,-0.86,10.12,-0.86
13:37:29.425,609048,11.64,11.51,11.83,11.94,-0.51,9.77,-1.45
13:37:29.527,609149,11.64,11.51,11.83,11.94,-0.75,9.65,-1.14
13:37:29.630,609252,11.64,11.51,11.83,11.94,-0.98,10.04,-0.82
13:37:29.731,609354,11.63,11.46,11.88,11.90,-0.67,9.92,-1.10
13:37:29.834,609456,11.64,11.43,11.86,11.90,-0.67,9.69,-1.22
13:37:29.937,609558,11.64,11.43,11.86,11.95,-1.10,9.85,-0.98
13:37:30.039,609661,11.65,11.47,11.87,11.95,-0.59,10.08,-0.98
13:37:30.141,609763,11.60,11.47,11.87,11.95,-0.82,9.69,-1.06
13:37:30.243,609866,11.60,11.45,11.82,11.96,-0.94,9.73,-0.98
13:37:30.346,609968,11.65,11.44,11.87,11.92,-0.71,9.53,-0.98
13:37:30.448,610070,11.65,11.44,11.87,11.92,-0.90,10.43,-0.43
13:37:30.550,610172,11.64,11.44,11.80,11.97,-0.71,10.08,-0.94
13:37:30.653,610275,11.65,11.45,11.80,11.97,-0.71,9.89,-1.29
13:37:30.755,610377,11.65,11.45,11.85,11.93,-1.02,10.00,-1.06
13:37:30.857,610479,11.64,11.48,11.88,11.95,-0.78,10.00,-0.98
13:37:30.960,610582,11.65,11.48,11.88,11.95,-0.82,9.81,-1.14
13:37:31.062,610684,11.65,11.45,11.90,11.95,-0.82,9.85,-1.14
13:37:31.164,610786,11.66,11.48,11.84,11.95,-0.90,9.96,-0.98
13:37:31.267,610889,11.66,11.48,11.84,11.95,-0.90,10.00,-0.90
13:37:31.369,610991,11.61,11.43,11.82,11.94,-0.82,9.92,-1.14
13:37:31.471,611094,11.62,11.46,11.82,11.94,-0.94,9.81,-1.02
13:37:31.573,611196,11.62,11.46,11.84,12.00,-0.75,9.96,-0.86
13:37:31.676,611298,11.65,11.45,11.87,11.96,-1.14,9.85,-1.02
13:37:31.778,611401,11.65,11.45,11.87,11.96,-0.71,9.81,-1.26
13:37:31.881,611503,11.64,11.48,11.82,11.96,-0.98,9.77,-0.86
13:37:31.983,611605,11.65,11.48,11.82,11.96,-1.02,9.81,-0.90
13:37:32.085,611707,11.65,11.48,11.82,11.93,-0.94,10.04,-0.71
13:37:32.187,611810,11.66,11.48,11.84,11.93,-0.86,10.12,-0.90
13:37:32.290,611912,11.66,11.48,11.84,11.93,-0.59,9.92,-1.14
13:37:32.392,612014,11.66,11.52,11.83,11.96,-0.75,9.73,-1.14
13:37:32.495,612117,11.64,11.49,11.85,11.94,-1.14,9.77,-1.14
13:37:32.597,612219,11.64,11.49,11.85,11.94,-0.98,9.57,-1.06
13:37:32.699,612321,11.66,11.47,11.84,11.91,-0.75,9.85,-1.22
13:37:32.801,612424,11.69,11.44,11.84,11.91,-1.18,9.69,-0.90
13:37:32.902,612525,11.69,11.44,11.84,11.94,-0.75,9.96,-1.02
13:37:33.004,612626,11.69,11.44,11.84,11.94,-0.78,9.77,-1.14
13:37:33.106,612729,11.69,11.44,11.84,11.94,-0.78,9.81,-1.10
13:37:33.209,612831,11.66,11.51,11.83,11.92,-0.59,10.04,-0.98
13:37:33.311,612933,11.64,11.49,11.87,11.92,-0.86,9.89,-1.06
13:37:33.414,613036,11.64,11.49,11.87,11.95,-0.67,9.96,-1.10
13:37:33.515,613138,11.66,11.53,11.82,11.93,-0.75,9.73,-1.10
13:37:33.618,613241,11.64,11.49,11.82,11.93,-0.98,9.85,-1.06
13:37:33.720,613342,11.64,11.49,11.83,11.93,-0.59,10.08,-0.98
13:37:33.823,613445,11.60,11.50,11.82,11.91,-1.06,9.65,-0.98
13:37:33.925,613547,11.60,11.50,11.82,11.91,-0.75,9.73,-1.22
13:37:34.027,613649,11.64,11.48,11.84,11.99,-0.86,9.92,-0.78
13:37:34.130,613752,11.67,11.51,11.81,11.99,-0.90,10.00,-0.82
13:37:34.232,613854,11.67,11.51,11.81,11.93,-1.02,9.77,-0.98
13:37:34.334,613956,11.68,11.45,11.82,11.97,-0.75,9.96,-0.98
13:37:34.437,614059,11.65,11.45,11.82,11.97,-0.90,10.00,-0.86
13:37:34.539,614161,11.65,11.46,11.81,11.98,-0.90,10.00,-0.82
13:37:34.641,614264,11.64,11.49,11.87,11.96,-0.86,9.65,-1.06
13:37:34.744,614366,11.64,11.49,11.87,11.96,-0.82,10.08,-0.86
13:37:34.846,614468,11.64,11.44,11.82,11.95,-1.10,9.85,-0.82
13:37:34.947,614569,11.66,11.48,11.82,11.95,-0.75,9.85,-1.22
13:37:35.049,614671,11.66,11.48,11.87,11.99,-0.90,9.85,-0.90
13:37:35.151,614773,11.66,11.53,11.84,12.01,-0.94,9.85,-0.78
13:37:35.253,614876,11.66,11.53,11.84,12.01,-1.02,9.96,-0.82
13:37:35.355,614978,11.65,11.55,11.81,11.97,-0.90,9.85,-1.06
13:37:35.458,615080,11.66,11.49,11.83,11.97,-0.82,9.96,-1.02
13:37:35.561,615183,11.66,11.49,11.83,11.96,-0.98,10.00,-0.94
13:37:35.662,615285,11.62,11.48,11.84,11.97,-0.94,9.65,-1.06
13:37:35.765,615387,11.63,11.48,11.84,11.97,-1.06,9.81,-0.90
13:37:35.867,615489,11.63,11.49,11.83,11.96,-1.14,9.92,-0.75
13:37:35.969,615592,11.66,11.54,11.82,11.97,-0.94,9.96,-1.06
13:37:36.072,615694,11.66,11.54,11.82,11.97,-0.78,9.81,-1.14
13:37:36.173,615796,11.66,11.54,11.86,12.00,-0.86,9.77,-1.26
13:37:36.277,615899,11.65,11.52,11.86,12.00,-0.82,9.81,-0.98
13:37:36.377,616000,11.65,11.52,11.84,11.98,-0.94,9.81,-1.06
13:37:36.479,616101,11.65,11.52,11.84,11.98,-0.90,10.00,-1.06
13:37:36.582,616204,11.67,11.52,11.84,11.98,-1.10,9.85,-1.02
13:37:36.683,616306,11.67,11.57,11.82,11.95,-1.22,9.49,-1.02
13:37:36.786,616408,11.65,11.57,11.84,11.95,-0.90,9.92,-1.06
13:37:36.889,616511,11.65,11.57,11.84,11.93,-1.06,9.92,-0.94
13:37:36.990,616613,11.65,11.53,11.83,11.92,-0.86,9.89,-1.18
13:37:37.093,616716,11.62,11.54,11.83,11.92,-0.75,9.89,-1.18
13:37:37.195,616817,11.62,11.54,11.84,11.94,-0.94,9.77,-1.18
13:37:37.298,616920,11.64,11.53,11.82,11.97,-0.98,9.89,-1.02
13:37:37.400,617022,11.64,11.53,11.82,11.97,-0.94,10.08,-0.98
13:37:37.502,617124,11.64,11.57,11.79,11.93,-1.02,9.77,-1.26
13:37:37.605,617227,11.64,11.55,11.82,11.93,-0.78,9.38,-1.41
13:37:37.707,617329,11.64,11.55,11.82,11.93,-0.90,9.92,-0.82
13:37:37.809,617431,11.65,11.51,11.82,11.97,-0.98,10.04,-0.86
13:37:37.912,617534,11.63,11.51,11.82,11.97,-1.02,9.92,-1.06
13:37:38.014,617636,11.63,11.49,11.82,11.97,-0.51,10.12,-1.22
13:37:38.116,617739,11.61,11.54,11.82,11.95,-0.86,10.00,-1.18
13:37:38.219,617841,11.61,11.54,11.82,11.95,-0.59,9.81,-1.29
13:37:38.320,617943,11.66,11.55,11.81,11.96,-0.90,9.85,-1.02
13:37:38.422,618044,11.65,11.51,11.81,11.96,-0.82,10.00,-1.06
13:37:38.524,618146,11.65,11.51,11.81,11.95,-0.78,9.96,-0.90
13:37:38.626,618248,11.65,11.56,11.82,12.00,-0.90,10.00,-0.98
13:37:38.728,618351,11.65,11.56,11.82,12.00,-0.86,9.77,-1.22
13:37:38.830,618453,11.64,11.54,11.79,11.98,-0.94,9.65,-1.22
13:37:38.933,618555,11.63,11.56,11.80,11.98,-1.10,9.81,-0.90
13:37:39.036,618658,11.63,11.56,11.80,12.00,-0.98,10.04,-0.90
13:37:39.137,618760,11.66,11.53,11.83,11.96,-0.90,9.89,-0.98
13:37:39.239,618861,11.66,11.56,11.83,11.96,-0.71,9.73,-1.29
13:37:39.340,618962,11.66,11.56,11.76,11.96,-0.82,9.69,-1.33
13:37:39.443,619065,11.64,11.57,11.77,11.99,-1.06,10.00,-1.14
13:37:39.545,619167,11.64,11.57,11.77,11.99,-1.06,9.57,-1.33
13:37:39.647,619269,11.65,11.52,11.77,11.94,-0.75,9.53,-1.53
13:37:39.750,619372,11.63,11.54,11.81,11.94,-0.98,9.69,-1.18
13:37:39.852,619475,11.63,11.54,11.81,11.97,-0.86,9.61,-1.37
13:37:39.954,619577,11.63,11.54,11.81,11.97,-0.86,9.61,-1.26
13:37:40.057,619679,11.64,11.54,11.81,11.97,-0.78,9.73,-1.33
13:37:40.159,619781,11.64,11.55,11.78,11.95,-0.86,9.77,-1.29
13:37:40.261,619884,11.65,11.51,11.77,11.95,-0.90,9.81,-1.22
13:37:40.364,619986,11.65,11.51,11.77,11.95,-0.75,9.81,-1.22
13:37:40.466,620088,11.62,11.51,11.75,11.97,-0.82,10.08,-1.18
13:37:40.568,620191,11.65,11.53,11.75,11.97,-0.75,10.04,-1.14
13:37:40.671,620293,11.65,11.53,11.78,11.99,-0.75,9.65,-1.37
13:37:40.773,620395,11.65,11.57,11.78,11.98,-0.82,10.00,-1.18
13:37:40.875,620497,11.65,11.57,11.78,11.98,-1.02,9.85,-1.02
13:37:40.977,620599,11.67,11.56,11.78,12.04,-0.86,9.85,-1.22
13:37:41.080,620702,11.66,11.57,11.81,12.04,-0.86,9.89,-1.06
13:37:41.181,620804,11.66,11.57,11.81,12.04,-0.86,9.85,-1.10
13:37:41.284,620906,11.66,11.57,11.81,12.04,-0.78,9.85,-1.29
13:37:41.386,621008,11.64,11.57,11.81,12.04,-0.63,10.00,-1.33
13:37:41.489,621110,11.64,11.53,11.79,12.01,-1.06,9.73,-0.94
13:37:41.591,621213,11.65,11.58,11.80,12.02,-0.71,10.24,-1.06
13:37:41.693,621315,11.65,11.58,11.80,12.02,-0.98,10.00,-0.94
13:37:41.795,621417,11.65,11.57,11.75,12.01,-0.94,9.96,-1.10
13:37:41.897,621520,11.64,11.53,11.75,12.01,-0.94,9.85,-1.26
13:37:42.000,621622,11.64,11.53,11.73,12.04,-0.90,9.81,-1.37
13:37:42.102,621724,11.65,11.54,11.79,11.97,-0.94,9.81,-1.10
13:37:42.205,621827,11.65,11.54,11.79,11.97,-0.90,9.85,-1.22
13:37:42.306,621929,11.65,11.59,11.76,11.99,-0.90,9.81,-1.14
13:37:42.409,622031,11.64,11.58,11.78,11.99,-0.78,9.85,-1.14
13:37:42.512,622134,11.64,11.58,11.78,11.97,-1.02,9.61,-1.41
13:37:42.613,622236,11.64,11.57,11.79,11.99,-1.22,9.53,-1.22
13:37:42.714,622337,11.64,11.50,11.79,11.99,-0.78,9.73,-1.10
13:37:42.817,622439,11.64,11.50,11.73,11.97,-1.29,9.89,-0.98
13:37:42.919,622541,11.64,11.50,11.80,12.02,-0.82,9.89,-1.14
13:37:43.021,622644,11.64,11.50,11.80,12.02,-0.98,9.89,-1.02
13:37:43.123,622746,11.65,11.55,11.71,11.99,-0.90,10.00,-1.02
13:37:43.226,622848,11.64,11.59,11.77,11.99,-0.90,9.96,-0.98
13:37:43.328,622951,11.64,11.59,11.77,11.99,-0.82,9.73,-1.14
13:37:43.430,623053,11.64,11.59,11.77,11.99,-0.94,9.85,-1.10
13:37:43.533,623155,11.65,11.59,11.77,11.99,-1.02,9.89,-1.10
13:37:43.635,623257,11.65,11.54,11.78,12.03,-0.98,9.77,-1.02
13:37:43.738,623360,11.67,11.56,11.75,12.08,-0.82,10.04,-0.94
13:37:43.840,623462,11.67,11.56,11.75,12.08,-1.06,9.81,-0.98
13:37:43.942,623564,11.65,11.57,11.74,12.07,-0.82,9.81,-1.26
13:37:44.044,623667,11.66,11.57,11.74,12.07,-0.94,9.81,-0.98
13:37:44.146,623769,11.66,11.57,11.78,12.04,-0.98,9.85,-1.02
13:37:44.249,623871,11.67,11.51,11.78,12.02,-0.78,9.89,-1.14
13:37:44.351,623973,11.67,11.51,11.78,12.02,-1.10,9.89,-0.90
13:37:44.453,624075,11.64,11.51,11.77,12.00,-0.94,9.81,-1.02
13:37:44.556,624178,11.64,11.53,11.78,12.00,-0.71,9.77,-1.33
13:37:44.658,624281,11.64,11.53,11.78,12.00,-0.86,9.65,-1.26
13:37:44.762,624384,11.66,11.56,11.77,12.01,-0.71,9.85,-1.10
13:37:44.865,624487,11.64,11.55,11.77,12.01,-1.02,9.73,-1.02
13:37:44.966,624589,11.64,11.55,11.75,11.97,-0.82,9.81,-1.14
13:37:45.069,624691,11.64,11.59,11.73,11.99,-0.86,9.61,-1.22
13:37:45.172,624794,11.64,11.59,11.73,11.99,-0.71,10.00,-0.98
13:37:45.274,624896,11.65,11.58,11.76,12.05,-0.82,9.92,-0.98
13:37:45.376,624998,11.64,11.58,11.77,12.05,-0.71,9.92,-1.14
13:37:45.479,625101,11.64,11.58,11.77,12.02,-0.82,9.73,-1.10
13:37:45.581,625203,11.66,11.53,11.78,12.04,-0.63,9.92,-1.02
13:37:45.683,625305,11.66,11.53,11.78,12.04,-0.90,10.08,-0.71
13:37:45.785,625407,11.66,11.60,11.76,12.03,-0.78,9.92,-1.06
13:37:45.888,625510,11.64,11.51,11.76,12.10,-0.67,9.85,-1.10
13:37:45.990,625612,11.64,11.51,11.76,12.10,-0.98,9.85,-0.94
13:37:46.092,625714,11.64,11.49,11.78,12.03,-0.94,10.00,-1.06
13:37:46.195,625817,11.64,11.50,11.78,12.03,-0.75,9.85,-1.26
13:37:46.297,625919,11.64,11.50,11.73,12.03,-0.75,9.69,-1.33
13:37:46.399,626021,11.66,11.54,11.73,12.07,-0.78,9.65,-1.14
13:37:46.501,626123,11.66,11.54,11.73,12.07,-0.82,10.16,-0.78
13:37:46.602,626225,11.66,11.53,11.73,18.41,-0.75,10.00,-1.02
13:37:46.705,626327,11.65,11.53,11.76,18.41,-0.71,9.96,-1.06
13:37:46.807,626430,11.65,11.53,11.76,12.04,-0.82,10.00,-1.06
13:37:46.910,626532,11.65,11.53,11.76,12.04,-0.67,9.89,-0.86
13:37:47.010,626633,11.68,11.48,11.76,12.04,-0.63,9.73,-1.10
13:37:47.112,626735,11.68,11.48,11.78,12.01,-1.06,9.85,-1.14
13:37:47.215,626837,11.63,11.49,11.83,12.00,-0.67,9.77,-1.18
13:37:47.317,626940,11.63,11.49,11.83,12.00,-0.90,9.81,-0.82
13:37:47.419,627041,11.61,11.52,11.74,12.00,-0.90,10.28,-0.94
13:37:47.522,627144,11.65,11.56,11.74,12.00,-0.78,9.73,-1.29
13:37:47.624,627246,11.65,11.56,11.74,12.04,-0.86,9.69,-1.29
13:37:47.726,627348,11.65,11.50,11.73,12.00,-0.71,9.96,-1.02
13:37:47.829,627451,11.64,11.50,11.73,12.00,-0.86,10.16,-0.82
13:37:47.931,627553,11.64,11.48,11.76,11.99,-0.67,10.00,-1.18
13:37:48.033,627655,11.66,11.56,11.74,11.99,-0.78,9.81,-1.22
13:37:48.136,627758,11.66,11.56,11.74,12.06,-0.98,9.73,-0.98
13:37:48.238,627860,11.66,11.51,11.74,12.03,-0.94,10.08,-0.94
13:37:48.340,627963,11.67,11.52,11.74,12.03,-0.82,10.08,-0.90
13:37:48.442,628064,11.67,11.52,11.80,12.01,-0.71,9.89,-1.18
13:37:48.545,628167,11.67,11.45,11.76,12.05,-0.59,9.81,-1.26
13:37:48.647,628269,11.67,11.45,11.76,12.05,-0.90,10.08,-0.75
13:37:48.749,628371,11.67,11.48,11.78,12.06,-0.94,10.12,-0.67
13:37:48.852,628474,11.67,11.48,11.75,12.06,-0.86,10.12,-0.82
13:37:48.954,628576,11.67,11.48,11.75,12.07,-0.63,9.89,-1.26
13:37:49.056,628678,11.66,11.41,11.74,12.01,-0.86,9.81,-1.06
13:37:49.159,628781,11.65,11.41,11.74,12.01,-0.71,9.81,-1.10
13:37:49.261,628883,11.65,11.41,11.78,12.05,-0.71,10.28,-1.02
13:37:49.363,628986,11.64,11.54,11.75,12.03,-0.78,9.73,-1.18
13:37:49.466,629088,11.64,11.54,11.75,12.03,-0.55,9.73,-1.29
13:37:49.568,629190,11.65,11.50,11.73,12.01,-0.82,10.04,-0.82
13:37:49.669,629291,11.65,11.50,11.73,12.01,-0.82,10.12,-0.94
13:37:49.771,629393,11.65,11.50,11.77,12.02,-0.71,9.92,-1.14
13:37:49.873,629495,11.67,11.53,11.78,12.01,-0.67,9.77,-1.18
13:37:49.975,629598,11.67,11.53,11.78,12.01,-0.78,9.89,-0.98
13:37:50.078,629700,11.66,11.54,11.77,12.04,-0.75,10.04,-0.71
13:37:50.180,629802,11.66,11.52,11.75,12.04,-0.94,10.24,-0.86
13:37:50.282,629905,11.66,11.52,11.75,12.05,-0.78,9.65,-1.22
13:37:50.385,630007,11.66,11.52,11.75,12.05,-0.55,9.81,-1.22
13:37:50.486,630108,11.66,11.48,11.75,12.05,-0.67,10.00,-0.94
13:37:50.587,630210,11.66,11.48,11.73,12.03,-0.90,10.00,-0.94
13:37:50.690,630312,11.65,11.46,11.79,12.06,-0.67,9.96,-1.10
13:37:50.793,630415,11.65,11.46,11.79,12.06,-0.59,10.04,-1.14
13:37:50.894,630516,11.68,11.45,11.77,12.07,-0.82,9.89,-1.10
13:37:50.997,630619,11.64,11.45,11.80,12.07,-0.75,9.81,-1.18
13:37:51.099,630721,11.64,11.45,11.80,13.41,-0.98,9.85,-1.02
13:37:51.201,630823,11.62,11.52,11.73,12.04,-0.71,9.61,-1.33
13:37:51.304,630926,11.64,11.52,11.73,12.04,-0.63,9.85,-0.98
13:37:51.406,631028,11.64,11.50,11.76,12.01,-0.98,10.08,-0.59
13:37:51.508,631130,11.67,11.46,11.73,12.01,-0.67,10.12,-0.94
13:37:51.611,631233,11.67,11.46,11.73,11.99,-0.63,9.89,-1.22
13:37:51.713,631335,11.64,11.46,11.76,12.02,-0.86,9.89,-1.14
13:37:51.815,631438,11.64,11.47,11.76,12.02,-0.63,9.81,-1.14
13:37:51.917,631539,11.64,11.47,11.78,11.99,-0.75,9.85,-1.02
13:37:52.020,631642,11.65,11.49,11.73,11.99,-0.59,9.92,-0.94
13:37:52.122,631744,11.65,11.49,11.73,11.99,-0.86,10.04,-0.90
13:37:52.224,631846,11.64,11.49,11.77,11.99,-0.75,10.00,-0.86
13:37:52.327,631949,11.66,11.44,11.78,11.99,-0.98,9.65,-1.10
13:37:52.429,632051,11.66,11.44,11.78,12.04,-0.67,9.53,-1.22
13:37:52.531,632153,11.62,11.53,11.77,12.06,-0.86,10.20,-0.59
13:37:52.634,632256,11.65,11.53,11.77,12.06,-0.86,9.89,-0.75
13:37:52.736,632358,11.65,11.44,11.75,12.05,-0.71,9.92,-0.98
13:37:52.838,632460,11.65,11.40,11.76,17.10,-0.78,9.85,-0.86
13:37:52.941,632563,11.65,11.40,11.76,17.10,-0.94,9.92,-0.90
13:37:53.043,632665,11.64,11.42,11.73,24.81,-0.67,10.28,-0.67
13:37:53.143,632766,11.68,11.37,11.73,24.81,-0.78,9.89,-0.75
13:37:53.245,632867,11.68,11.37,11.78,12.07,-0.55,9.61,-1.33
13:37:53.348,632970,11.68,11.44,11.76,23.44,-0.75,10.20,-0.55
13:37:53.450,633072,11.68,11.44,11.76,23.44,-0.63,10.16,-0.86
13:37:53.552,633174,11.67,11.42,11.80,12.04,-0.63,10.04,-0.86
13:37:53.655,633277,11.70,11.36,11.72,12.04,-0.59,9.92,-1.14
13:37:53.757,633379,11.70,11.36,11.72,17.11,-0.94,9.81,-1.10
13:37:53.859,633481,11.70,11.36,11.72,17.11,-0.78,9.81,-1.02
13:37:53.962,633584,11.63,11.36,11.72,17.11,-0.82,9.96,-0.90
13:37:54.064,633686,11.63,11.35,11.78,23.39,-0.71,9.92,-1.10
13:37:54.166,633789,11.67,11.41,11.77,23.44,-0.59,9.77,-1.18
13:37:54.269,633891,11.67,11.41,11.77,23.44,-0.78,10.00,-0.82
13:37:54.372,633994,11.67,11.36,11.76,23.44,-0.71,10.16,-0.75
13:37:54.475,634097,11.67,11.36,11.76,23.44,-0.51,9.89,-1.06
13:37:54.577,634199,11.67,11.36,11.76,23.44,-0.78,9.81,-1.18
13:37:54.679,634301,11.64,11.49,11.73,12.00,-0.59,9.65,-1.18
13:37:54.782,634404,11.67,11.49,11.73,12.00,-0.59,9.92,-0.90
13:37:54.883,634506,11.67,11.48,11.79,11.98,-0.75,10.24,-1.14
13:37:54.986,634608,11.63,11.49,11.80,12.02,-0.71,9.61,-1.02
13:37:55.089,634711,11.63,11.49,11.80,12.02,-0.55,10.12,-0.94
13:37:55.191,634813,11.66,11.44,11.77,12.01,-0.82,10.00,-0.90
13:37:55.293,634915,11.65,11.44,11.77,12.01,-0.78,9.92,-1.02
13:37:55.395,635017,11.65,11.44,11.75,12.01,-0.59,9.77,-1.18
13:37:55.496,635119,11.65,11.44,11.80,12.11,-0.67,9.92,-1.02
13:37:55.600,635221,11.65,11.44,11.80,12.11,-0.63,9.89,-1.06
13:37:55.702,635323,11.64,11.33,11.77,17.03,-0.59,9.73,-1.06
13:37:55.804,635426,11.63,11.30,11.77,17.03,-0.82,10.08,-0.90
13:37:55.905,635527,11.63,11.30,11.77,18.44,-0.63,9.89,-0.98
13:37:56.006,635628,11.67,11.32,11.78,13.53,-0.63,9.77,-1.10
13:37:56.109,635731,11.67,11.32,11.78,13.53,-0.82,10.12,-0.75
13:37:56.211,635833,11.67,11.33,11.76,23.46,-0.75,9.96,-0.82
13:37:56.313,635935,11.65,11.39,11.80,12.06,-0.75,9.85,-1.06
13:37:56.416,636038,11.65,11.39,11.80,12.06,-0.75,9.81,-1.02
13:37:56.518,636140,11.66,11.36,11.76,12.11,-0.63,9.92,-1.02
13:37:56.618,636241,11.65,11.36,11.76,12.11,-0.75,9.85,-0.86
13:37:56.721,636343,11.65,11.36,11.80,12.09,-0.63,9.89,-0.82
13:37:56.823,636445,11.66,11.36,11.81,12.03,-0.67,10.16,-0.59
13:37:56.925,636547,11.66,11.36,11.81,12.03,-0.75,10.08,-0.75
13:37:57.027,636649,11.67,11.27,11.79,12.06,-0.47,9.96,-1.10
13:37:57.130,636752,11.66,11.33,11.77,12.06,-0.67,10.04,-0.94
13:37:57.232,636854,11.66,11.33,11.77,12.04,-0.51,10.04,-0.98
13:37:57.334,636957,11.66,11.33,11.77,12.04,-0.63,9.85,-1.06
13:37:57.436,637058,11.66,11.60,11.77,12.04,-0.55,9.81,-0.94
13:37:57.538,637159,11.66,11.60,11.80,12.04,-0.55,9.89,-0.86
13:37:57.640,637262,11.64,11.37,11.79,11.98,-0.43,10.16,-0.78
13:37:57.742,637364,11.64,11.37,11.79,11.98,-0.90,9.96,-0.90
13:37:57.844,637466,11.68,11.42,11.80,11.99,-0.63,9.77,-1.33
13:37:57.947,637569,11.64,11.35,11.79,11.99,-0.47,9.85,-1.10
13:37:58.049,637671,11.64,11.35,11.79,12.04,-0.86,9.85,-0.94
13:37:58.151,637773,11.61,11.33,11.76,12.03,-0.59,9.92,-0.86
13:37:58.254,637876,11.65,11.33,11.76,12.03,-0.86,9.96,-0.94
13:37:58.356,637978,11.65,11.33,11.77,12.04,-0.67,9.81,-1.10
13:37:58.458,638081,11.65,11.33,11.80,18.34,-0.67,9.77,-1.02
13:37:58.561,638183,11.65,11.33,11.80,18.34,-0.86,9.89,-0.78
13:37:58.662,638285,11.63,11.36,11.78,18.35,-0.75,9.89,-0.90
13:37:58.764,638386,11.67,11.38,11.78,18.35,-0.71,9.89,-0.98
13:37:58.866,638488,11.67,11.38,11.75,12.05,-1.02,9.89,-0.94
13:37:58.968,638590,11.64,11.32,11.76,12.07,-0.71,9.96,-0.78
13:37:59.071,638693,11.64,11.32,11.76,12.07,-0.78,9.85,-0.86
13:37:59.172,638795,11.64,11.28,11.81,18.41,-0.86,9.96,-0.63
13:37:59.275,638897,11.64,11.26,11.79,18.41,-0.98,10.08,-0.63
13:37:59.378,639000,11.64,11.26,11.79,24.75,-0.94,9.92,-0.75
13:37:59.480,639102,11.65,11.23,11.76,18.42,-0.59,9.81,-0.90
13:37:59.582,639203,11.65,11.23,11.76,18.42,-0.67,9.92,-0.71
13:37:59.682,639305,11.65,11.23,11.76,18.42,-0.71,9.96,-0.75
13:37:59.785,639407,11.65,11.30,11.76,12.05,-0.63,10.00,-0.75
13:37:59.888,639509,11.65,11.30,11.76,12.05,-0.59,9.96,-0.78
13:37:59.989,639611,11.65,11.25,11.81,12.02,-0.55,9.85,-0.90
13:38:00.092,639714,11.64,11.35,11.81,12.02,-0.51,9.96,-0.90
13:38:00.194,639816,11.64,11.35,11.78,12.00,-0.59,9.96,-0.67
13:38:00.296,639918,11.65,11.40,11.78,12.00,-0.86,10.16,-0.63
13:38:00.399,640021,11.62,11.40,11.78,12.00,-0.59,9.92,-1.22
13:38:00.501,640123,11.62,11.34,11.79,11.97,-0.63,9.69,-1.22
13:38:00.604,640225,11.63,11.29,11.77,11.97,-0.67,9.81,-0.90
13:38:00.706,640328,11.63,11.29,11.77,11.99,-0.90,10.08,-0.67
13:38:00.808,640430,11.63,11.29,11.77,11.99,-0.71,10.08,-0.67
13:38:00.911,640533,11.67,11.34,11.77,11.99,-0.67,9.85,-0.90
13:38:01.012,640635,11.67,11.34,11.79,12.01,-0.67,9.53,-1.26
13:38:01.115,640737,11.68,11.33,11.76,12.05,-0.59,10.00,-0.98
13:38:01.217,640840,11.68,11.33,11.76,12.05,-0.98,10.08,-0.63
13:38:01.320,640942,11.66,11.34,11.78,12.05,-0.67,9.89,-1.18
13:38:01.422,641044,11.64,11.34,11.78,12.05,-0.55,9.92,-0.94
13:38:01.526,641148,11.64,11.34,11.78,12.04,-0.78,10.12,-0.86
13:38:01.629,641251,11.64,11.34,11.82,12.05,-0.78,9.85,-0.78
13:38:01.731,641353,11.66,11.34,11.82,12.05,-0.55,9.85,-0.98
13:38:01.834,641456,11.66,11.27,11.77,12.06,-0.63,9.92,-0.98
13:38:01.936,641558,11.67,11.24,11.81,12.08,-0.71,9.69,-0.86
13:38:02.039,641661,11.67,11.24,11.81,12.08,-0.78,10.00,-0.71
13:38:02.140,641762,11.68,11.29,11.78,12.07,-0.98,10.00,-0.71
13:38:02.243,641865,11.66,11.24,11.78,12.07,-0.51,10.08,-0.98
13:38:02.345,641967,11.66,11.24,11.79,12.06,-0.75,9.69,-0.94
13:38:02.447,642069,11.66,11.30,11.81,12.05,-0.82,9.92,-0.82
13:38:02.550,642172,11.67,11.30,11.81,12.05,-0.51,10.04,-0.82
13:38:02.652,642274,11.67,11.34,11.81,12.00,-0.59,9.96,-1.02
13:38:02.755,642377,11.66,11.38,11.81,13.39,-0.39,9.85,-0.98
13:38:02.857,642479,11.66,11.38,11.81,13.39,-0.63,10.32,-0.71
13:38:02.959,642581,11.67,11.32,11.80,12.00,-0.55,10.12,-0.75
13:38:03.062,642684,11.67,11.34,11.80,12.00,-0.08,10.00,-1.02
13:38:03.164,642786,11.67,11.34,11.81,12.02,-0.51,9.96,-0.75
13:38:03.266,642888,11.63,11.35,11.79,11.97,-0.59,10.20,-0.67
13:38:03.369,642990,11.63,11.35,11.79,11.97,-0.67,10.12,-0.75
13:38:03.471,643093,11.63,11.34,11.81,12.05,-0.51,9.89,-1.06
13:38:03.573,643195,11.67,11.41,11.79,12.05,-0.63,9.89,-1.10
13:38:03.676,643298,11.67,11.41,11.79,12.03,-0.67,9.81,-1.06
13:38:03.779,643401,11.67,11.34,11.77,12.04,-0.71,10.04,-0.98
13:38:03.882,643504,11.65,11.30,11.77,12.04,-0.86,9.89,-0.98
13:38:03.984,643606,11.65,11.30,11.80,12.02,-0.51,9.92,-1.06
13:38:04.086,643708,11.64,11.32,11.80,12.07,-0.78,10.08,-0.78
13:38:04.188,643810,11.64,11.32,11.80,12.07,-0.67,10.04,-0.78
13:38:04.291,643913,11.64,11.32,11.80,12.07,-0.71,9.73,-0.98
13:38:04.393,644015,11.61,11.26,11.81,12.07,-0.55,9.77,-1.10
13:38:04.495,644117,11.61,11.26,11.81,12.07,-0.78,9.81,-0.98
13:38:04.598,644220,11.65,11.26,11.80,12.07,-0.94,9.89,-0.82
13:38:04.700,644322,11.67,11.26,11.80,12.07,-0.71,9.96,-0.94
13:38:04.802,644424,11.67,11.26,11.81,13.38,-0.63,9.73,-0.98
13:38:04.905,644527,11.68,11.34,11.79,12.10,-0.75,10.04,-0.94
13:38:05.007,644629,11.68,11.34,11.79,12.10,-0.98,9.77,-0.78
13:38:05.109,644731,11.68,11.30,11.81,12.08,-0.47,9.77,-1.06
13:38:05.212,644834,11.69,11.33,11.81,12.08,-0.86,9.92,-0.78
13:38:05.314,644936,11.69,11.33,11.79,12.05,-0.59,9.96,-0.86
13:38:05.416,645038,11.65,11.34,11.84,12.05,-0.59,10.00,-0.98
13:38:05.519,645141,11.65,11.34,11.84,12.05,-0.71,10.04,-0.90
13:38:05.621,645243,11.67,11.32,11.80,12.03,-4.08,12.43,-1.18
13:38:05.721,645344,11.68,11.40,11.87,12.03,-1.69,6.98,-3.49
13:38:05.822,645445,11.68,11.40,11.87,11.83,4.82,5.10,-3.77
13:38:05.924,645546,11.85,11.39,11.92,11.50,6.39,5.41,0.63
13:38:06.027,645649,11.84,11.39,11.92,11.50,7.22,6.12,-1.33
13:38:06.129,645751,11.84,11.25,12.09,11.58,9.81,6.86,-0.82
13:38:06.231,645853,11.95,11.24,12.12,11.41,4.39,11.34,4.94
13:38:06.334,645956,11.95,11.24,12.12,11.41,6.75,5.84,3.73
13:38:06.437,646059,11.94,11.28,12.13,11.49,3.49,8.28,6.00
13:38:06.540,646162,11.93,11.31,12.12,11.49,4.98,9.06,7.45
13:38:06.642,646264,11.93,11.31,12.12,11.48,5.10,7.57,5.84
13:38:06.745,646366,12.02,11.26,14.68,11.58,4.04,7.73,6.35
13:38:06.847,646469,12.28,11.26,14.68,11.58,5.06,6.86,7.18
13:38:06.949,646571,12.28,11.19,12.16,11.55,4.79,7.77,8.08
13:38:07.051,646674,12.32,11.12,12.21,11.57,3.88,8.00,8.63
13:38:07.154,646776,12.32,11.12,12.21,11.57,6.90,7.06,6.67
13:38:07.255,646878,12.23,11.17,22.27,11.43,3.06,7.65,6.67
13:38:07.356,646979,11.84,11.13,22.27,11.43,2.79,8.39,7.61
13:38:07.459,647081,11.84,11.13,12.16,11.56,4.08,6.75,6.16
